bloque,cluster,subtema,encaje,keyword,volumen_api,tramo_mensual,competencia
Aprender SEO,Formación SEO,Cursos y másteres de SEO,atrae a tu cliente,aprender seo,500,100–1.000,alta
Aprender SEO,Formación SEO,Cursos y másteres de SEO,atrae a tu cliente,curso de seo,500,100–1.000,alta
Aprender SEO,Formación SEO,Cursos y másteres de SEO,atrae a tu cliente,curso de seo gratis,500,100–1.000,alta
Aprender SEO,Formación SEO,Cursos y másteres de SEO,atrae a tu cliente,curso gratis seo,500,100–1.000,alta
Aprender SEO,Formación SEO,Cursos y másteres de SEO,atrae a tu cliente,curso sem y seo,500,100–1.000,
Aprender SEO,Formación SEO,Cursos y másteres de SEO,atrae a tu cliente,curso seo,500,100–1.000,
Aprender SEO,Formación SEO,Cursos y másteres de SEO,atrae a tu cliente,curso seo gratis,500,100–1.000,alta
Aprender SEO,Formación SEO,Cursos y másteres de SEO,atrae a tu cliente,curso seo local,500,100–1.000,alta
Aprender SEO,Formación SEO,Cursos y másteres de SEO,atrae a tu cliente,curso seo sem,500,100–1.000,
Aprender SEO,Formación SEO,Cursos y másteres de SEO,atrae a tu cliente,curso seo y sem,500,100–1.000,
Aprender SEO,Formación SEO,Cursos y másteres de SEO,atrae a tu cliente,cursoseo,500,100–1.000,
Aprender SEO,Formación SEO,Cursos y másteres de SEO,atrae a tu cliente,formacion en seo,500,100–1.000,
Aprender SEO,Formación SEO,Cursos y másteres de SEO,atrae a tu cliente,formacion seo,500,100–1.000,
Aprender SEO,Formación SEO,Cursos y másteres de SEO,atrae a tu cliente,master seo,500,100–1.000,alta
Aprender SEO,Formación SEO,Cursos y másteres de SEO,atrae a tu cliente,seo curso,500,100–1.000,
Aprender SEO,Formación SEO,Cursos y másteres de SEO,atrae a tu cliente,seo curso gratis,500,100–1.000,alta
Aprender SEO,Formación SEO,Cursos y másteres de SEO,atrae a tu cliente,seo y sem curso,500,100–1.000,
Aprender SEO,Formación SEO,Cursos y másteres de SEO,atrae a tu cliente,aprender posicionamiento seo,50,10–100,
Aprender SEO,Formación SEO,Cursos y másteres de SEO,atrae a tu cliente,aprender posicionamiento web,50,10–100,baja
Aprender SEO,Formación SEO,Cursos y másteres de SEO,atrae a tu cliente,aprender seo con google,50,10–100,baja
Aprender SEO,Formación SEO,Cursos y másteres de SEO,atrae a tu cliente,aprender seo desde cero,50,10–100,
Aprender SEO,Formación SEO,Cursos y másteres de SEO,atrae a tu cliente,aprender seo desde cero gratis,50,10–100,
Aprender SEO,Formación SEO,Cursos y másteres de SEO,atrae a tu cliente,aprender seo gratis,50,10–100,
Aprender SEO,Formación SEO,Cursos y másteres de SEO,atrae a tu cliente,aprender seo online,50,10–100,baja
Aprender SEO,Formación SEO,Cursos y másteres de SEO,atrae a tu cliente,aprender seo y sem,50,10–100,baja
Aprender SEO,Formación SEO,Cursos y másteres de SEO,atrae a tu cliente,aprender sobre seo,50,10–100,baja
Aprender SEO,Formación SEO,Cursos y másteres de SEO,atrae a tu cliente,big seo master,50,10–100,alta
Aprender SEO,Formación SEO,Cursos y másteres de SEO,atrae a tu cliente,bootcamp growth hacking,50,10–100,baja
Aprender SEO,Formación SEO,Cursos y másteres de SEO,atrae a tu cliente,capacitacion seo,50,10–100,baja
Aprender SEO,Formación SEO,Cursos y másteres de SEO,atrae a tu cliente,certificación seo google,50,10–100,
Aprender SEO,Formación SEO,Cursos y másteres de SEO,atrae a tu cliente,clases de seo,50,10–100,
Aprender SEO,Formación SEO,Cursos y másteres de SEO,atrae a tu cliente,curso ahrefs,50,10–100,media
Aprender SEO,Formación SEO,Cursos y másteres de SEO,atrae a tu cliente,curso analista seo,50,10–100,baja
Aprender SEO,Formación SEO,Cursos y másteres de SEO,atrae a tu cliente,curso basico de seo,50,10–100,baja
Aprender SEO,Formación SEO,Cursos y másteres de SEO,atrae a tu cliente,curso black hat seo,50,10–100,media
Aprender SEO,Formación SEO,Cursos y másteres de SEO,atrae a tu cliente,curso blackhat,50,10–100,baja
Aprender SEO,Formación SEO,Cursos y másteres de SEO,atrae a tu cliente,curso completo de seo,50,10–100,baja
Aprender SEO,Formación SEO,Cursos y másteres de SEO,atrae a tu cliente,curso completo seo,50,10–100,baja
Aprender SEO,Formación SEO,Cursos y másteres de SEO,atrae a tu cliente,curso consultor seo,50,10–100,
Aprender SEO,Formación SEO,Cursos y másteres de SEO,atrae a tu cliente,curso de google search console,50,10–100,
Aprender SEO,Formación SEO,Cursos y másteres de SEO,atrae a tu cliente,curso de link building,50,10–100,baja
Aprender SEO,Formación SEO,Cursos y másteres de SEO,atrae a tu cliente,curso de marketing digital seo,50,10–100,
Aprender SEO,Formación SEO,Cursos y másteres de SEO,atrae a tu cliente,curso de posicionamiento,50,10–100,
Aprender SEO,Formación SEO,Cursos y másteres de SEO,atrae a tu cliente,curso de posicionamiento seo,50,10–100,
Aprender SEO,Formación SEO,Cursos y másteres de SEO,atrae a tu cliente,curso de posicionamiento seo gratis,50,10–100,baja
Aprender SEO,Formación SEO,Cursos y másteres de SEO,atrae a tu cliente,curso de posicionamiento seo y sem,50,10–100,baja
Aprender SEO,Formación SEO,Cursos y másteres de SEO,atrae a tu cliente,curso de posicionamiento web,50,10–100,
Aprender SEO,Formación SEO,Cursos y másteres de SEO,atrae a tu cliente,curso de posicionamiento web gratis,50,10–100,
Aprender SEO,Formación SEO,Cursos y másteres de SEO,atrae a tu cliente,curso de redaccion seo,50,10–100,
Aprender SEO,Formación SEO,Cursos y másteres de SEO,atrae a tu cliente,curso de redacción seo gratis,50,10–100,baja
Aprender SEO,Formación SEO,Cursos y másteres de SEO,atrae a tu cliente,curso de screaming frog,50,10–100,media
Aprender SEO,Formación SEO,Cursos y másteres de SEO,atrae a tu cliente,curso de sem,50,10–100,
Aprender SEO,Formación SEO,Cursos y másteres de SEO,atrae a tu cliente,curso de semrush,50,10–100,media
Aprender SEO,Formación SEO,Cursos y másteres de SEO,atrae a tu cliente,curso de seo avanzado,50,10–100,alta
Aprender SEO,Formación SEO,Cursos y másteres de SEO,atrae a tu cliente,curso de seo con certificado,50,10–100,
Aprender SEO,Formación SEO,Cursos y másteres de SEO,atrae a tu cliente,curso de seo google,50,10–100,
Aprender SEO,Formación SEO,Cursos y másteres de SEO,atrae a tu cliente,curso de seo google gratis,50,10–100,alta
Aprender SEO,Formación SEO,Cursos y másteres de SEO,atrae a tu cliente,curso de seo gratis con certificado,50,10–100,
Aprender SEO,Formación SEO,Cursos y másteres de SEO,atrae a tu cliente,curso de seo gratis google,50,10–100,baja
Aprender SEO,Formación SEO,Cursos y másteres de SEO,atrae a tu cliente,curso de seo gratis pdf,50,10–100,baja
Aprender SEO,Formación SEO,Cursos y másteres de SEO,atrae a tu cliente,curso de seo local,50,10–100,alta
Aprender SEO,Formación SEO,Cursos y másteres de SEO,atrae a tu cliente,curso de seo online,50,10–100,alta
Aprender SEO,Formación SEO,Cursos y másteres de SEO,atrae a tu cliente,curso de seo online gratis,50,10–100,baja
Aprender SEO,Formación SEO,Cursos y másteres de SEO,atrae a tu cliente,curso de seo online gratis con certificado,50,10–100,alta
Aprender SEO,Formación SEO,Cursos y másteres de SEO,atrae a tu cliente,curso de seo para ecommerce,50,10–100,baja
Aprender SEO,Formación SEO,Cursos y másteres de SEO,atrae a tu cliente,curso de seo para wordpress,50,10–100,baja
Aprender SEO,Formación SEO,Cursos y másteres de SEO,atrae a tu cliente,curso de seo profesional,50,10–100,baja
Aprender SEO,Formación SEO,Cursos y másteres de SEO,atrae a tu cliente,curso de seo sem,50,10–100,
Aprender SEO,Formación SEO,Cursos y másteres de SEO,atrae a tu cliente,curso de seo y posicionamiento en google,50,10–100,
Aprender SEO,Formación SEO,Cursos y másteres de SEO,atrae a tu cliente,curso de seo y posicionamiento en google gratis,50,10–100,
Aprender SEO,Formación SEO,Cursos y másteres de SEO,atrae a tu cliente,curso de seo y sem,50,10–100,
Aprender SEO,Formación SEO,Cursos y másteres de SEO,atrae a tu cliente,curso de seo y sem gratis,50,10–100,
Aprender SEO,Formación SEO,Cursos y másteres de SEO,atrae a tu cliente,curso de yoast seo,50,10–100,baja
Aprender SEO,Formación SEO,Cursos y másteres de SEO,atrae a tu cliente,curso dean romero,50,10–100,baja
Aprender SEO,Formación SEO,Cursos y másteres de SEO,atrae a tu cliente,curso especialista seo,50,10–100,baja
Aprender SEO,Formación SEO,Cursos y másteres de SEO,atrae a tu cliente,curso experto en seo,50,10–100,
Aprender SEO,Formación SEO,Cursos y másteres de SEO,atrae a tu cliente,curso google search,50,10–100,baja
Aprender SEO,Formación SEO,Cursos y másteres de SEO,atrae a tu cliente,curso google search console,50,10–100,alta
Aprender SEO,Formación SEO,Cursos y másteres de SEO,atrae a tu cliente,curso gratis posicionamiento seo,50,10–100,alta
Aprender SEO,Formación SEO,Cursos y másteres de SEO,atrae a tu cliente,curso gratis seo online,50,10–100,baja
Aprender SEO,Formación SEO,Cursos y másteres de SEO,atrae a tu cliente,curso intensivo de posicionamiento web,50,10–100,baja
Aprender SEO,Formación SEO,Cursos y másteres de SEO,atrae a tu cliente,curso intensivo de seo,50,10–100,baja
Aprender SEO,Formación SEO,Cursos y másteres de SEO,atrae a tu cliente,curso intensivo posicionamiento web,50,10–100,baja
Aprender SEO,Formación SEO,Cursos y másteres de SEO,atrae a tu cliente,curso intensivo seo,50,10–100,
Aprender SEO,Formación SEO,Cursos y másteres de SEO,atrae a tu cliente,curso link building,50,10–100,media
Aprender SEO,Formación SEO,Cursos y másteres de SEO,atrae a tu cliente,curso online de posicionamiento web,50,10–100,baja
Aprender SEO,Formación SEO,Cursos y másteres de SEO,atrae a tu cliente,curso online de seo y sem,50,10–100,baja
Aprender SEO,Formación SEO,Cursos y másteres de SEO,atrae a tu cliente,curso online seo sem,50,10–100,baja
Aprender SEO,Formación SEO,Cursos y másteres de SEO,atrae a tu cliente,curso online seo y sem,50,10–100,
Aprender SEO,Formación SEO,Cursos y másteres de SEO,atrae a tu cliente,curso palabras clave,50,10–100,baja
Aprender SEO,Formación SEO,Cursos y másteres de SEO,atrae a tu cliente,curso posicionamiento,50,10–100,
Aprender SEO,Formación SEO,Cursos y másteres de SEO,atrae a tu cliente,curso posicionamiento en buscadores,50,10–100,
Aprender SEO,Formación SEO,Cursos y másteres de SEO,atrae a tu cliente,curso posicionamiento google,50,10–100,alta
Aprender SEO,Formación SEO,Cursos y másteres de SEO,atrae a tu cliente,curso posicionamiento seo,50,10–100,
Aprender SEO,Formación SEO,Cursos y másteres de SEO,atrae a tu cliente,curso posicionamiento seo y sem,50,10–100,
Aprender SEO,Formación SEO,Cursos y másteres de SEO,atrae a tu cliente,curso posicionamiento web,50,10–100,
Aprender SEO,Formación SEO,Cursos y másteres de SEO,atrae a tu cliente,curso posicionamiento web gratis,50,10–100,baja
Aprender SEO,Formación SEO,Cursos y másteres de SEO,atrae a tu cliente,curso posicionamiento web online,50,10–100,
Aprender SEO,Formación SEO,Cursos y másteres de SEO,atrae a tu cliente,curso redaccion seo,50,10–100,
Aprender SEO,Formación SEO,Cursos y másteres de SEO,atrae a tu cliente,curso screaming frog,50,10–100,alta
Aprender SEO,Formación SEO,Cursos y másteres de SEO,atrae a tu cliente,curso search console,50,10–100,media
Aprender SEO,Formación SEO,Cursos y másteres de SEO,atrae a tu cliente,curso sem,50,10–100,alta
Aprender SEO,Formación SEO,Cursos y másteres de SEO,atrae a tu cliente,curso sem online,50,10–100,baja
Aprender SEO,Formación SEO,Cursos y másteres de SEO,atrae a tu cliente,curso sem seo,50,10–100,
Aprender SEO,Formación SEO,Cursos y másteres de SEO,atrae a tu cliente,curso semrush,50,10–100,media
Aprender SEO,Formación SEO,Cursos y másteres de SEO,atrae a tu cliente,curso semrush gratis,50,10–100,baja
Aprender SEO,Formación SEO,Cursos y másteres de SEO,atrae a tu cliente,curso seo avanzado,50,10–100,alta
Aprender SEO,Formación SEO,Cursos y másteres de SEO,atrae a tu cliente,curso seo avanzado gratis,50,10–100,baja
Aprender SEO,Formación SEO,Cursos y másteres de SEO,atrae a tu cliente,curso seo basico,50,10–100,media
Aprender SEO,Formación SEO,Cursos y másteres de SEO,atrae a tu cliente,curso seo certificado,50,10–100,baja
Aprender SEO,Formación SEO,Cursos y másteres de SEO,atrae a tu cliente,curso seo completo,50,10–100,baja
Aprender SEO,Formación SEO,Cursos y másteres de SEO,atrae a tu cliente,curso seo copywriting,50,10–100,baja
Aprender SEO,Formación SEO,Cursos y másteres de SEO,atrae a tu cliente,curso seo de google,50,10–100,baja
Aprender SEO,Formación SEO,Cursos y másteres de SEO,atrae a tu cliente,curso seo ecommerce,50,10–100,
Aprender SEO,Formación SEO,Cursos y másteres de SEO,atrae a tu cliente,curso seo fundacion uned,50,10–100,baja
Aprender SEO,Formación SEO,Cursos y másteres de SEO,atrae a tu cliente,curso seo google,50,10–100,alta
Aprender SEO,Formación SEO,Cursos y másteres de SEO,atrae a tu cliente,curso seo google actívate,50,10–100,baja
Aprender SEO,Formación SEO,Cursos y másteres de SEO,atrae a tu cliente,curso seo google gratis,50,10–100,alta
Aprender SEO,Formación SEO,Cursos y másteres de SEO,atrae a tu cliente,curso seo gratis certificado,50,10–100,baja
Aprender SEO,Formación SEO,Cursos y másteres de SEO,atrae a tu cliente,curso seo gratis google,50,10–100,media
Aprender SEO,Formación SEO,Cursos y másteres de SEO,atrae a tu cliente,curso seo gratis pdf,50,10–100,baja
Aprender SEO,Formación SEO,Cursos y másteres de SEO,atrae a tu cliente,curso seo luis villanueva,50,10–100,media
Aprender SEO,Formación SEO,Cursos y másteres de SEO,atrae a tu cliente,curso seo manager,50,10–100,baja
Aprender SEO,Formación SEO,Cursos y másteres de SEO,atrae a tu cliente,curso seo marketing digital,50,10–100,baja
Aprender SEO,Formación SEO,Cursos y másteres de SEO,atrae a tu cliente,curso seo on page,50,10–100,baja
Aprender SEO,Formación SEO,Cursos y másteres de SEO,atrae a tu cliente,curso seo online,50,10–100,
Aprender SEO,Formación SEO,Cursos y másteres de SEO,atrae a tu cliente,curso seo online gratis,50,10–100,alta
Aprender SEO,Formación SEO,Cursos y másteres de SEO,atrae a tu cliente,curso seo para ecommerce,50,10–100,baja
Aprender SEO,Formación SEO,Cursos y másteres de SEO,atrae a tu cliente,curso seo para principiantes,50,10–100,
Aprender SEO,Formación SEO,Cursos y másteres de SEO,atrae a tu cliente,curso seo para wordpress,50,10–100,
Aprender SEO,Formación SEO,Cursos y másteres de SEO,atrae a tu cliente,curso seo prestashop,50,10–100,baja
Aprender SEO,Formación SEO,Cursos y másteres de SEO,atrae a tu cliente,curso seo profesional,50,10–100,media
Aprender SEO,Formación SEO,Cursos y másteres de SEO,atrae a tu cliente,curso seo que es,50,10–100,media
Aprender SEO,Formación SEO,Cursos y másteres de SEO,atrae a tu cliente,curso seo sem analytics,50,10–100,baja
Aprender SEO,Formación SEO,Cursos y másteres de SEO,atrae a tu cliente,curso seo sem google,50,10–100,baja
Aprender SEO,Formación SEO,Cursos y másteres de SEO,atrae a tu cliente,curso seo sem google analytics,50,10–100,
Aprender SEO,Formación SEO,Cursos y másteres de SEO,atrae a tu cliente,curso seo semrush,50,10–100,
Aprender SEO,Formación SEO,Cursos y másteres de SEO,atrae a tu cliente,curso seo tecnico,50,10–100,
Aprender SEO,Formación SEO,Cursos y másteres de SEO,atrae a tu cliente,curso seo técnico,50,10–100,alta
Aprender SEO,Formación SEO,Cursos y másteres de SEO,atrae a tu cliente,curso seo udemy,50,10–100,
Aprender SEO,Formación SEO,Cursos y másteres de SEO,atrae a tu cliente,curso seo uned,50,10–100,baja
Aprender SEO,Formación SEO,Cursos y másteres de SEO,atrae a tu cliente,curso seo web,50,10–100,baja
Aprender SEO,Formación SEO,Cursos y másteres de SEO,atrae a tu cliente,curso seo wordpress,50,10–100,media
Aprender SEO,Formación SEO,Cursos y másteres de SEO,atrae a tu cliente,curso seo y posicionamiento web,50,10–100,baja
Aprender SEO,Formación SEO,Cursos y másteres de SEO,atrae a tu cliente,curso seo y sem google,50,10–100,
Aprender SEO,Formación SEO,Cursos y másteres de SEO,atrae a tu cliente,curso seo y sem gratis,50,10–100,
Aprender SEO,Formación SEO,Cursos y másteres de SEO,atrae a tu cliente,curso seo y sem online,50,10–100,
Aprender SEO,Formación SEO,Cursos y másteres de SEO,atrae a tu cliente,curso seo y sem online gratis,50,10–100,
Aprender SEO,Formación SEO,Cursos y másteres de SEO,atrae a tu cliente,curso sobre seo,50,10–100,baja
Aprender SEO,Formación SEO,Cursos y másteres de SEO,atrae a tu cliente,curso wordpress seo,50,10–100,baja
Aprender SEO,Formación SEO,Cursos y másteres de SEO,atrae a tu cliente,curso yoast seo,50,10–100,baja
Aprender SEO,Formación SEO,Cursos y másteres de SEO,atrae a tu cliente,cursos de seo,50,10–100,
Aprender SEO,Formación SEO,Cursos y másteres de SEO,atrae a tu cliente,cursos de seo google,50,10–100,media
Aprender SEO,Formación SEO,Cursos y másteres de SEO,atrae a tu cliente,cursos de seo gratis,50,10–100,alta
Aprender SEO,Formación SEO,Cursos y másteres de SEO,atrae a tu cliente,cursos de seo online,50,10–100,
Aprender SEO,Formación SEO,Cursos y másteres de SEO,atrae a tu cliente,cursos de seo online gratis,50,10–100,baja
Aprender SEO,Formación SEO,Cursos y másteres de SEO,atrae a tu cliente,cursos de seo y sem,50,10–100,
Aprender SEO,Formación SEO,Cursos y másteres de SEO,atrae a tu cliente,cursos de seo y sem gratis,50,10–100,
Aprender SEO,Formación SEO,Cursos y másteres de SEO,atrae a tu cliente,cursos gratuitos seo y sem,50,10–100,baja
Aprender SEO,Formación SEO,Cursos y másteres de SEO,atrae a tu cliente,cursos seo gratis online,50,10–100,alta
Aprender SEO,Formación SEO,Cursos y másteres de SEO,atrae a tu cliente,el mejor curso de seo,50,10–100,baja
Aprender SEO,Formación SEO,Cursos y másteres de SEO,atrae a tu cliente,estudiar seo,50,10–100,
Aprender SEO,Formación SEO,Cursos y másteres de SEO,atrae a tu cliente,estudiar seo online,50,10–100,
Aprender SEO,Formación SEO,Cursos y másteres de SEO,atrae a tu cliente,estudiar seo y sem,50,10–100,
Aprender SEO,Formación SEO,Cursos y másteres de SEO,atrae a tu cliente,experto en seo curso,50,10–100,
Aprender SEO,Formación SEO,Cursos y másteres de SEO,atrae a tu cliente,formacion de seo,50,10–100,
Aprender SEO,Formación SEO,Cursos y másteres de SEO,atrae a tu cliente,formacion seo gratis,50,10–100,baja
Aprender SEO,Formación SEO,Cursos y másteres de SEO,atrae a tu cliente,formacion seo sem,50,10–100,baja
Aprender SEO,Formación SEO,Cursos y másteres de SEO,atrae a tu cliente,google curso seo,50,10–100,media
Aprender SEO,Formación SEO,Cursos y másteres de SEO,atrae a tu cliente,google search console curso,50,10–100,alta
Aprender SEO,Formación SEO,Cursos y másteres de SEO,atrae a tu cliente,google seo curso,50,10–100,alta
Aprender SEO,Formación SEO,Cursos y másteres de SEO,atrae a tu cliente,guia seo para principiantes,50,10–100,media
Aprender SEO,Formación SEO,Cursos y másteres de SEO,atrae a tu cliente,guía de optimización en buscadores seo para principiantes,50,10–100,media
Aprender SEO,Formación SEO,Cursos y másteres de SEO,atrae a tu cliente,guía para principiantes sobre optimización para motores de búsqueda,50,10–100,baja
Aprender SEO,Formación SEO,Cursos y másteres de SEO,atrae a tu cliente,libro de seo,50,10–100,media
Aprender SEO,Formación SEO,Cursos y másteres de SEO,atrae a tu cliente,libro posicionamiento seo,50,10–100,baja
Aprender SEO,Formación SEO,Cursos y másteres de SEO,atrae a tu cliente,libro seo,50,10–100,
Aprender SEO,Formación SEO,Cursos y másteres de SEO,atrae a tu cliente,libro seo avanzado,50,10–100,
Aprender SEO,Formación SEO,Cursos y másteres de SEO,atrae a tu cliente,libro seo pdf,50,10–100,media
Aprender SEO,Formación SEO,Cursos y másteres de SEO,atrae a tu cliente,libro seo posicionamiento en buscadores,50,10–100,baja
Aprender SEO,Formación SEO,Cursos y másteres de SEO,atrae a tu cliente,libro sobre seo,50,10–100,baja
Aprender SEO,Formación SEO,Cursos y másteres de SEO,atrae a tu cliente,libros de la seo,50,10–100,baja
Aprender SEO,Formación SEO,Cursos y másteres de SEO,atrae a tu cliente,libros de seo pdf,50,10–100,baja
Aprender SEO,Formación SEO,Cursos y másteres de SEO,atrae a tu cliente,libros seo,50,10–100,media
Aprender SEO,Formación SEO,Cursos y másteres de SEO,atrae a tu cliente,libros seo pdf,50,10–100,baja
Aprender SEO,Formación SEO,Cursos y másteres de SEO,atrae a tu cliente,los mejores cursos de seo,50,10–100,baja
Aprender SEO,Formación SEO,Cursos y másteres de SEO,atrae a tu cliente,los mejores libros de seo,50,10–100,baja
Aprender SEO,Formación SEO,Cursos y másteres de SEO,atrae a tu cliente,luis villanueva curso seo,50,10–100,baja
Aprender SEO,Formación SEO,Cursos y másteres de SEO,atrae a tu cliente,master big seo,50,10–100,media
Aprender SEO,Formación SEO,Cursos y másteres de SEO,atrae a tu cliente,master de seo,50,10–100,alta
Aprender SEO,Formación SEO,Cursos y másteres de SEO,atrae a tu cliente,master en posicionamiento seo,50,10–100,baja
Aprender SEO,Formación SEO,Cursos y másteres de SEO,atrae a tu cliente,master en seo,50,10–100,
Aprender SEO,Formación SEO,Cursos y másteres de SEO,atrae a tu cliente,master en seo y posicionamiento web en buscadores,50,10–100,baja
Aprender SEO,Formación SEO,Cursos y másteres de SEO,atrae a tu cliente,master en seo y sem,50,10–100,
Aprender SEO,Formación SEO,Cursos y másteres de SEO,atrae a tu cliente,master en seo y sem online,50,10–100,baja
Aprender SEO,Formación SEO,Cursos y másteres de SEO,atrae a tu cliente,master marketing digital bigseo,50,10–100,
Aprender SEO,Formación SEO,Cursos y másteres de SEO,atrae a tu cliente,master seo avanzado,50,10–100,alta
Aprender SEO,Formación SEO,Cursos y másteres de SEO,atrae a tu cliente,master seo big seo,50,10–100,alta
Aprender SEO,Formación SEO,Cursos y másteres de SEO,atrae a tu cliente,master seo online,50,10–100,alta
Aprender SEO,Formación SEO,Cursos y másteres de SEO,atrae a tu cliente,master seo sem,50,10–100,alta
Aprender SEO,Formación SEO,Cursos y másteres de SEO,atrae a tu cliente,master seo sem online,50,10–100,baja
Aprender SEO,Formación SEO,Cursos y másteres de SEO,atrae a tu cliente,master seo tecnico,50,10–100,
Aprender SEO,Formación SEO,Cursos y másteres de SEO,atrae a tu cliente,master seo y sem,50,10–100,
Aprender SEO,Formación SEO,Cursos y másteres de SEO,atrae a tu cliente,mejor curso de seo,50,10–100,media
Aprender SEO,Formación SEO,Cursos y másteres de SEO,atrae a tu cliente,mejor libro de seo,50,10–100,
Aprender SEO,Formación SEO,Cursos y másteres de SEO,atrae a tu cliente,mejor libro seo,50,10–100,baja
Aprender SEO,Formación SEO,Cursos y másteres de SEO,atrae a tu cliente,mejores cursos de seo,50,10–100,media
Aprender SEO,Formación SEO,Cursos y másteres de SEO,atrae a tu cliente,mejores cursos seo,50,10–100,media
Aprender SEO,Formación SEO,Cursos y másteres de SEO,atrae a tu cliente,mejores libros sobre seo,50,10–100,baja
Aprender SEO,Formación SEO,Cursos y másteres de SEO,atrae a tu cliente,mejores master seo,50,10–100,media
Aprender SEO,Formación SEO,Cursos y másteres de SEO,atrae a tu cliente,posgrado en seo,50,10–100,baja
Aprender SEO,Formación SEO,Cursos y másteres de SEO,atrae a tu cliente,posgrado seo,50,10–100,baja
Aprender SEO,Formación SEO,Cursos y másteres de SEO,atrae a tu cliente,posicionamiento seo curso gratis,50,10–100,baja
Aprender SEO,Formación SEO,Cursos y másteres de SEO,atrae a tu cliente,que estudiar para ser seo,50,10–100,
Aprender SEO,Formación SEO,Cursos y másteres de SEO,atrae a tu cliente,quiero aprender seo,50,10–100,baja
Aprender SEO,Formación SEO,Cursos y másteres de SEO,atrae a tu cliente,redaccion seo curso,50,10–100,baja
Aprender SEO,Formación SEO,Cursos y másteres de SEO,atrae a tu cliente,redacción seo curso,50,10–100,baja
Aprender SEO,Formación SEO,Cursos y másteres de SEO,atrae a tu cliente,semrush cursos,50,10–100,alta
Aprender SEO,Formación SEO,Cursos y másteres de SEO,atrae a tu cliente,semrush cursos gratis,50,10–100,media
Aprender SEO,Formación SEO,Cursos y másteres de SEO,atrae a tu cliente,seo aprender,50,10–100,
Aprender SEO,Formación SEO,Cursos y másteres de SEO,atrae a tu cliente,seo avanzado libro,50,10–100,baja
Aprender SEO,Formación SEO,Cursos y másteres de SEO,atrae a tu cliente,seo como aprender,50,10–100,
Aprender SEO,Formación SEO,Cursos y másteres de SEO,atrae a tu cliente,seo curso google,50,10–100,baja
Aprender SEO,Formación SEO,Cursos y másteres de SEO,atrae a tu cliente,seo curso online,50,10–100,baja
Aprender SEO,Formación SEO,Cursos y másteres de SEO,atrae a tu cliente,seo desde cero,50,10–100,media
Aprender SEO,Formación SEO,Cursos y másteres de SEO,atrae a tu cliente,seo desde cero posiciona en google,50,10–100,baja
Aprender SEO,Formación SEO,Cursos y másteres de SEO,atrae a tu cliente,seo libro,50,10–100,media
Aprender SEO,Formación SEO,Cursos y másteres de SEO,atrae a tu cliente,seo libro pdf,50,10–100,baja
Aprender SEO,Formación SEO,Cursos y másteres de SEO,atrae a tu cliente,seo local curso,50,10–100,
Aprender SEO,Formación SEO,Cursos y másteres de SEO,atrae a tu cliente,seo master,50,10–100,
Aprender SEO,Formación SEO,Cursos y másteres de SEO,atrae a tu cliente,seo para novatos,50,10–100,baja
Aprender SEO,Formación SEO,Cursos y másteres de SEO,atrae a tu cliente,seo para principiantes,50,10–100,media
Aprender SEO,Formación SEO,Cursos y másteres de SEO,atrae a tu cliente,seo para principiantes pdf,50,10–100,baja
Aprender SEO,Formación SEO,Cursos y másteres de SEO,atrae a tu cliente,seo para tontos,50,10–100,baja
Aprender SEO,Formación SEO,Cursos y másteres de SEO,atrae a tu cliente,seo para torpes,50,10–100,baja
Aprender SEO,Formación SEO,Cursos y másteres de SEO,atrae a tu cliente,seo sem curso,50,10–100,alta
Aprender SEO,Formación SEO,Cursos y másteres de SEO,atrae a tu cliente,seo web master,50,10–100,baja
Aprender SEO,Formación SEO,Cursos y másteres de SEO,atrae a tu cliente,tutorial semrush,50,10–100,media
Aprender SEO,Formación SEO,Cursos y másteres de SEO,atrae a tu cliente,udemy curso seo,50,10–100,media
Aprender SEO,Formación SEO,Cursos y másteres de SEO,atrae a tu cliente,yoast seo woocommerce tutorial,50,10–100,baja
Aprender SEO,Formación SEO,Cursos y másteres de SEO,atrae a tu cliente,yoast training,50,10–100,baja
Aprender SEO,Profesión SEO,Qué hace un SEO,atrae a tu cliente,por que hacer seo,50,10–100,baja
Aprender SEO,Profesión SEO,Qué hace un SEO,atrae a tu cliente,porque hacer seo,50,10–100,baja
Aprender SEO,Profesión SEO,Qué hace un SEO,atrae a tu cliente,posicionamiento seo profesional,50,10–100,
Aprender SEO,Profesión SEO,Qué hace un SEO,atrae a tu cliente,posicionamiento web profesional,50,10–100,baja
Aprender SEO,Profesión SEO,Qué hace un SEO,atrae a tu cliente,profesional seo,50,10–100,media
Aprender SEO,Profesión SEO,Qué hace un SEO,atrae a tu cliente,profesionales posicionamiento web,50,10–100,baja
Aprender SEO,Profesión SEO,Qué hace un SEO,atrae a tu cliente,profesionales seo,50,10–100,media
Aprender SEO,Profesión SEO,Qué hace un SEO,atrae a tu cliente,que es redactor seo,50,10–100,media
Aprender SEO,Profesión SEO,Qué hace un SEO,atrae a tu cliente,que es seo manager,50,10–100,media
Aprender SEO,Profesión SEO,Qué hace un SEO,atrae a tu cliente,que es un redactor seo,50,10–100,baja
Aprender SEO,Profesión SEO,Qué hace un SEO,atrae a tu cliente,que es un seo manager,50,10–100,media
Aprender SEO,Profesión SEO,Qué hace un SEO,atrae a tu cliente,que hace el seo,50,10–100,baja
Aprender SEO,Profesión SEO,Qué hace un SEO,atrae a tu cliente,que hace un redactor seo,50,10–100,baja
Aprender SEO,Profesión SEO,Qué hace un SEO,atrae a tu cliente,que hace un seo,50,10–100,media
Aprender SEO,Profesión SEO,Qué hace un SEO,atrae a tu cliente,que hace un seo manager,50,10–100,baja
Aprender SEO,Profesión SEO,Qué hace un SEO,atrae a tu cliente,que hace un seo specialist,50,10–100,baja
Aprender SEO,Profesión SEO,Qué hace un SEO,atrae a tu cliente,redactor seo que es,50,10–100,baja
Aprender SEO,Profesión SEO,Qué hace un SEO,atrae a tu cliente,seo manager que es,50,10–100,media
Aprender SEO,Profesión SEO,Qué hace un SEO,atrae a tu cliente,seo que hace,50,10–100,media
Aprender SEO,Profesión SEO,Qué hace un SEO,atrae a tu cliente,seo specialist que es,50,10–100,media
Aprender SEO,Profesión SEO,Qué hace un SEO,atrae a tu cliente,web profesional optimizada seo,50,10–100,media
Aprender SEO,Qué es el SEO,Qué es el SEO y conceptos,atrae a tu cliente,que es el seo,5000,1.000–10.000,media
Aprender SEO,Qué es el SEO,Qué es el SEO y conceptos,atrae a tu cliente,que es seo,5000,1.000–10.000,media
Aprender SEO,Qué es el SEO,Qué es el SEO y conceptos,atrae a tu cliente,que es un seo,5000,1.000–10.000,media
Aprender SEO,Qué es el SEO,Qué es el SEO y conceptos,atrae a tu cliente,quien es el seo,5000,1.000–10.000,media
Aprender SEO,Qué es el SEO,Qué es el SEO y conceptos,atrae a tu cliente,seo q es,5000,1.000–10.000,media
Aprender SEO,Qué es el SEO,Qué es el SEO y conceptos,atrae a tu cliente,seo que e,5000,1.000–10.000,media
Aprender SEO,Qué es el SEO,Qué es el SEO y conceptos,atrae a tu cliente,seo que es,5000,1.000–10.000,media
Aprender SEO,Qué es el SEO,Qué es el SEO y conceptos,atrae a tu cliente,seos que es,5000,1.000–10.000,media
Aprender SEO,Qué es el SEO,Qué es el SEO y conceptos,atrae a tu cliente,el mejor seo del mundo,500,100–1.000,media
Aprender SEO,Qué es el SEO,Qué es el SEO y conceptos,atrae a tu cliente,mejor seo del mundo,500,100–1.000,media
Aprender SEO,Qué es el SEO,Qué es el SEO y conceptos,atrae a tu cliente,posicionamiento seo que es,500,100–1.000,media
Aprender SEO,Qué es el SEO,Qué es el SEO y conceptos,atrae a tu cliente,posicionamiento seo qué es,500,100–1.000,media
Aprender SEO,Qué es el SEO,Qué es el SEO y conceptos,atrae a tu cliente,que es el posicionamiento seo,500,100–1.000,media
Aprender SEO,Qué es el SEO,Qué es el SEO y conceptos,atrae a tu cliente,que es in bound,500,100–1.000,media
Aprender SEO,Qué es el SEO,Qué es el SEO y conceptos,atrae a tu cliente,que es la seo,500,100–1.000,media
Aprender SEO,Qué es el SEO,Qué es el SEO y conceptos,atrae a tu cliente,que es una seo,500,100–1.000,media
Aprender SEO,Qué es el SEO,Qué es el SEO y conceptos,atrae a tu cliente,que significa seo,500,100–1.000,media
Aprender SEO,Qué es el SEO,Qué es el SEO y conceptos,atrae a tu cliente,que significa seos,500,100–1.000,media
Aprender SEO,Qué es el SEO,Qué es el SEO y conceptos,atrae a tu cliente,qué es seo,500,100–1.000,media
Aprender SEO,Qué es el SEO,Qué es el SEO y conceptos,atrae a tu cliente,seo mejorar,500,100–1.000,alta
Aprender SEO,Qué es el SEO,Qué es el SEO y conceptos,atrae a tu cliente,seo pagina web,500,100–1.000,alta
Aprender SEO,Qué es el SEO,Qué es el SEO y conceptos,atrae a tu cliente,seo que significa,500,100–1.000,media
Aprender SEO,Qué es el SEO,Qué es el SEO y conceptos,atrae a tu cliente,acciones de seo,50,10–100,baja
Aprender SEO,Qué es el SEO,Qué es el SEO y conceptos,atrae a tu cliente,acciones seo,50,10–100,media
Aprender SEO,Qué es el SEO,Qué es el SEO y conceptos,atrae a tu cliente,anchor text que es,50,10–100,media
Aprender SEO,Qué es el SEO,Qué es el SEO y conceptos,atrae a tu cliente,anuncios seo,50,10–100,baja
Aprender SEO,Qué es el SEO,Qué es el SEO y conceptos,atrae a tu cliente,aparecer en buscador google,50,10–100,baja
Aprender SEO,Qué es el SEO,Qué es el SEO y conceptos,atrae a tu cliente,aparecer en buscadores,50,10–100,baja
Aprender SEO,Qué es el SEO,Qué es el SEO y conceptos,atrae a tu cliente,aplicar seo,50,10–100,baja
Aprender SEO,Qué es el SEO,Qué es el SEO y conceptos,atrae a tu cliente,aplicar seo a mi web,50,10–100,
Aprender SEO,Qué es el SEO,Qué es el SEO y conceptos,atrae a tu cliente,ayuda seo,50,10–100,
Aprender SEO,Qué es el SEO,Qué es el SEO y conceptos,atrae a tu cliente,black hat que es,50,10–100,media
Aprender SEO,Qué es el SEO,Qué es el SEO y conceptos,atrae a tu cliente,black hat seo que es,50,10–100,media
Aprender SEO,Qué es el SEO,Qué es el SEO y conceptos,atrae a tu cliente,buen seo,50,10–100,baja
Aprender SEO,Qué es el SEO,Qué es el SEO y conceptos,atrae a tu cliente,buscadores seo,50,10–100,media
Aprender SEO,Qué es el SEO,Qué es el SEO y conceptos,atrae a tu cliente,buscar seo,50,10–100,alta
Aprender SEO,Qué es el SEO,Qué es el SEO y conceptos,atrae a tu cliente,certificado google seo,50,10–100,
Aprender SEO,Qué es el SEO,Qué es el SEO y conceptos,atrae a tu cliente,certificado seo,50,10–100,alta
Aprender SEO,Qué es el SEO,Qué es el SEO y conceptos,atrae a tu cliente,e seo,50,10–100,media
Aprender SEO,Qué es el SEO,Qué es el SEO y conceptos,atrae a tu cliente,ejemplo de seo,50,10–100,media
Aprender SEO,Qué es el SEO,Qué es el SEO y conceptos,atrae a tu cliente,ejemplo seo,50,10–100,media
Aprender SEO,Qué es el SEO,Qué es el SEO y conceptos,atrae a tu cliente,el mejor seo,50,10–100,media
Aprender SEO,Qué es el SEO,Qué es el SEO y conceptos,atrae a tu cliente,el seo,50,10–100,media
Aprender SEO,Qué es el SEO,Qué es el SEO y conceptos,atrae a tu cliente,el seo consiste en,50,10–100,baja
Aprender SEO,Qué es el SEO,Qué es el SEO y conceptos,atrae a tu cliente,el seo es,50,10–100,baja
Aprender SEO,Qué es el SEO,Qué es el SEO y conceptos,atrae a tu cliente,el seo es gratis,50,10–100,baja
Aprender SEO,Qué es el SEO,Qué es el SEO y conceptos,atrae a tu cliente,el seo que es,50,10–100,media
Aprender SEO,Qué es el SEO,Qué es el SEO y conceptos,atrae a tu cliente,en que consiste el posicionamiento seo,50,10–100,baja
Aprender SEO,Qué es el SEO,Qué es el SEO y conceptos,atrae a tu cliente,en que consiste el seo,50,10–100,media
Aprender SEO,Qué es el SEO,Qué es el SEO y conceptos,atrae a tu cliente,en que consiste seo,50,10–100,baja
Aprender SEO,Qué es el SEO,Qué es el SEO y conceptos,atrae a tu cliente,en seo,50,10–100,baja
Aprender SEO,Qué es el SEO,Qué es el SEO y conceptos,atrae a tu cliente,es seo,50,10–100,media
Aprender SEO,Qué es el SEO,Qué es el SEO y conceptos,atrae a tu cliente,estudio seo,50,10–100,
Aprender SEO,Qué es el SEO,Qué es el SEO y conceptos,atrae a tu cliente,estudio seo web,50,10–100,
Aprender SEO,Qué es el SEO,Qué es el SEO y conceptos,atrae a tu cliente,factor seo,50,10–100,baja
Aprender SEO,Qué es el SEO,Qué es el SEO y conceptos,atrae a tu cliente,gestion de seo,50,10–100,media
Aprender SEO,Qué es el SEO,Qué es el SEO y conceptos,atrae a tu cliente,google search para que sirve,50,10–100,media
Aprender SEO,Qué es el SEO,Qué es el SEO y conceptos,atrae a tu cliente,google search que es,50,10–100,media
Aprender SEO,Qué es el SEO,Qué es el SEO y conceptos,atrae a tu cliente,google seo gratis,50,10–100,baja
Aprender SEO,Qué es el SEO,Qué es el SEO y conceptos,atrae a tu cliente,google seo que es,50,10–100,media
Aprender SEO,Qué es el SEO,Qué es el SEO y conceptos,atrae a tu cliente,hacer seo,50,10–100,media
Aprender SEO,Qué es el SEO,Qué es el SEO y conceptos,atrae a tu cliente,hacer seo en google,50,10–100,baja
Aprender SEO,Qué es el SEO,Qué es el SEO y conceptos,atrae a tu cliente,inertiajs seo,50,10–100,baja
Aprender SEO,Qué es el SEO,Qué es el SEO y conceptos,atrae a tu cliente,interlinking que es,50,10–100,media
Aprender SEO,Qué es el SEO,Qué es el SEO y conceptos,atrae a tu cliente,link juice que es,50,10–100,media
Aprender SEO,Qué es el SEO,Qué es el SEO y conceptos,atrae a tu cliente,los mejores seo,50,10–100,baja
Aprender SEO,Qué es el SEO,Qué es el SEO y conceptos,atrae a tu cliente,los mejores seo del mundo,50,10–100,media
Aprender SEO,Qué es el SEO,Qué es el SEO y conceptos,atrae a tu cliente,matomo seo,50,10–100,media
Aprender SEO,Qué es el SEO,Qué es el SEO y conceptos,atrae a tu cliente,mejor seo,50,10–100,alta
Aprender SEO,Qué es el SEO,Qué es el SEO y conceptos,atrae a tu cliente,meta description que es,50,10–100,media
Aprender SEO,Qué es el SEO,Qué es el SEO y conceptos,atrae a tu cliente,meta tag que es,50,10–100,media
Aprender SEO,Qué es el SEO,Qué es el SEO y conceptos,atrae a tu cliente,meta title que es,50,10–100,media
Aprender SEO,Qué es el SEO,Qué es el SEO y conceptos,atrae a tu cliente,metaetiquetas que son,50,10–100,baja
Aprender SEO,Qué es el SEO,Qué es el SEO y conceptos,atrae a tu cliente,metatags que es,50,10–100,media
Aprender SEO,Qué es el SEO,Qué es el SEO y conceptos,atrae a tu cliente,motores de busqueda seo,50,10–100,alta
Aprender SEO,Qué es el SEO,Qué es el SEO y conceptos,atrae a tu cliente,optimizacion seo que es,50,10–100,media
Aprender SEO,Qué es el SEO,Qué es el SEO y conceptos,atrae a tu cliente,pagina seo,50,10–100,alta
Aprender SEO,Qué es el SEO,Qué es el SEO y conceptos,atrae a tu cliente,pagina web seo,50,10–100,alta
Aprender SEO,Qué es el SEO,Qué es el SEO y conceptos,atrae a tu cliente,pagina web y seo,50,10–100,
Aprender SEO,Qué es el SEO,Qué es el SEO y conceptos,atrae a tu cliente,paginas de seo,50,10–100,baja
Aprender SEO,Qué es el SEO,Qué es el SEO y conceptos,atrae a tu cliente,paginas para seo,50,10–100,baja
Aprender SEO,Qué es el SEO,Qué es el SEO y conceptos,atrae a tu cliente,paginas seo,50,10–100,alta
Aprender SEO,Qué es el SEO,Qué es el SEO y conceptos,atrae a tu cliente,para que se usa el seo,50,10–100,baja
Aprender SEO,Qué es el SEO,Qué es el SEO y conceptos,atrae a tu cliente,para que sirve el posicionamiento web,50,10–100,baja
Aprender SEO,Qué es el SEO,Qué es el SEO y conceptos,atrae a tu cliente,para que sirve google search,50,10–100,media
Aprender SEO,Qué es el SEO,Qué es el SEO y conceptos,atrae a tu cliente,para que sirve la etiqueta alt,50,10–100,baja
Aprender SEO,Qué es el SEO,Qué es el SEO y conceptos,atrae a tu cliente,para qué sirve el seo,50,10–100,media
Aprender SEO,Qué es el SEO,Qué es el SEO y conceptos,atrae a tu cliente,para seo,50,10–100,media
Aprender SEO,Qué es el SEO,Qué es el SEO y conceptos,atrae a tu cliente,pasos para hacer seo,50,10–100,baja
Aprender SEO,Qué es el SEO,Qué es el SEO y conceptos,atrae a tu cliente,pasos seo,50,10–100,baja
Aprender SEO,Qué es el SEO,Qué es el SEO y conceptos,atrae a tu cliente,por que es importante el seo,50,10–100,
Aprender SEO,Qué es el SEO,Qué es el SEO y conceptos,atrae a tu cliente,por qué seo es una práctica continua,50,10–100,baja
Aprender SEO,Qué es el SEO,Qué es el SEO y conceptos,atrae a tu cliente,porque el seo es importante,50,10–100,baja
Aprender SEO,Qué es el SEO,Qué es el SEO y conceptos,atrae a tu cliente,porque es importante el posicionamiento seo,50,10–100,baja
Aprender SEO,Qué es el SEO,Qué es el SEO y conceptos,atrae a tu cliente,porque es importante el seo,50,10–100,media
Aprender SEO,Qué es el SEO,Qué es el SEO y conceptos,atrae a tu cliente,posicionamiento en buscadores que es,50,10–100,baja
Aprender SEO,Qué es el SEO,Qué es el SEO y conceptos,atrae a tu cliente,posicionamiento organico que es,50,10–100,media
Aprender SEO,Qué es el SEO,Qué es el SEO y conceptos,atrae a tu cliente,posicionamiento seo que es y para que sirve,50,10–100,alta
Aprender SEO,Qué es el SEO,Qué es el SEO y conceptos,atrae a tu cliente,posicionamiento seo que significa,50,10–100,baja
Aprender SEO,Qué es el SEO,Qué es el SEO y conceptos,atrae a tu cliente,posicionamiento seo significado,50,10–100,baja
Aprender SEO,Qué es el SEO,Qué es el SEO y conceptos,atrae a tu cliente,posicionamiento web definicion,50,10–100,media
Aprender SEO,Qué es el SEO,Qué es el SEO y conceptos,atrae a tu cliente,posicionamiento web que es,50,10–100,media
Aprender SEO,Qué es el SEO,Qué es el SEO y conceptos,atrae a tu cliente,posicionamiento web seo que es,50,10–100,media
Aprender SEO,Qué es el SEO,Qué es el SEO y conceptos,atrae a tu cliente,que el seo,50,10–100,media
Aprender SEO,Qué es el SEO,Qué es el SEO y conceptos,atrae a tu cliente,que es anchor text,50,10–100,media
Aprender SEO,Qué es el SEO,Qué es el SEO y conceptos,atrae a tu cliente,que es atributo alt en imagenes,50,10–100,media
Aprender SEO,Qué es el SEO,Qué es el SEO y conceptos,atrae a tu cliente,que es black hat,50,10–100,media
Aprender SEO,Qué es el SEO,Qué es el SEO y conceptos,atrae a tu cliente,que es black hat seo,50,10–100,media
Aprender SEO,Qué es el SEO,Qué es el SEO y conceptos,atrae a tu cliente,que es busqueda organica,50,10–100,media
Aprender SEO,Qué es el SEO,Qué es el SEO y conceptos,atrae a tu cliente,que es ceo y seo,50,10–100,baja
Aprender SEO,Qué es el SEO,Qué es el SEO y conceptos,atrae a tu cliente,que es ctr en seo,50,10–100,media
Aprender SEO,Qué es el SEO,Qué es el SEO y conceptos,atrae a tu cliente,que es dinorank,50,10–100,media
Aprender SEO,Qué es el SEO,Qué es el SEO y conceptos,atrae a tu cliente,que es el anchor,50,10–100,media
Aprender SEO,Qué es el SEO,Qué es el SEO y conceptos,atrae a tu cliente,que es el anchor text,50,10–100,media
Aprender SEO,Qué es el SEO,Qué es el SEO y conceptos,atrae a tu cliente,que es el atributo alt en las imagenes,50,10–100,media
Aprender SEO,Qué es el SEO,Qué es el SEO y conceptos,atrae a tu cliente,que es el black hat seo,50,10–100,media
Aprender SEO,Qué es el SEO,Qué es el SEO y conceptos,atrae a tu cliente,que es el ctr en seo,50,10–100,media
Aprender SEO,Qué es el SEO,Qué es el SEO y conceptos,atrae a tu cliente,que es el eat,50,10–100,media
Aprender SEO,Qué es el SEO,Qué es el SEO y conceptos,atrae a tu cliente,que es el interlinking,50,10–100,media
Aprender SEO,Qué es el SEO,Qué es el SEO y conceptos,atrae a tu cliente,que es el link juice,50,10–100,media
Aprender SEO,Qué es el SEO,Qué es el SEO y conceptos,atrae a tu cliente,que es el meta title,50,10–100,media
Aprender SEO,Qué es el SEO,Qué es el SEO y conceptos,atrae a tu cliente,que es el posicionamiento de una pagina web,50,10–100,baja
Aprender SEO,Qué es el SEO,Qué es el SEO y conceptos,atrae a tu cliente,que es el posicionamiento en buscadores,50,10–100,media
Aprender SEO,Qué es el SEO,Qué es el SEO y conceptos,atrae a tu cliente,que es el posicionamiento en google,50,10–100,media
Aprender SEO,Qué es el SEO,Qué es el SEO y conceptos,atrae a tu cliente,que es el posicionamiento organico,50,10–100,media
Aprender SEO,Qué es el SEO,Qué es el SEO y conceptos,atrae a tu cliente,que es el posicionamiento web,50,10–100,media
Aprender SEO,Qué es el SEO,Qué es el SEO y conceptos,atrae a tu cliente,que es el posicionamiento web y como funciona,50,10–100,baja
Aprender SEO,Qué es el SEO,Qué es el SEO y conceptos,atrae a tu cliente,que es el search,50,10–100,media
Aprender SEO,Qué es el SEO,Qué es el SEO y conceptos,atrae a tu cliente,que es el search engine optimization,50,10–100,baja
Aprender SEO,Qué es el SEO,Qué es el SEO y conceptos,atrae a tu cliente,que es el seo de google,50,10–100,alta
Aprender SEO,Qué es el SEO,Qué es el SEO y conceptos,atrae a tu cliente,que es el seo de una pagina web,50,10–100,alta
Aprender SEO,Qué es el SEO,Qué es el SEO y conceptos,atrae a tu cliente,que es el seo de una web,50,10–100,media
Aprender SEO,Qué es el SEO,Qué es el SEO y conceptos,atrae a tu cliente,que es el seo en html,50,10–100,baja
Aprender SEO,Qué es el SEO,Qué es el SEO y conceptos,atrae a tu cliente,que es el seo en informatica,50,10–100,media
Aprender SEO,Qué es el SEO,Qué es el SEO y conceptos,atrae a tu cliente,que es el seo en una pagina web,50,10–100,media
Aprender SEO,Qué es el SEO,Qué es el SEO y conceptos,atrae a tu cliente,que es el seo negativo,50,10–100,baja
Aprender SEO,Qué es el SEO,Qué es el SEO y conceptos,atrae a tu cliente,que es el seo on page,50,10–100,media
Aprender SEO,Qué es el SEO,Qué es el SEO y conceptos,atrae a tu cliente,que es el seo web,50,10–100,media
Aprender SEO,Qué es el SEO,Qué es el SEO y conceptos,atrae a tu cliente,que es el seo y como funciona,50,10–100,alta
Aprender SEO,Qué es el SEO,Qué es el SEO y conceptos,atrae a tu cliente,que es el seo y para que sirve,50,10–100,baja
Aprender SEO,Qué es el SEO,Qué es el SEO y conceptos,atrae a tu cliente,que es el slug en seo,50,10–100,media
Aprender SEO,Qué es el SEO,Qué es el SEO y conceptos,atrae a tu cliente,que es el sseo,50,10–100,baja
Aprender SEO,Qué es el SEO,Qué es el SEO y conceptos,atrae a tu cliente,que es el titulo seo,50,10–100,alta
Aprender SEO,Qué es el SEO,Qué es el SEO y conceptos,atrae a tu cliente,que es es seo,50,10–100,baja
Aprender SEO,Qué es el SEO,Qué es el SEO y conceptos,atrae a tu cliente,que es google seo,50,10–100,media
Aprender SEO,Qué es el SEO,Qué es el SEO y conceptos,atrae a tu cliente,que es hacer seo,50,10–100,media
Aprender SEO,Qué es el SEO,Qué es el SEO y conceptos,atrae a tu cliente,que es la arquitectura de una pagina web,50,10–100,baja
Aprender SEO,Qué es el SEO,Qué es el SEO y conceptos,atrae a tu cliente,que es la busqueda organica,50,10–100,media
Aprender SEO,Qué es el SEO,Qué es el SEO y conceptos,atrae a tu cliente,que es la etiqueta alt,50,10–100,baja
Aprender SEO,Qué es el SEO,Qué es el SEO y conceptos,atrae a tu cliente,que es la meta descripcion,50,10–100,media
Aprender SEO,Qué es el SEO,Qué es el SEO y conceptos,atrae a tu cliente,que es la meta description,50,10–100,media
Aprender SEO,Qué es el SEO,Qué es el SEO y conceptos,atrae a tu cliente,que es la tecnica seo,50,10–100,baja
Aprender SEO,Qué es el SEO,Qué es el SEO y conceptos,atrae a tu cliente,que es link juice,50,10–100,media
Aprender SEO,Qué es el SEO,Qué es el SEO y conceptos,atrae a tu cliente,que es longtail,50,10–100,media
Aprender SEO,Qué es el SEO,Qué es el SEO y conceptos,atrae a tu cliente,que es meta descripcion,50,10–100,media
Aprender SEO,Qué es el SEO,Qué es el SEO y conceptos,atrae a tu cliente,que es meta descripción,50,10–100,media
Aprender SEO,Qué es el SEO,Qué es el SEO y conceptos,atrae a tu cliente,que es meta tag,50,10–100,baja
Aprender SEO,Qué es el SEO,Qué es el SEO y conceptos,atrae a tu cliente,que es meta title,50,10–100,media
Aprender SEO,Qué es el SEO,Qué es el SEO y conceptos,atrae a tu cliente,que es metaetiqueta,50,10–100,baja
Aprender SEO,Qué es el SEO,Qué es el SEO y conceptos,atrae a tu cliente,que es optimizacion seo,50,10–100,media
Aprender SEO,Qué es el SEO,Qué es el SEO y conceptos,atrae a tu cliente,que es organic search,50,10–100,media
Aprender SEO,Qué es el SEO,Qué es el SEO y conceptos,atrae a tu cliente,que es posicionamiento web seo,50,10–100,media
Aprender SEO,Qué es el SEO,Qué es el SEO y conceptos,atrae a tu cliente,que es seao,50,10–100,media
Aprender SEO,Qué es el SEO,Qué es el SEO y conceptos,atrae a tu cliente,que es search engine optimization,50,10–100,media
Aprender SEO,Qué es el SEO,Qué es el SEO y conceptos,atrae a tu cliente,que es search engine optimization seo,50,10–100,baja
Aprender SEO,Qué es el SEO,Qué es el SEO y conceptos,atrae a tu cliente,que es seo de google,50,10–100,alta
Aprender SEO,Qué es el SEO,Qué es el SEO y conceptos,atrae a tu cliente,que es seo en google,50,10–100,media
Aprender SEO,Qué es el SEO,Qué es el SEO y conceptos,atrae a tu cliente,que es seo en html,50,10–100,media
Aprender SEO,Qué es el SEO,Qué es el SEO y conceptos,atrae a tu cliente,que es seo en informatica,50,10–100,media
Aprender SEO,Qué es el SEO,Qué es el SEO y conceptos,atrae a tu cliente,que es seo en internet,50,10–100,alta
Aprender SEO,Qué es el SEO,Qué es el SEO y conceptos,atrae a tu cliente,que es seo en la web,50,10–100,baja
Aprender SEO,Qué es el SEO,Qué es el SEO y conceptos,atrae a tu cliente,que es seo en paginas web,50,10–100,media
Aprender SEO,Qué es el SEO,Qué es el SEO y conceptos,atrae a tu cliente,que es seo en una pagina web,50,10–100,alta
Aprender SEO,Qué es el SEO,Qué es el SEO y conceptos,atrae a tu cliente,que es seo en web,50,10–100,media
Aprender SEO,Qué es el SEO,Qué es el SEO y conceptos,atrae a tu cliente,que es seo friendly,50,10–100,baja
Aprender SEO,Qué es el SEO,Qué es el SEO y conceptos,atrae a tu cliente,que es seo google,50,10–100,media
Aprender SEO,Qué es el SEO,Qué es el SEO y conceptos,atrae a tu cliente,que es seo informatica,50,10–100,baja
Aprender SEO,Qué es el SEO,Qué es el SEO y conceptos,atrae a tu cliente,que es seo negativo,50,10–100,baja
Aprender SEO,Qué es el SEO,Qué es el SEO y conceptos,atrae a tu cliente,que es seo on page,50,10–100,media
Aprender SEO,Qué es el SEO,Qué es el SEO y conceptos,atrae a tu cliente,que es seo organico,50,10–100,media
Aprender SEO,Qué es el SEO,Qué es el SEO y conceptos,atrae a tu cliente,que es seo paginas web,50,10–100,baja
Aprender SEO,Qué es el SEO,Qué es el SEO y conceptos,atrae a tu cliente,que es seo posicionamiento web,50,10–100,
Aprender SEO,Qué es el SEO,Qué es el SEO y conceptos,atrae a tu cliente,que es seo search engine optimization,50,10–100,baja
Aprender SEO,Qué es el SEO,Qué es el SEO y conceptos,atrae a tu cliente,que es seo web,50,10–100,media
Aprender SEO,Qué es el SEO,Qué es el SEO y conceptos,atrae a tu cliente,que es seo y ceo,50,10–100,media
Aprender SEO,Qué es el SEO,Qué es el SEO y conceptos,atrae a tu cliente,que es seo y como funciona,50,10–100,media
Aprender SEO,Qué es el SEO,Qué es el SEO y conceptos,atrae a tu cliente,que es ser creador digital,50,10–100,media
Aprender SEO,Qué es el SEO,Qué es el SEO y conceptos,atrae a tu cliente,que es ser seo,50,10–100,media
Aprender SEO,Qué es el SEO,Qué es el SEO y conceptos,atrae a tu cliente,que es ser un seo,50,10–100,media
Aprender SEO,Qué es el SEO,Qué es el SEO y conceptos,atrae a tu cliente,que es slug en seo,50,10–100,baja
Aprender SEO,Qué es el SEO,Qué es el SEO y conceptos,atrae a tu cliente,que es spyfu,50,10–100,baja
Aprender SEO,Qué es el SEO,Qué es el SEO y conceptos,atrae a tu cliente,que es titulo seo,50,10–100,alta
Aprender SEO,Qué es el SEO,Qué es el SEO y conceptos,atrae a tu cliente,que es un anchor text,50,10–100,media
Aprender SEO,Qué es el SEO,Qué es el SEO y conceptos,atrae a tu cliente,que es un articulo seo,50,10–100,media
Aprender SEO,Qué es el SEO,Qué es el SEO y conceptos,atrae a tu cliente,que es un black hat,50,10–100,media
Aprender SEO,Qué es el SEO,Qué es el SEO y conceptos,atrae a tu cliente,que es un meta tag,50,10–100,baja
Aprender SEO,Qué es el SEO,Qué es el SEO y conceptos,atrae a tu cliente,que es un metatag,50,10–100,media
Aprender SEO,Qué es el SEO,Qué es el SEO y conceptos,atrae a tu cliente,que es un plan seo,50,10–100,media
Aprender SEO,Qué es el SEO,Qué es el SEO y conceptos,atrae a tu cliente,que es un posicionamiento seo,50,10–100,media
Aprender SEO,Qué es el SEO,Qué es el SEO y conceptos,atrae a tu cliente,que es un seo web,50,10–100,baja
Aprender SEO,Qué es el SEO,Qué es el SEO y conceptos,atrae a tu cliente,que es un texto seo,50,10–100,media
Aprender SEO,Qué es el SEO,Qué es el SEO y conceptos,atrae a tu cliente,que es un titulo seo,50,10–100,media
Aprender SEO,Qué es el SEO,Qué es el SEO y conceptos,atrae a tu cliente,que es una busqueda organica,50,10–100,baja
Aprender SEO,Qué es el SEO,Qué es el SEO y conceptos,atrae a tu cliente,que es una meta descripcion,50,10–100,media
Aprender SEO,Qué es el SEO,Qué es el SEO y conceptos,atrae a tu cliente,que es una metaetiqueta,50,10–100,media
Aprender SEO,Qué es el SEO,Qué es el SEO y conceptos,atrae a tu cliente,que es una url amigable,50,10–100,media
Aprender SEO,Qué es el SEO,Qué es el SEO y conceptos,atrae a tu cliente,que es url amigable,50,10–100,media
Aprender SEO,Qué es el SEO,Qué es el SEO y conceptos,atrae a tu cliente,que es white hat,50,10–100,baja
Aprender SEO,Qué es el SEO,Qué es el SEO y conceptos,atrae a tu cliente,que es white hat seo,50,10–100,media
Aprender SEO,Qué es el SEO,Qué es el SEO y conceptos,atrae a tu cliente,que esseo,50,10–100,media
Aprender SEO,Qué es el SEO,Qué es el SEO y conceptos,atrae a tu cliente,que quiere decir seo,50,10–100,media
Aprender SEO,Qué es el SEO,Qué es el SEO y conceptos,atrae a tu cliente,que seo,50,10–100,media
Aprender SEO,Qué es el SEO,Qué es el SEO y conceptos,atrae a tu cliente,que significa el seo,50,10–100,media
Aprender SEO,Qué es el SEO,Qué es el SEO y conceptos,atrae a tu cliente,que significa la palabra seo,50,10–100,media
Aprender SEO,Qué es el SEO,Qué es el SEO y conceptos,atrae a tu cliente,que significa la seo,50,10–100,media
Aprender SEO,Qué es el SEO,Qué es el SEO y conceptos,atrae a tu cliente,que significa la sigla seo,50,10–100,baja
Aprender SEO,Qué es el SEO,Qué es el SEO y conceptos,atrae a tu cliente,que significa las siglas seo,50,10–100,media
Aprender SEO,Qué es el SEO,Qué es el SEO y conceptos,atrae a tu cliente,que significa posicionamiento seo,50,10–100,media
Aprender SEO,Qué es el SEO,Qué es el SEO y conceptos,atrae a tu cliente,que significa seo en informatica,50,10–100,media
Aprender SEO,Qué es el SEO,Qué es el SEO y conceptos,atrae a tu cliente,que significa seo on page,50,10–100,baja
Aprender SEO,Qué es el SEO,Qué es el SEO y conceptos,atrae a tu cliente,que significa ser seo,50,10–100,media
Aprender SEO,Qué es el SEO,Qué es el SEO y conceptos,atrae a tu cliente,que son las etiquetas meta,50,10–100,media
Aprender SEO,Qué es el SEO,Qué es el SEO y conceptos,atrae a tu cliente,que son las meta descripciones,50,10–100,media
Aprender SEO,Qué es el SEO,Qué es el SEO y conceptos,atrae a tu cliente,que son las meta etiquetas,50,10–100,baja
Aprender SEO,Qué es el SEO,Qué es el SEO y conceptos,atrae a tu cliente,que son las meta tags,50,10–100,baja
Aprender SEO,Qué es el SEO,Qué es el SEO y conceptos,atrae a tu cliente,que son las metaetiquetas,50,10–100,baja
Aprender SEO,Qué es el SEO,Qué es el SEO y conceptos,atrae a tu cliente,que son las metaetiquetas y las etiquetas,50,10–100,baja
Aprender SEO,Qué es el SEO,Qué es el SEO y conceptos,atrae a tu cliente,que son las seo,50,10–100,media
Aprender SEO,Qué es el SEO,Qué es el SEO y conceptos,atrae a tu cliente,que son las serps,50,10–100,media
Aprender SEO,Qué es el SEO,Qué es el SEO y conceptos,atrae a tu cliente,que son las serps de google,50,10–100,media
Aprender SEO,Qué es el SEO,Qué es el SEO y conceptos,atrae a tu cliente,que son las tecnicas seo,50,10–100,media
Aprender SEO,Qué es el SEO,Qué es el SEO y conceptos,atrae a tu cliente,que son las url amigables,50,10–100,baja
Aprender SEO,Qué es el SEO,Qué es el SEO y conceptos,atrae a tu cliente,que son los atributos alt de una imagen,50,10–100,media
Aprender SEO,Qué es el SEO,Qué es el SEO y conceptos,atrae a tu cliente,que son los meta tags,50,10–100,media
Aprender SEO,Qué es el SEO,Qué es el SEO y conceptos,atrae a tu cliente,que son los metatags,50,10–100,media
Aprender SEO,Qué es el SEO,Qué es el SEO y conceptos,atrae a tu cliente,que son los seo,50,10–100,media
Aprender SEO,Qué es el SEO,Qué es el SEO y conceptos,atrae a tu cliente,que son metaetiquetas,50,10–100,baja
Aprender SEO,Qué es el SEO,Qué es el SEO y conceptos,atrae a tu cliente,que son metatags,50,10–100,media
Aprender SEO,Qué es el SEO,Qué es el SEO y conceptos,atrae a tu cliente,que tipos de seo existen,50,10–100,baja
Aprender SEO,Qué es el SEO,Qué es el SEO y conceptos,atrae a tu cliente,qué es seo y ejemplos,50,10–100,baja
Aprender SEO,Qué es el SEO,Qué es el SEO y conceptos,atrae a tu cliente,qué significa que una página web tenga un mejor seo,50,10–100,baja
Aprender SEO,Qué es el SEO,Qué es el SEO y conceptos,atrae a tu cliente,rank tracker que es,50,10–100,baja
Aprender SEO,Qué es el SEO,Qué es el SEO y conceptos,atrae a tu cliente,rush seo,50,10–100,baja
Aprender SEO,Qué es el SEO,Qué es el SEO y conceptos,atrae a tu cliente,search engine optimization seo que es,50,10–100,media
Aprender SEO,Qué es el SEO,Qué es el SEO y conceptos,atrae a tu cliente,semplice seo,50,10–100,baja
Aprender SEO,Qué es el SEO,Qué es el SEO y conceptos,atrae a tu cliente,seo analyze online,50,10–100,alta
Aprender SEO,Qué es el SEO,Qué es el SEO y conceptos,atrae a tu cliente,seo arquitectos,50,10–100,baja
Aprender SEO,Qué es el SEO,Qué es el SEO y conceptos,atrae a tu cliente,seo basico,50,10–100,alta
Aprender SEO,Qué es el SEO,Qué es el SEO y conceptos,atrae a tu cliente,seo buscador,50,10–100,alta
Aprender SEO,Qué es el SEO,Qué es el SEO y conceptos,atrae a tu cliente,seo como hacerlo,50,10–100,
Aprender SEO,Qué es el SEO,Qué es el SEO y conceptos,atrae a tu cliente,seo con google,50,10–100,alta
Aprender SEO,Qué es el SEO,Qué es el SEO y conceptos,atrae a tu cliente,seo cose,50,10–100,baja
Aprender SEO,Qué es el SEO,Qué es el SEO y conceptos,atrae a tu cliente,seo de la web,50,10–100,baja
Aprender SEO,Qué es el SEO,Qué es el SEO y conceptos,atrae a tu cliente,seo de mi pagina web,50,10–100,baja
Aprender SEO,Qué es el SEO,Qué es el SEO y conceptos,atrae a tu cliente,seo de mi web,50,10–100,alta
Aprender SEO,Qué es el SEO,Qué es el SEO y conceptos,atrae a tu cliente,seo de pagina web,50,10–100,alta
Aprender SEO,Qué es el SEO,Qué es el SEO y conceptos,atrae a tu cliente,seo de un sitio web,50,10–100,baja
Aprender SEO,Qué es el SEO,Qué es el SEO y conceptos,atrae a tu cliente,seo de una pagina,50,10–100,
Aprender SEO,Qué es el SEO,Qué es el SEO y conceptos,atrae a tu cliente,seo de una pagina web,50,10–100,alta
Aprender SEO,Qué es el SEO,Qué es el SEO y conceptos,atrae a tu cliente,seo e,50,10–100,media
Aprender SEO,Qué es el SEO,Qué es el SEO y conceptos,atrae a tu cliente,seo e google ads,50,10–100,baja
Aprender SEO,Qué es el SEO,Qué es el SEO y conceptos,atrae a tu cliente,seo economia,50,10–100,baja
Aprender SEO,Qué es el SEO,Qué es el SEO y conceptos,atrae a tu cliente,seo economico,50,10–100,
Aprender SEO,Qué es el SEO,Qué es el SEO y conceptos,atrae a tu cliente,seo efectivo,50,10–100,alta
Aprender SEO,Qué es el SEO,Qué es el SEO y conceptos,atrae a tu cliente,seo en,50,10–100,media
Aprender SEO,Qué es el SEO,Qué es el SEO y conceptos,atrae a tu cliente,seo en bing,50,10–100,baja
Aprender SEO,Qué es el SEO,Qué es el SEO y conceptos,atrae a tu cliente,seo en facebook,50,10–100,baja
Aprender SEO,Qué es el SEO,Qué es el SEO y conceptos,atrae a tu cliente,seo en google,50,10–100,alta
Aprender SEO,Qué es el SEO,Qué es el SEO y conceptos,atrae a tu cliente,seo en la web,50,10–100,media
Aprender SEO,Qué es el SEO,Qué es el SEO y conceptos,atrae a tu cliente,seo en pagina web,50,10–100,media
Aprender SEO,Qué es el SEO,Qué es el SEO y conceptos,atrae a tu cliente,seo en una pagina web,50,10–100,media
Aprender SEO,Qué es el SEO,Qué es el SEO y conceptos,atrae a tu cliente,seo en web,50,10–100,media
Aprender SEO,Qué es el SEO,Qué es el SEO y conceptos,atrae a tu cliente,seo es gratis,50,10–100,media
Aprender SEO,Qué es el SEO,Qué es el SEO y conceptos,atrae a tu cliente,seo estratégico,50,10–100,baja
Aprender SEO,Qué es el SEO,Qué es el SEO y conceptos,atrae a tu cliente,seo farmacia,50,10–100,baja
Aprender SEO,Qué es el SEO,Qué es el SEO y conceptos,atrae a tu cliente,seo friendly que es,50,10–100,baja
Aprender SEO,Qué es el SEO,Qué es el SEO y conceptos,atrae a tu cliente,seo google gratis,50,10–100,alta
Aprender SEO,Qué es el SEO,Qué es el SEO y conceptos,atrae a tu cliente,seo google que es,50,10–100,media
Aprender SEO,Qué es el SEO,Qué es el SEO y conceptos,atrae a tu cliente,seo gpt 3,50,10–100,baja
Aprender SEO,Qué es el SEO,Qué es el SEO y conceptos,atrae a tu cliente,seo gratis,50,10–100,alta
Aprender SEO,Qué es el SEO,Qué es el SEO y conceptos,atrae a tu cliente,seo gratis google,50,10–100,
Aprender SEO,Qué es el SEO,Qué es el SEO y conceptos,atrae a tu cliente,seo gratis online,50,10–100,alta
Aprender SEO,Qué es el SEO,Qué es el SEO y conceptos,atrae a tu cliente,seo gratis para mi web,50,10–100,media
Aprender SEO,Qué es el SEO,Qué es el SEO y conceptos,atrae a tu cliente,seo informatica,50,10–100,media
Aprender SEO,Qué es el SEO,Qué es el SEO y conceptos,atrae a tu cliente,seo on page que es,50,10–100,media
Aprender SEO,Qué es el SEO,Qué es el SEO y conceptos,atrae a tu cliente,seo on site que es,50,10–100,baja
Aprender SEO,Qué es el SEO,Qué es el SEO y conceptos,atrae a tu cliente,seo online gratis,50,10–100,baja
Aprender SEO,Qué es el SEO,Qué es el SEO y conceptos,atrae a tu cliente,seo organico,50,10–100,media
Aprender SEO,Qué es el SEO,Qué es el SEO y conceptos,atrae a tu cliente,seo organico e inorganico,50,10–100,media
Aprender SEO,Qué es el SEO,Qué es el SEO y conceptos,atrae a tu cliente,seo organico google,50,10–100,baja
Aprender SEO,Qué es el SEO,Qué es el SEO y conceptos,atrae a tu cliente,seo paginas,50,10–100,alta
Aprender SEO,Qué es el SEO,Qué es el SEO y conceptos,atrae a tu cliente,seo para,50,10–100,media
Aprender SEO,Qué es el SEO,Qué es el SEO y conceptos,atrae a tu cliente,seo para arquitectos,50,10–100,media
Aprender SEO,Qué es el SEO,Qué es el SEO y conceptos,atrae a tu cliente,seo para bancos,50,10–100,media
Aprender SEO,Qué es el SEO,Qué es el SEO y conceptos,atrae a tu cliente,seo para bing,50,10–100,
Aprender SEO,Qué es el SEO,Qué es el SEO y conceptos,atrae a tu cliente,seo para facebook,50,10–100,baja
Aprender SEO,Qué es el SEO,Qué es el SEO y conceptos,atrae a tu cliente,seo para google,50,10–100,
Aprender SEO,Qué es el SEO,Qué es el SEO y conceptos,atrae a tu cliente,seo para landing page,50,10–100,baja
Aprender SEO,Qué es el SEO,Qué es el SEO y conceptos,atrae a tu cliente,seo para que sirve,50,10–100,media
Aprender SEO,Qué es el SEO,Qué es el SEO y conceptos,atrae a tu cliente,seo para redactores,50,10–100,baja
Aprender SEO,Qué es el SEO,Qué es el SEO y conceptos,atrae a tu cliente,seo para terapeutas,50,10–100,media
Aprender SEO,Qué es el SEO,Qué es el SEO y conceptos,atrae a tu cliente,seo para video,50,10–100,media
Aprender SEO,Qué es el SEO,Qué es el SEO y conceptos,atrae a tu cliente,seo posicionamiento que es,50,10–100,media
Aprender SEO,Qué es el SEO,Qué es el SEO y conceptos,atrae a tu cliente,seo que,50,10–100,media
Aprender SEO,Qué es el SEO,Qué es el SEO y conceptos,atrae a tu cliente,seo que es y como funciona,50,10–100,media
Aprender SEO,Qué es el SEO,Qué es el SEO y conceptos,atrae a tu cliente,seo que es y para que sirve,50,10–100,media
Aprender SEO,Qué es el SEO,Qué es el SEO y conceptos,atrae a tu cliente,seo search engine optimization que es,50,10–100,
Aprender SEO,Qué es el SEO,Qué es el SEO y conceptos,atrae a tu cliente,seo sitio web,50,10–100,media
Aprender SEO,Qué es el SEO,Qué es el SEO y conceptos,atrae a tu cliente,seo spider,50,10–100,media
Aprender SEO,Qué es el SEO,Qué es el SEO y conceptos,atrae a tu cliente,seo verification,50,10–100,media
Aprender SEO,Qué es el SEO,Qué es el SEO y conceptos,atrae a tu cliente,seo verification online,50,10–100,media
Aprender SEO,Qué es el SEO,Qué es el SEO y conceptos,atrae a tu cliente,seo web online,50,10–100,media
Aprender SEO,Qué es el SEO,Qué es el SEO y conceptos,atrae a tu cliente,seo web que es,50,10–100,media
Aprender SEO,Qué es el SEO,Qué es el SEO y conceptos,atrae a tu cliente,seo y web,50,10–100,
Aprender SEO,Qué es el SEO,Qué es el SEO y conceptos,atrae a tu cliente,seo ysem,50,10–100,media
Aprender SEO,Qué es el SEO,Qué es el SEO y conceptos,atrae a tu cliente,seoque es,50,10–100,media
Aprender SEO,Qué es el SEO,Qué es el SEO y conceptos,atrae a tu cliente,serpstat que es,50,10–100,baja
Aprender SEO,Qué es el SEO,Qué es el SEO y conceptos,atrae a tu cliente,spyfu que es,50,10–100,baja
Aprender SEO,Qué es el SEO,Qué es el SEO y conceptos,atrae a tu cliente,tecnica seo,50,10–100,media
Aprender SEO,Qué es el SEO,Qué es el SEO y conceptos,atrae a tu cliente,textos optimizados para seo,50,10–100,media
Aprender SEO,Qué es el SEO,Qué es el SEO y conceptos,atrae a tu cliente,textos para seo,50,10–100,media
Aprender SEO,Qué es el SEO,Qué es el SEO y conceptos,atrae a tu cliente,textos seo,50,10–100,media
Aprender SEO,Qué es el SEO,Qué es el SEO y conceptos,atrae a tu cliente,todo sobre seo,50,10–100,baja
Aprender SEO,Qué es el SEO,Qué es el SEO y conceptos,atrae a tu cliente,vercel seo,50,10–100,baja
Aprender SEO,Qué es el SEO,Qué es el SEO y conceptos,atrae a tu cliente,white hat que es,50,10–100,media
Aprender SEO,Qué es el SEO,"SEO y SEM, on page",atrae a tu cliente,marketing sem y seo,5000,1.000–10.000,media
Aprender SEO,Qué es el SEO,"SEO y SEM, on page",atrae a tu cliente,sem y seo,5000,1.000–10.000,media
Aprender SEO,Qué es el SEO,"SEO y SEM, on page",atrae a tu cliente,sem y seo marketing,5000,1.000–10.000,media
Aprender SEO,Qué es el SEO,"SEO y SEM, on page",atrae a tu cliente,seo y sem,5000,1.000–10.000,media
Aprender SEO,Qué es el SEO,"SEO y SEM, on page",atrae a tu cliente,seo y sem marketing,5000,1.000–10.000,media
Aprender SEO,Qué es el SEO,"SEO y SEM, on page",atrae a tu cliente,seoysem,5000,1.000–10.000,media
Aprender SEO,Qué es el SEO,"SEO y SEM, on page",atrae a tu cliente,agencia seo sem,500,100–1.000,media
Aprender SEO,Qué es el SEO,"SEO y SEM, on page",atrae a tu cliente,agencia seo y sem,500,100–1.000,media
Aprender SEO,Qué es el SEO,"SEO y SEM, on page",atrae a tu cliente,diferencia entre sem y seo,500,100–1.000,media
Aprender SEO,Qué es el SEO,"SEO y SEM, on page",atrae a tu cliente,diferencia entre seo y sem,500,100–1.000,media
Aprender SEO,Qué es el SEO,"SEO y SEM, on page",atrae a tu cliente,diferencia sem y seo,500,100–1.000,media
Aprender SEO,Qué es el SEO,"SEO y SEM, on page",atrae a tu cliente,diferencia seo sem,500,100–1.000,media
Aprender SEO,Qué es el SEO,"SEO y SEM, on page",atrae a tu cliente,diferencia seo y sem,500,100–1.000,media
Aprender SEO,Qué es el SEO,"SEO y SEM, on page",atrae a tu cliente,diferencias entre sem y seo,500,100–1.000,media
Aprender SEO,Qué es el SEO,"SEO y SEM, on page",atrae a tu cliente,diferencias entre seo y sem,500,100–1.000,media
Aprender SEO,Qué es el SEO,"SEO y SEM, on page",atrae a tu cliente,diferencias sem y seo,500,100–1.000,media
Aprender SEO,Qué es el SEO,"SEO y SEM, on page",atrae a tu cliente,diferencias seo sem,500,100–1.000,media
Aprender SEO,Qué es el SEO,"SEO y SEM, on page",atrae a tu cliente,diferencias seo y sem,500,100–1.000,media
Aprender SEO,Qué es el SEO,"SEO y SEM, on page",atrae a tu cliente,marketing sem seo,500,100–1.000,media
Aprender SEO,Qué es el SEO,"SEO y SEM, on page",atrae a tu cliente,posicionamiento sem seo,500,100–1.000,alta
Aprender SEO,Qué es el SEO,"SEO y SEM, on page",atrae a tu cliente,posicionamiento sem y seo,500,100–1.000,alta
Aprender SEO,Qué es el SEO,"SEO y SEM, on page",atrae a tu cliente,posicionamiento seo sem,500,100–1.000,alta
Aprender SEO,Qué es el SEO,"SEO y SEM, on page",atrae a tu cliente,posicionamiento seo y sem,500,100–1.000,alta
Aprender SEO,Qué es el SEO,"SEO y SEM, on page",atrae a tu cliente,que es el seo y sem,500,100–1.000,media
Aprender SEO,Qué es el SEO,"SEO y SEM, on page",atrae a tu cliente,que es sem y seo,500,100–1.000,media
Aprender SEO,Qué es el SEO,"SEO y SEM, on page",atrae a tu cliente,que es seo sem,500,100–1.000,media
Aprender SEO,Qué es el SEO,"SEO y SEM, on page",atrae a tu cliente,que es seo y sem,500,100–1.000,media
Aprender SEO,Qué es el SEO,"SEO y SEM, on page",atrae a tu cliente,que seo y sem,500,100–1.000,media
Aprender SEO,Qué es el SEO,"SEO y SEM, on page",atrae a tu cliente,sem seo diferencia,500,100–1.000,media
Aprender SEO,Qué es el SEO,"SEO y SEM, on page",atrae a tu cliente,seo on page,500,100–1.000,media
Aprender SEO,Qué es el SEO,"SEO y SEM, on page",atrae a tu cliente,seo sem,500,100–1.000,media
Aprender SEO,Qué es el SEO,"SEO y SEM, on page",atrae a tu cliente,seo sem diferencia,500,100–1.000,media
Aprender SEO,Qué es el SEO,"SEO y SEM, on page",atrae a tu cliente,seo sem diferencias,500,100–1.000,media
Aprender SEO,Qué es el SEO,"SEO y SEM, on page",atrae a tu cliente,seo sem que es,500,100–1.000,media
Aprender SEO,Qué es el SEO,"SEO y SEM, on page",atrae a tu cliente,seo y sem diferencia,500,100–1.000,media
Aprender SEO,Qué es el SEO,"SEO y SEM, on page",atrae a tu cliente,seo y sem diferencias,500,100–1.000,media
Aprender SEO,Qué es el SEO,"SEO y SEM, on page",atrae a tu cliente,seo y sem que es,500,100–1.000,media
Aprender SEO,Qué es el SEO,"SEO y SEM, on page",atrae a tu cliente,5 diferencias entre seo y sem,50,10–100,baja
Aprender SEO,Qué es el SEO,"SEO y SEM, on page",atrae a tu cliente,acciones seo on page,50,10–100,baja
Aprender SEO,Qué es el SEO,"SEO y SEM, on page",atrae a tu cliente,acciones seo y sem,50,10–100,baja
Aprender SEO,Qué es el SEO,"SEO y SEM, on page",atrae a tu cliente,agencia sem seo,50,10–100,media
Aprender SEO,Qué es el SEO,"SEO y SEM, on page",atrae a tu cliente,alt imagenes seo,50,10–100,baja
Aprender SEO,Qué es el SEO,"SEO y SEM, on page",atrae a tu cliente,analisis de seo y sem,50,10–100,baja
Aprender SEO,Qué es el SEO,"SEO y SEM, on page",atrae a tu cliente,analisis sem y seo,50,10–100,baja
Aprender SEO,Qué es el SEO,"SEO y SEM, on page",atrae a tu cliente,analisis seo y sem,50,10–100,alta
Aprender SEO,Qué es el SEO,"SEO y SEM, on page",atrae a tu cliente,auditoria seo sem,50,10–100,baja
Aprender SEO,Qué es el SEO,"SEO y SEM, on page",atrae a tu cliente,buscadores sem y seo,50,10–100,baja
Aprender SEO,Qué es el SEO,"SEO y SEM, on page",atrae a tu cliente,buscadores seo y sem,50,10–100,media
Aprender SEO,Qué es el SEO,"SEO y SEM, on page",atrae a tu cliente,campaña sem y seo,50,10–100,baja
Aprender SEO,Qué es el SEO,"SEO y SEM, on page",atrae a tu cliente,campañas de seo y sem,50,10–100,
Aprender SEO,Qué es el SEO,"SEO y SEM, on page",atrae a tu cliente,campañas sem y seo,50,10–100,baja
Aprender SEO,Qué es el SEO,"SEO y SEM, on page",atrae a tu cliente,campañas seo y sem,50,10–100,baja
Aprender SEO,Qué es el SEO,"SEO y SEM, on page",atrae a tu cliente,conocimiento de seo y sem,50,10–100,baja
Aprender SEO,Qué es el SEO,"SEO y SEM, on page",atrae a tu cliente,contenido seo y sem,50,10–100,baja
Aprender SEO,Qué es el SEO,"SEO y SEM, on page",atrae a tu cliente,crm seo sem,50,10–100,media
Aprender SEO,Qué es el SEO,"SEO y SEM, on page",atrae a tu cliente,definicion de seo y sem,50,10–100,baja
Aprender SEO,Qué es el SEO,"SEO y SEM, on page",atrae a tu cliente,definicion seo y sem,50,10–100,media
Aprender SEO,Qué es el SEO,"SEO y SEM, on page",atrae a tu cliente,diferencia de sem y seo,50,10–100,media
Aprender SEO,Qué es el SEO,"SEO y SEM, on page",atrae a tu cliente,diferencia de seo y sem,50,10–100,media
Aprender SEO,Qué es el SEO,"SEO y SEM, on page",atrae a tu cliente,diferencia entre el seo y sem,50,10–100,baja
Aprender SEO,Qué es el SEO,"SEO y SEM, on page",atrae a tu cliente,diferencia entre enlace dofollow y nofollow,50,10–100,alta
Aprender SEO,Qué es el SEO,"SEO y SEM, on page",atrae a tu cliente,diferencia entre google analytics y google search console,50,10–100,media
Aprender SEO,Qué es el SEO,"SEO y SEM, on page",atrae a tu cliente,diferencia entre google search console y google analytics,50,10–100,media
Aprender SEO,Qué es el SEO,"SEO y SEM, on page",atrae a tu cliente,diferencia entre posicionamiento seo y sem,50,10–100,media
Aprender SEO,Qué es el SEO,"SEO y SEM, on page",atrae a tu cliente,diferencia entre seo y sem ejemplos,50,10–100,baja
Aprender SEO,Qué es el SEO,"SEO y SEM, on page",atrae a tu cliente,diferencia entre seo y sem en marketing,50,10–100,media
Aprender SEO,Qué es el SEO,"SEO y SEM, on page",atrae a tu cliente,diferencia posicionamiento seo y sem,50,10–100,media
Aprender SEO,Qué es el SEO,"SEO y SEM, on page",atrae a tu cliente,diferencia sem seo,50,10–100,baja
Aprender SEO,Qué es el SEO,"SEO y SEM, on page",atrae a tu cliente,diferencias de seo y sem,50,10–100,media
Aprender SEO,Qué es el SEO,"SEO y SEM, on page",atrae a tu cliente,diferencias entre el posicionamiento seo y sem,50,10–100,baja
Aprender SEO,Qué es el SEO,"SEO y SEM, on page",atrae a tu cliente,diferencias entre el seo y el sem,50,10–100,baja
Aprender SEO,Qué es el SEO,"SEO y SEM, on page",atrae a tu cliente,ejemplo de seo y sem,50,10–100,media
Aprender SEO,Qué es el SEO,"SEO y SEM, on page",atrae a tu cliente,ejemplos de estrategias seo y sem,50,10–100,baja
Aprender SEO,Qué es el SEO,"SEO y SEM, on page",atrae a tu cliente,ejemplos de sem y seo,50,10–100,baja
Aprender SEO,Qué es el SEO,"SEO y SEM, on page",atrae a tu cliente,ejemplos seo y sem,50,10–100,baja
Aprender SEO,Qué es el SEO,"SEO y SEM, on page",atrae a tu cliente,el seo on page es,50,10–100,baja
Aprender SEO,Qué es el SEO,"SEO y SEM, on page",atrae a tu cliente,empresa seo sem,50,10–100,baja
Aprender SEO,Qué es el SEO,"SEO y SEM, on page",atrae a tu cliente,estrategia de seo y sem,50,10–100,baja
Aprender SEO,Qué es el SEO,"SEO y SEM, on page",atrae a tu cliente,estrategia sem y seo,50,10–100,alta
Aprender SEO,Qué es el SEO,"SEO y SEM, on page",atrae a tu cliente,estrategias de posicionamiento seo y sem,50,10–100,baja
Aprender SEO,Qué es el SEO,"SEO y SEM, on page",atrae a tu cliente,estrategias seo y sem,50,10–100,alta
Aprender SEO,Qué es el SEO,"SEO y SEM, on page",atrae a tu cliente,fotos de seo,50,10–100,media
Aprender SEO,Qué es el SEO,"SEO y SEM, on page",atrae a tu cliente,fotos seo,50,10–100,media
Aprender SEO,Qué es el SEO,"SEO y SEM, on page",atrae a tu cliente,google ads seo sem,50,10–100,baja
Aprender SEO,Qué es el SEO,"SEO y SEM, on page",atrae a tu cliente,google analytics seo sem,50,10–100,baja
Aprender SEO,Qué es el SEO,"SEO y SEM, on page",atrae a tu cliente,google sem seo,50,10–100,media
Aprender SEO,Qué es el SEO,"SEO y SEM, on page",atrae a tu cliente,google seo y sem,50,10–100,media
Aprender SEO,Qué es el SEO,"SEO y SEM, on page",atrae a tu cliente,herramientas de seo y sem,50,10–100,baja
Aprender SEO,Qué es el SEO,"SEO y SEM, on page",atrae a tu cliente,herramientas para seo y sem,50,10–100,baja
Aprender SEO,Qué es el SEO,"SEO y SEM, on page",atrae a tu cliente,herramientas seo sem y smo,50,10–100,baja
Aprender SEO,Qué es el SEO,"SEO y SEM, on page",atrae a tu cliente,herramientas seo y sem,50,10–100,alta
Aprender SEO,Qué es el SEO,"SEO y SEM, on page",atrae a tu cliente,imagen seo,50,10–100,media
Aprender SEO,Qué es el SEO,"SEO y SEM, on page",atrae a tu cliente,imagenes de seo,50,10–100,media
Aprender SEO,Qué es el SEO,"SEO y SEM, on page",atrae a tu cliente,marketing digital seo sem,50,10–100,baja
Aprender SEO,Qué es el SEO,"SEO y SEM, on page",atrae a tu cliente,marketing digital seo y sem,50,10–100,
Aprender SEO,Qué es el SEO,"SEO y SEM, on page",atrae a tu cliente,marketing en buscadores seo sem,50,10–100,baja
Aprender SEO,Qué es el SEO,"SEO y SEM, on page",atrae a tu cliente,marketing seo y sem,50,10–100,media
Aprender SEO,Qué es el SEO,"SEO y SEM, on page",atrae a tu cliente,motores de busqueda seo y sem,50,10–100,baja
Aprender SEO,Qué es el SEO,"SEO y SEM, on page",atrae a tu cliente,online marketing seo sem,50,10–100,baja
Aprender SEO,Qué es el SEO,"SEO y SEM, on page",atrae a tu cliente,optimizacion seo on page,50,10–100,
Aprender SEO,Qué es el SEO,"SEO y SEM, on page",atrae a tu cliente,optimización seo on page,50,10–100,baja
Aprender SEO,Qué es el SEO,"SEO y SEM, on page",atrae a tu cliente,optimizar imagenes seo,50,10–100,baja
Aprender SEO,Qué es el SEO,"SEO y SEM, on page",atrae a tu cliente,posicionament web seo sem,50,10–100,media
Aprender SEO,Qué es el SEO,"SEO y SEM, on page",atrae a tu cliente,posicionamiento en buscadores seo y sem,50,10–100,media
Aprender SEO,Qué es el SEO,"SEO y SEM, on page",atrae a tu cliente,posicionamiento en google seo y sem,50,10–100,
Aprender SEO,Qué es el SEO,"SEO y SEM, on page",atrae a tu cliente,posicionamiento en paginas web seo sem,50,10–100,baja
Aprender SEO,Qué es el SEO,"SEO y SEM, on page",atrae a tu cliente,posicionamiento en páginas web seo sem,50,10–100,baja
Aprender SEO,Qué es el SEO,"SEO y SEM, on page",atrae a tu cliente,posicionamiento on page,50,10–100,baja
Aprender SEO,Qué es el SEO,"SEO y SEM, on page",atrae a tu cliente,posicionamiento sem y seo diferencias,50,10–100,baja
Aprender SEO,Qué es el SEO,"SEO y SEM, on page",atrae a tu cliente,posicionamiento seo on page,50,10–100,media
Aprender SEO,Qué es el SEO,"SEO y SEM, on page",atrae a tu cliente,posicionamiento seo y sem definicion,50,10–100,baja
Aprender SEO,Qué es el SEO,"SEO y SEM, on page",atrae a tu cliente,posicionamiento seo y sem ejemplos,50,10–100,baja
Aprender SEO,Qué es el SEO,"SEO y SEM, on page",atrae a tu cliente,posicionamiento seo y sem precio,50,10–100,media
Aprender SEO,Qué es el SEO,"SEO y SEM, on page",atrae a tu cliente,posicionamiento seo y sem que es,50,10–100,media
Aprender SEO,Qué es el SEO,"SEO y SEM, on page",atrae a tu cliente,posicionamiento web seo sem,50,10–100,media
Aprender SEO,Qué es el SEO,"SEO y SEM, on page",atrae a tu cliente,posicionamiento web seo y sem,50,10–100,media
Aprender SEO,Qué es el SEO,"SEO y SEM, on page",atrae a tu cliente,posicionar fotos en google,50,10–100,baja
Aprender SEO,Qué es el SEO,"SEO y SEM, on page",atrae a tu cliente,principal diferencia entre seo y sem,50,10–100,baja
Aprender SEO,Qué es el SEO,"SEO y SEM, on page",atrae a tu cliente,principales diferencias entre seo y sem,50,10–100,baja
Aprender SEO,Qué es el SEO,"SEO y SEM, on page",atrae a tu cliente,publicidad seo y sem,50,10–100,
Aprender SEO,Qué es el SEO,"SEO y SEM, on page",atrae a tu cliente,que diferencia hay entre seo y sem,50,10–100,media
Aprender SEO,Qué es el SEO,"SEO y SEM, on page",atrae a tu cliente,que es el posicionamiento seo y sem,50,10–100,alta
Aprender SEO,Qué es el SEO,"SEO y SEM, on page",atrae a tu cliente,que es el sem y seo,50,10–100,media
Aprender SEO,Qué es el SEO,"SEO y SEM, on page",atrae a tu cliente,que es el seo y sem en marketing,50,10–100,baja
Aprender SEO,Qué es el SEO,"SEO y SEM, on page",atrae a tu cliente,que es posicionamiento sem y seo,50,10–100,media
Aprender SEO,Qué es el SEO,"SEO y SEM, on page",atrae a tu cliente,que es posicionamiento seo y sem,50,10–100,media
Aprender SEO,Qué es el SEO,"SEO y SEM, on page",atrae a tu cliente,que es sem seo,50,10–100,baja
Aprender SEO,Qué es el SEO,"SEO y SEM, on page",atrae a tu cliente,que es sem y seo en marketing,50,10–100,
Aprender SEO,Qué es el SEO,"SEO y SEM, on page",atrae a tu cliente,que es seo sem y smo,50,10–100,baja
Aprender SEO,Qué es el SEO,"SEO y SEM, on page",atrae a tu cliente,que es seo y sem en marketing,50,10–100,alta
Aprender SEO,Qué es el SEO,"SEO y SEM, on page",atrae a tu cliente,que es seo y sem en marketing digital,50,10–100,alta
Aprender SEO,Qué es el SEO,"SEO y SEM, on page",atrae a tu cliente,que es seo y sem marketing digital,50,10–100,baja
Aprender SEO,Qué es el SEO,"SEO y SEM, on page",atrae a tu cliente,que es seo y sem wikipedia,50,10–100,baja
Aprender SEO,Qué es el SEO,"SEO y SEM, on page",atrae a tu cliente,que es un seo y sem,50,10–100,baja
Aprender SEO,Qué es el SEO,"SEO y SEM, on page",atrae a tu cliente,que significa sem y seo,50,10–100,alta
Aprender SEO,Qué es el SEO,"SEO y SEM, on page",atrae a tu cliente,que significa seo y sem,50,10–100,media
Aprender SEO,Qué es el SEO,"SEO y SEM, on page",atrae a tu cliente,que significan las siglas seo y sem,50,10–100,baja
Aprender SEO,Qué es el SEO,"SEO y SEM, on page",atrae a tu cliente,que son seo y sem,50,10–100,baja
Aprender SEO,Qué es el SEO,"SEO y SEM, on page",atrae a tu cliente,sem seo que es,50,10–100,media
Aprender SEO,Qué es el SEO,"SEO y SEM, on page",atrae a tu cliente,sem seo significado,50,10–100,baja
Aprender SEO,Qué es el SEO,"SEO y SEM, on page",atrae a tu cliente,sem seo smm,50,10–100,media
Aprender SEO,Qué es el SEO,"SEO y SEM, on page",atrae a tu cliente,sem seo smo,50,10–100,baja
Aprender SEO,Qué es el SEO,"SEO y SEM, on page",atrae a tu cliente,sem seo y mas,50,10–100,alta
Aprender SEO,Qué es el SEO,"SEO y SEM, on page",atrae a tu cliente,sem y seo definicion,50,10–100,media
Aprender SEO,Qué es el SEO,"SEO y SEM, on page",atrae a tu cliente,sem y seo diferencia,50,10–100,media
Aprender SEO,Qué es el SEO,"SEO y SEM, on page",atrae a tu cliente,sem y seo diferencias,50,10–100,media
Aprender SEO,Qué es el SEO,"SEO y SEM, on page",atrae a tu cliente,sem y seo ejemplos,50,10–100,baja
Aprender SEO,Qué es el SEO,"SEO y SEM, on page",atrae a tu cliente,sem y seo que es,50,10–100,baja
Aprender SEO,Qué es el SEO,"SEO y SEM, on page",atrae a tu cliente,sem y seo significado,50,10–100,media
Aprender SEO,Qué es el SEO,"SEO y SEM, on page",atrae a tu cliente,seo con imagenes,50,10–100,media
Aprender SEO,Qué es el SEO,"SEO y SEM, on page",atrae a tu cliente,seo de imagenes,50,10–100,media
Aprender SEO,Qué es el SEO,"SEO y SEM, on page",atrae a tu cliente,seo fotos,50,10–100,media
Aprender SEO,Qué es el SEO,"SEO y SEM, on page",atrae a tu cliente,seo imagen,50,10–100,media
Aprender SEO,Qué es el SEO,"SEO y SEM, on page",atrae a tu cliente,seo imagenes,50,10–100,media
Aprender SEO,Qué es el SEO,"SEO y SEM, on page",atrae a tu cliente,seo para imagenes,50,10–100,media
Aprender SEO,Qué es el SEO,"SEO y SEM, on page",atrae a tu cliente,seo para imágenes,50,10–100,media
Aprender SEO,Qué es el SEO,"SEO y SEM, on page",atrae a tu cliente,seo sem definicion,50,10–100,media
Aprender SEO,Qué es el SEO,"SEO y SEM, on page",atrae a tu cliente,seo sem google ads,50,10–100,baja
Aprender SEO,Qué es el SEO,"SEO y SEM, on page",atrae a tu cliente,seo sem marketing digital,50,10–100,baja
Aprender SEO,Qué es el SEO,"SEO y SEM, on page",atrae a tu cliente,seo sem online,50,10–100,baja
Aprender SEO,Qué es el SEO,"SEO y SEM, on page",atrae a tu cliente,seo sem que significa,50,10–100,baja
Aprender SEO,Qué es el SEO,"SEO y SEM, on page",atrae a tu cliente,seo sem serp,50,10–100,baja
Aprender SEO,Qué es el SEO,"SEO y SEM, on page",atrae a tu cliente,seo sem significado,50,10–100,media
Aprender SEO,Qué es el SEO,"SEO y SEM, on page",atrae a tu cliente,seo sem smo,50,10–100,baja
Aprender SEO,Qué es el SEO,"SEO y SEM, on page",atrae a tu cliente,seo sem smo smm,50,10–100,baja
Aprender SEO,Qué es el SEO,"SEO y SEM, on page",atrae a tu cliente,seo sem y sea,50,10–100,media
Aprender SEO,Qué es el SEO,"SEO y SEM, on page",atrae a tu cliente,seo sem y smm,50,10–100,baja
Aprender SEO,Qué es el SEO,"SEO y SEM, on page",atrae a tu cliente,seo sem y smo,50,10–100,media
Aprender SEO,Qué es el SEO,"SEO y SEM, on page",atrae a tu cliente,seo y sem características,50,10–100,baja
Aprender SEO,Qué es el SEO,"SEO y SEM, on page",atrae a tu cliente,seo y sem definicion,50,10–100,media
Aprender SEO,Qué es el SEO,"SEO y SEM, on page",atrae a tu cliente,seo y sem ejemplos,50,10–100,alta
Aprender SEO,Qué es el SEO,"SEO y SEM, on page",atrae a tu cliente,seo y sem en marketing digital,50,10–100,alta
Aprender SEO,Qué es el SEO,"SEO y SEM, on page",atrae a tu cliente,seo y sem estrategias de posicionamiento en google,50,10–100,baja
Aprender SEO,Qué es el SEO,"SEO y SEM, on page",atrae a tu cliente,seo y sem google,50,10–100,alta
Aprender SEO,Qué es el SEO,"SEO y SEM, on page",atrae a tu cliente,seo y sem marketing digital,50,10–100,baja
Aprender SEO,Qué es el SEO,"SEO y SEM, on page",atrae a tu cliente,seo y sem marketing digital pdf,50,10–100,baja
Aprender SEO,Qué es el SEO,"SEO y SEM, on page",atrae a tu cliente,seo y sem marketing online,50,10–100,baja
Aprender SEO,Qué es el SEO,"SEO y SEM, on page",atrae a tu cliente,seo y sem marketing que es,50,10–100,baja
Aprender SEO,Qué es el SEO,"SEO y SEM, on page",atrae a tu cliente,seo y sem pdf,50,10–100,baja
Aprender SEO,Qué es el SEO,"SEO y SEM, on page",atrae a tu cliente,seo y sem que significa,50,10–100,baja
Aprender SEO,Qué es el SEO,"SEO y SEM, on page",atrae a tu cliente,seo y sem que son,50,10–100,media
Aprender SEO,Qué es el SEO,"SEO y SEM, on page",atrae a tu cliente,seo y sem siglas,50,10–100,media
Aprender SEO,Qué es el SEO,"SEO y SEM, on page",atrae a tu cliente,seo y sem significado,50,10–100,media
Aprender SEO,Qué es el SEO,"SEO y SEM, on page",atrae a tu cliente,seo y sem wikipedia,50,10–100,baja
Aprender SEO,Qué es el SEO,"SEO y SEM, on page",atrae a tu cliente,servicio seo y sem,50,10–100,baja
Aprender SEO,Qué es el SEO,"SEO y SEM, on page",atrae a tu cliente,siglas seo y sem,50,10–100,media
Aprender SEO,Qué es el SEO,"SEO y SEM, on page",atrae a tu cliente,significado de seo y sem,50,10–100,media
Aprender SEO,Qué es el SEO,"SEO y SEM, on page",atrae a tu cliente,significado seo y sem,50,10–100,media
Aprender SEO,Qué es el SEO,"SEO y SEM, on page",atrae a tu cliente,tecnicas seo y sem,50,10–100,alta
Aprender SEO,Qué es el SEO,"SEO y SEM, on page",atrae a tu cliente,tecnico seo y sem,50,10–100,baja
Aprender SEO,Qué es el SEO,"SEO y SEM, on page",atrae a tu cliente,web seo sem,50,10–100,baja
Autoridad y enlaces,Link building,Autoridad de dominio,atrae a tu cliente,autoridad de dominio,500,100–1.000,media
Autoridad y enlaces,Link building,Autoridad de dominio,atrae a tu cliente,aumentar autoridad de dominio,50,10–100,
Autoridad y enlaces,Link building,Autoridad de dominio,atrae a tu cliente,autoridad de dominio medir,50,10–100,baja
Autoridad y enlaces,Link building,Autoridad de dominio,atrae a tu cliente,autoridad de dominio que es,50,10–100,media
Autoridad y enlaces,Link building,Autoridad de dominio,atrae a tu cliente,autoridad de un dominio,50,10–100,media
Autoridad y enlaces,Link building,Autoridad de dominio,atrae a tu cliente,autoridad del dominio,50,10–100,media
Autoridad y enlaces,Link building,Autoridad de dominio,atrae a tu cliente,autoridad dominio,50,10–100,media
Autoridad y enlaces,Link building,Autoridad de dominio,atrae a tu cliente,calcular autoridad de dominio,50,10–100,baja
Autoridad y enlaces,Link building,Autoridad de dominio,atrae a tu cliente,comprobar autoridad de dominio,50,10–100,media
Autoridad y enlaces,Link building,Autoridad de dominio,atrae a tu cliente,da pa rank checker,50,10–100,media
Autoridad y enlaces,Link building,Autoridad de dominio,atrae a tu cliente,domain authority que es,50,10–100,media
Autoridad y enlaces,Link building,Autoridad de dominio,atrae a tu cliente,dominio autoridad,50,10–100,media
Autoridad y enlaces,Link building,Autoridad de dominio,atrae a tu cliente,dominio de autoridad,50,10–100,baja
Autoridad y enlaces,Link building,Autoridad de dominio,atrae a tu cliente,medir autoridad de dominio,50,10–100,media
Autoridad y enlaces,Link building,Autoridad de dominio,atrae a tu cliente,medir pagerank,50,10–100,
Autoridad y enlaces,Link building,Autoridad de dominio,atrae a tu cliente,medir pagerank gratis,50,10–100,baja
Autoridad y enlaces,Link building,Autoridad de dominio,atrae a tu cliente,page rank que es,50,10–100,media
Autoridad y enlaces,Link building,Autoridad de dominio,atrae a tu cliente,pagerank check,50,10–100,media
Autoridad y enlaces,Link building,Autoridad de dominio,atrae a tu cliente,pagerank google check,50,10–100,media
Autoridad y enlaces,Link building,Autoridad de dominio,atrae a tu cliente,pagerank test,50,10–100,media
Autoridad y enlaces,Link building,Autoridad de dominio,atrae a tu cliente,que es autoridad de dominio,50,10–100,media
Autoridad y enlaces,Link building,Autoridad de dominio,atrae a tu cliente,que es domain authority,50,10–100,media
Autoridad y enlaces,Link building,Autoridad de dominio,atrae a tu cliente,que es el domain authority,50,10–100,baja
Autoridad y enlaces,Link building,Autoridad de dominio,atrae a tu cliente,que es el page rank,50,10–100,media
Autoridad y enlaces,Link building,Autoridad de dominio,atrae a tu cliente,que es la autoridad de dominio,50,10–100,media
Autoridad y enlaces,Link building,Autoridad de dominio,atrae a tu cliente,que es page rank,50,10–100,media
Autoridad y enlaces,Link building,Autoridad de dominio,atrae a tu cliente,saber autoridad de un dominio,50,10–100,baja
Autoridad y enlaces,Link building,Autoridad de dominio,atrae a tu cliente,ver autoridad de dominio,50,10–100,media
Autoridad y enlaces,Link building,Link building y backlinks,atrae a tu cliente,analisis de backlinks,500,100–1.000,baja
Autoridad y enlaces,Link building,Link building y backlinks,atrae a tu cliente,backlinks,500,100–1.000,alta
Autoridad y enlaces,Link building,Link building y backlinks,atrae a tu cliente,backlinks de calidad,500,100–1.000,alta
Autoridad y enlaces,Link building,Link building y backlinks,atrae a tu cliente,backlinks que es,500,100–1.000,media
Autoridad y enlaces,Link building,Link building y backlinks,atrae a tu cliente,enlace nofollow,500,100–1.000,alta
Autoridad y enlaces,Link building,Link building y backlinks,atrae a tu cliente,enlaces dofollow,500,100–1.000,alta
Autoridad y enlaces,Link building,Link building y backlinks,atrae a tu cliente,enlaces nofollow,500,100–1.000,alta
Autoridad y enlaces,Link building,Link building y backlinks,atrae a tu cliente,guest posting,500,100–1.000,media
Autoridad y enlaces,Link building,Link building y backlinks,atrae a tu cliente,herramienta backlinks,500,100–1.000,baja
Autoridad y enlaces,Link building,Link building y backlinks,atrae a tu cliente,link building,500,100–1.000,media
Autoridad y enlaces,Link building,Link building y backlinks,atrae a tu cliente,link building que es,500,100–1.000,media
Autoridad y enlaces,Link building,Link building y backlinks,atrae a tu cliente,linkbuilding que es,500,100–1.000,media
Autoridad y enlaces,Link building,Link building y backlinks,atrae a tu cliente,que es backlinks,500,100–1.000,media
Autoridad y enlaces,Link building,Link building y backlinks,atrae a tu cliente,que es el link building,500,100–1.000,media
Autoridad y enlaces,Link building,Link building y backlinks,atrae a tu cliente,que es el linkbuilding,500,100–1.000,media
Autoridad y enlaces,Link building,Link building y backlinks,atrae a tu cliente,que es un backlink,500,100–1.000,alta
Autoridad y enlaces,Link building,Link building y backlinks,atrae a tu cliente,que son los backlinks,500,100–1.000,alta
Autoridad y enlaces,Link building,Link building y backlinks,atrae a tu cliente,seo off page,500,100–1.000,media
Autoridad y enlaces,Link building,Link building y backlinks,atrae a tu cliente,ver backlinks de una web,500,100–1.000,
Autoridad y enlaces,Link building,Link building y backlinks,atrae a tu cliente,ver los backlinks de una web,500,100–1.000,baja
Autoridad y enlaces,Link building,Link building y backlinks,atrae a tu cliente,analisis backlinks,50,10–100,
Autoridad y enlaces,Link building,Link building y backlinks,atrae a tu cliente,analizar backlinks gratis,50,10–100,baja
Autoridad y enlaces,Link building,Link building y backlinks,atrae a tu cliente,back link gratis,50,10–100,baja
Autoridad y enlaces,Link building,Link building y backlinks,atrae a tu cliente,backlink significado,50,10–100,media
Autoridad y enlaces,Link building,Link building y backlinks,atrae a tu cliente,backlink toxico,50,10–100,baja
Autoridad y enlaces,Link building,Link building y backlinks,atrae a tu cliente,backlinks a mi web,50,10–100,
Autoridad y enlaces,Link building,Link building y backlinks,atrae a tu cliente,backlinks de calidad gratis,50,10–100,baja
Autoridad y enlaces,Link building,Link building y backlinks,atrae a tu cliente,backlinks de una web,50,10–100,
Autoridad y enlaces,Link building,Link building y backlinks,atrae a tu cliente,backlinks definicion,50,10–100,baja
Autoridad y enlaces,Link building,Link building y backlinks,atrae a tu cliente,backlinks ejemplos,50,10–100,alta
Autoridad y enlaces,Link building,Link building y backlinks,atrae a tu cliente,backlinks en seo,50,10–100,
Autoridad y enlaces,Link building,Link building y backlinks,atrae a tu cliente,backlinks gratis,50,10–100,alta
Autoridad y enlaces,Link building,Link building y backlinks,atrae a tu cliente,backlinks gratis 2022,50,10–100,baja
Autoridad y enlaces,Link building,Link building y backlinks,atrae a tu cliente,backlinks high da,50,10–100,baja
Autoridad y enlaces,Link building,Link building y backlinks,atrae a tu cliente,backlinks latam,50,10–100,baja
Autoridad y enlaces,Link building,Link building y backlinks,atrae a tu cliente,backlinks marketing,50,10–100,alta
Autoridad y enlaces,Link building,Link building y backlinks,atrae a tu cliente,backlinks para seo,50,10–100,baja
Autoridad y enlaces,Link building,Link building y backlinks,atrae a tu cliente,backlinks que son,50,10–100,media
Autoridad y enlaces,Link building,Link building y backlinks,atrae a tu cliente,backlinks significado,50,10–100,media
Autoridad y enlaces,Link building,Link building y backlinks,atrae a tu cliente,backlinks toxicos,50,10–100,baja
Autoridad y enlaces,Link building,Link building y backlinks,atrae a tu cliente,backlinks web,50,10–100,alta
Autoridad y enlaces,Link building,Link building y backlinks,atrae a tu cliente,backlinks web 2.0,50,10–100,baja
Autoridad y enlaces,Link building,Link building y backlinks,atrae a tu cliente,backlinks wordpress,50,10–100,media
Autoridad y enlaces,Link building,Link building y backlinks,atrae a tu cliente,backlinktool,50,10–100,media
Autoridad y enlaces,Link building,Link building y backlinks,atrae a tu cliente,black hat linkbuilding,50,10–100,baja
Autoridad y enlaces,Link building,Link building y backlinks,atrae a tu cliente,buscar backlinks,50,10–100,
Autoridad y enlaces,Link building,Link building y backlinks,atrae a tu cliente,comprobar backlinks de una web,50,10–100,media
Autoridad y enlaces,Link building,Link building y backlinks,atrae a tu cliente,conseguir backlinks,50,10–100,
Autoridad y enlaces,Link building,Link building y backlinks,atrae a tu cliente,conseguir backlinks de calidad,50,10–100,
Autoridad y enlaces,Link building,Link building y backlinks,atrae a tu cliente,conseguir backlinks de calidad gratis,50,10–100,baja
Autoridad y enlaces,Link building,Link building y backlinks,atrae a tu cliente,conseguir backlinks gratis,50,10–100,
Autoridad y enlaces,Link building,Link building y backlinks,atrae a tu cliente,conseguir enlaces dofollow,50,10–100,baja
Autoridad y enlaces,Link building,Link building y backlinks,atrae a tu cliente,digital pr,50,10–100,media
Autoridad y enlaces,Link building,Link building y backlinks,atrae a tu cliente,dofollow que es,50,10–100,baja
Autoridad y enlaces,Link building,Link building y backlinks,atrae a tu cliente,ejemplos de backlinks,50,10–100,media
Autoridad y enlaces,Link building,Link building y backlinks,atrae a tu cliente,ejemplos de seo off page,50,10–100,baja
Autoridad y enlaces,Link building,Link building y backlinks,atrae a tu cliente,enlace dofollow y nofollow,50,10–100,media
Autoridad y enlaces,Link building,Link building y backlinks,atrae a tu cliente,enlace seo,50,10–100,
Autoridad y enlaces,Link building,Link building y backlinks,atrae a tu cliente,enlaces de calidad,50,10–100,alta
Autoridad y enlaces,Link building,Link building y backlinks,atrae a tu cliente,enlaces dofollow gratis,50,10–100,baja
Autoridad y enlaces,Link building,Link building y backlinks,atrae a tu cliente,enlaces dofollow y nofollow,50,10–100,media
Autoridad y enlaces,Link building,Link building y backlinks,atrae a tu cliente,enlaces entrantes,50,10–100,media
Autoridad y enlaces,Link building,Link building y backlinks,atrae a tu cliente,enlaces externos nofollow,50,10–100,media
Autoridad y enlaces,Link building,Link building y backlinks,atrae a tu cliente,enlaces externos seo,50,10–100,baja
Autoridad y enlaces,Link building,Link building y backlinks,atrae a tu cliente,enlaces nofollow y dofollow,50,10–100,baja
Autoridad y enlaces,Link building,Link building y backlinks,atrae a tu cliente,enlaces salientes seo,50,10–100,baja
Autoridad y enlaces,Link building,Link building y backlinks,atrae a tu cliente,enlaces salientes wordpress,50,10–100,baja
Autoridad y enlaces,Link building,Link building y backlinks,atrae a tu cliente,enlaces salientes yoast seo,50,10–100,baja
Autoridad y enlaces,Link building,Link building y backlinks,atrae a tu cliente,enlaces seo,50,10–100,
Autoridad y enlaces,Link building,Link building y backlinks,atrae a tu cliente,gratis backlink,50,10–100,alta
Autoridad y enlaces,Link building,Link building y backlinks,atrae a tu cliente,hacer link building,50,10–100,baja
Autoridad y enlaces,Link building,Link building y backlinks,atrae a tu cliente,herramientas link building,50,10–100,
Autoridad y enlaces,Link building,Link building y backlinks,atrae a tu cliente,link building definicion,50,10–100,baja
Autoridad y enlaces,Link building,Link building y backlinks,atrae a tu cliente,link building ejemplos,50,10–100,media
Autoridad y enlaces,Link building,Link building y backlinks,atrae a tu cliente,link building etico,50,10–100,baja
Autoridad y enlaces,Link building,Link building y backlinks,atrae a tu cliente,link building google,50,10–100,baja
Autoridad y enlaces,Link building,Link building y backlinks,atrae a tu cliente,link building in spanish,50,10–100,media
Autoridad y enlaces,Link building,Link building y backlinks,atrae a tu cliente,link building latam,50,10–100,baja
Autoridad y enlaces,Link building,Link building y backlinks,atrae a tu cliente,link building seo que es,50,10–100,baja
Autoridad y enlaces,Link building,Link building y backlinks,atrae a tu cliente,linkbuilding 2020,50,10–100,baja
Autoridad y enlaces,Link building,Link building y backlinks,atrae a tu cliente,linkbuilding 2022,50,10–100,baja
Autoridad y enlaces,Link building,Link building y backlinks,atrae a tu cliente,linkbuilding 2023,50,10–100,baja
Autoridad y enlaces,Link building,Link building y backlinks,atrae a tu cliente,linkbuilding de calidad,50,10–100,
Autoridad y enlaces,Link building,Link building y backlinks,atrae a tu cliente,linkbuilding gratis,50,10–100,
Autoridad y enlaces,Link building,Link building y backlinks,atrae a tu cliente,linkbuilding seo,50,10–100,
Autoridad y enlaces,Link building,Link building y backlinks,atrae a tu cliente,links entrantes,50,10–100,baja
Autoridad y enlaces,Link building,Link building y backlinks,atrae a tu cliente,lista de backlinks,50,10–100,baja
Autoridad y enlaces,Link building,Link building y backlinks,atrae a tu cliente,lista de backlinks gratis,50,10–100,baja
Autoridad y enlaces,Link building,Link building y backlinks,atrae a tu cliente,los backlinks,50,10–100,baja
Autoridad y enlaces,Link building,Link building y backlinks,atrae a tu cliente,marketing digital producto,50,10–100,baja
Autoridad y enlaces,Link building,Link building y backlinks,atrae a tu cliente,on page y off page,50,10–100,baja
Autoridad y enlaces,Link building,Link building y backlinks,atrae a tu cliente,pr online marketing,50,10–100,baja
Autoridad y enlaces,Link building,Link building y backlinks,atrae a tu cliente,que es backlink en marketing,50,10–100,baja
Autoridad y enlaces,Link building,Link building y backlinks,atrae a tu cliente,que es el backlink,50,10–100,media
Autoridad y enlaces,Link building,Link building y backlinks,atrae a tu cliente,que es el link building en marketing,50,10–100,baja
Autoridad y enlaces,Link building,Link building y backlinks,atrae a tu cliente,que es el seo off page,50,10–100,media
Autoridad y enlaces,Link building,Link building y backlinks,atrae a tu cliente,que es el seo on page y off page,50,10–100,baja
Autoridad y enlaces,Link building,Link building y backlinks,atrae a tu cliente,que es link building,50,10–100,media
Autoridad y enlaces,Link building,Link building y backlinks,atrae a tu cliente,que es linkbuilding,50,10–100,media
Autoridad y enlaces,Link building,Link building y backlinks,atrae a tu cliente,que es linkbuilding marketing,50,10–100,baja
Autoridad y enlaces,Link building,Link building y backlinks,atrae a tu cliente,que es seo off page,50,10–100,media
Autoridad y enlaces,Link building,Link building y backlinks,atrae a tu cliente,que es seo on page y off page,50,10–100,media
Autoridad y enlaces,Link building,Link building y backlinks,atrae a tu cliente,que es un back link,50,10–100,media
Autoridad y enlaces,Link building,Link building y backlinks,atrae a tu cliente,que es un backlink seo,50,10–100,baja
Autoridad y enlaces,Link building,Link building y backlinks,atrae a tu cliente,que es un backlink y como funciona,50,10–100,baja
Autoridad y enlaces,Link building,Link building y backlinks,atrae a tu cliente,que es un backlink y para que sirve,50,10–100,baja
Autoridad y enlaces,Link building,Link building y backlinks,atrae a tu cliente,que es un backlinks en marketing,50,10–100,baja
Autoridad y enlaces,Link building,Link building y backlinks,atrae a tu cliente,que es un enlace interno,50,10–100,baja
Autoridad y enlaces,Link building,Link building y backlinks,atrae a tu cliente,que es un link building,50,10–100,alta
Autoridad y enlaces,Link building,Link building y backlinks,atrae a tu cliente,que significa nofollow,50,10–100,alta
Autoridad y enlaces,Link building,Link building y backlinks,atrae a tu cliente,que son backlinks,50,10–100,alta
Autoridad y enlaces,Link building,Link building y backlinks,atrae a tu cliente,que son backlinks seo,50,10–100,baja
Autoridad y enlaces,Link building,Link building y backlinks,atrae a tu cliente,que son los backlinks en una pagina web,50,10–100,media
Autoridad y enlaces,Link building,Link building y backlinks,atrae a tu cliente,que son los backlinks seo,50,10–100,baja
Autoridad y enlaces,Link building,Link building y backlinks,atrae a tu cliente,qué es el seo off page,50,10–100,media
Autoridad y enlaces,Link building,Link building y backlinks,atrae a tu cliente,qué es seo off page,50,10–100,
Autoridad y enlaces,Link building,Link building y backlinks,atrae a tu cliente,seo backlinks 2019,50,10–100,baja
Autoridad y enlaces,Link building,Link building y backlinks,atrae a tu cliente,seo enlaces,50,10–100,
Autoridad y enlaces,Link building,Link building y backlinks,atrae a tu cliente,seo off page definicion,50,10–100,media
Autoridad y enlaces,Link building,Link building y backlinks,atrae a tu cliente,seo off page ejemplos,50,10–100,alta
Autoridad y enlaces,Link building,Link building y backlinks,atrae a tu cliente,seo off page que es,50,10–100,media
Autoridad y enlaces,Link building,Link building y backlinks,atrae a tu cliente,seo off site,50,10–100,media
Autoridad y enlaces,Link building,Link building y backlinks,atrae a tu cliente,seo on page y off page,50,10–100,media
Autoridad y enlaces,Link building,Link building y backlinks,atrae a tu cliente,seo on page y off page ejemplos,50,10–100,baja
Autoridad y enlaces,Link building,Link building y backlinks,atrae a tu cliente,seo on page y seo off page,50,10–100,media
Autoridad y enlaces,Link building,Link building y backlinks,atrae a tu cliente,seo on y off page,50,10–100,baja
Autoridad y enlaces,Link building,Link building y backlinks,atrae a tu cliente,seo onpage y offpage,50,10–100,media
Autoridad y enlaces,Link building,Link building y backlinks,atrae a tu cliente,tecnicas de linkbuilding,50,10–100,baja
Autoridad y enlaces,Link building,Link building y backlinks,atrae a tu cliente,tipos de backlinks,50,10–100,media
Autoridad y enlaces,Link building,Link building y backlinks,atrae a tu cliente,tipos de enlaces seo,50,10–100,baja
Autoridad y enlaces,Link building,Link building y backlinks,atrae a tu cliente,ver backlinks de mi web,50,10–100,baja
Autoridad y enlaces,Link building,Link building y backlinks,atrae a tu cliente,ver backlinks de una pagina,50,10–100,baja
Autoridad y enlaces,Link building,Link building y backlinks,atrae a tu cliente,white hat linkbuilding,50,10–100,media
Autoridad y enlaces,Link building,Servicio de link building,fuera de foco,agencia de linkbuilding,500,100–1.000,media
Autoridad y enlaces,Link building,Servicio de link building,fuera de foco,agencia link building,500,100–1.000,media
Autoridad y enlaces,Link building,Servicio de link building,fuera de foco,agencia linkbuilding,500,100–1.000,media
Autoridad y enlaces,Link building,Servicio de link building,fuera de foco,agencias de linkbuilding,500,100–1.000,media
Autoridad y enlaces,Link building,Servicio de link building,fuera de foco,servicio de link building,500,100–1.000,alta
Autoridad y enlaces,Link building,Servicio de link building,fuera de foco,servicio de linkbuilding,500,100–1.000,alta
Autoridad y enlaces,Link building,Servicio de link building,fuera de foco,agencia de backlinks,50,10–100,alta
Autoridad y enlaces,Link building,Servicio de link building,fuera de foco,compra de backlinks,50,10–100,alta
Autoridad y enlaces,Link building,Servicio de link building,fuera de foco,empresa de link building,50,10–100,baja
Autoridad y enlaces,Link building,Servicio de link building,fuera de foco,empresa de linkbuilding,50,10–100,baja
Autoridad y enlaces,Link building,Servicio de link building,fuera de foco,empresa link building,50,10–100,baja
Autoridad y enlaces,Link building,Servicio de link building,fuera de foco,linkbuilding freelancer,50,10–100,baja
Autoridad y enlaces,Link building,Servicio de link building,fuera de foco,precio linkbuilding,50,10–100,alta
Autoridad y enlaces,Link building,Servicio de link building,fuera de foco,servicio linkbuilding,50,10–100,media
Búsqueda con IA (GEO),GEO / SEO para IA,AI Overviews y AI Mode,servicio,ai overviews,5000,1.000–10.000,media
Búsqueda con IA (GEO),GEO / SEO para IA,AI Overviews y AI Mode,servicio,google ai mode,5000,1.000–10.000,media
Búsqueda con IA (GEO),GEO / SEO para IA,AI Overviews y AI Mode,servicio,aparecer en ai overviews,0,<10,baja
Búsqueda con IA (GEO),GEO / SEO para IA,AI Overviews y AI Mode,servicio,citas en ai overviews,0,<10,baja
Búsqueda con IA (GEO),GEO / SEO para IA,AI Overviews y AI Mode,servicio,optimizar para ai overviews,0,<10,baja
Búsqueda con IA (GEO),GEO / SEO para IA,"Posicionar en ChatGPT, Perplexity y LLMs",servicio,chat gpt para seo,50,10–100,
Búsqueda con IA (GEO),GEO / SEO para IA,"Posicionar en ChatGPT, Perplexity y LLMs",servicio,chat gpt seo,50,10–100,
Búsqueda con IA (GEO),GEO / SEO para IA,"Posicionar en ChatGPT, Perplexity y LLMs",servicio,chat gpt seo google,50,10–100,baja
Búsqueda con IA (GEO),GEO / SEO para IA,"Posicionar en ChatGPT, Perplexity y LLMs",servicio,chatgpt para seo,50,10–100,media
Búsqueda con IA (GEO),GEO / SEO para IA,"Posicionar en ChatGPT, Perplexity y LLMs",servicio,openai seo,50,10–100,media
Búsqueda con IA (GEO),GEO / SEO para IA,"Posicionar en ChatGPT, Perplexity y LLMs",servicio,posicionamiento en chatgpt,50,10–100,alta
Búsqueda con IA (GEO),GEO / SEO para IA,"Posicionar en ChatGPT, Perplexity y LLMs",servicio,seo chatgpt,50,10–100,alta
Búsqueda con IA (GEO),GEO / SEO para IA,"Posicionar en ChatGPT, Perplexity y LLMs",servicio,seo para llms,50,10–100,alta
Búsqueda con IA (GEO),GEO / SEO para IA,"Posicionar en ChatGPT, Perplexity y LLMs",servicio,seo perplexity,50,10–100,baja
Búsqueda con IA (GEO),GEO / SEO para IA,"Posicionar en ChatGPT, Perplexity y LLMs",servicio,medir visibilidad en chatgpt,0,<10,baja
Búsqueda con IA (GEO),GEO / SEO para IA,"Qué es GEO, AEO y SEO para IA",servicio,generative engine optimization,500,100–1.000,alta
Búsqueda con IA (GEO),GEO / SEO para IA,"Qué es GEO, AEO y SEO para IA",servicio,geo seo,500,100–1.000,alta
Búsqueda con IA (GEO),GEO / SEO para IA,"Qué es GEO, AEO y SEO para IA",servicio,geoseo,500,100–1.000,alta
Búsqueda con IA (GEO),GEO / SEO para IA,"Qué es GEO, AEO y SEO para IA",servicio,seo para ia,500,100–1.000,alta
Búsqueda con IA (GEO),GEO / SEO para IA,"Qué es GEO, AEO y SEO para IA",servicio,aeo seo,50,10–100,alta
Búsqueda con IA (GEO),GEO / SEO para IA,"Qué es GEO, AEO y SEO para IA",servicio,seo con ia,50,10–100,alta
Búsqueda con IA (GEO),GEO / SEO para IA,"Qué es GEO, AEO y SEO para IA",servicio,contenido seo con ia,0,<10,baja
Búsqueda con IA (GEO),GEO / SEO para IA,"Qué es GEO, AEO y SEO para IA",servicio,seo en la era de la ia,0,<10,baja
Búsqueda con IA (GEO),GEO / SEO para IA,"Qué es GEO, AEO y SEO para IA",servicio,visibilidad en ia,0,<10,baja
Búsqueda con IA (GEO),GEO / SEO para IA,llms.txt,servicio,llms txt,500,100–1.000,media
Contenido y keywords,Contenido SEO,Canibalización y enlazado interno,atrae a tu cliente,canibalizacion seo,50,10–100,media
Contenido y keywords,Contenido SEO,Canibalización y enlazado interno,atrae a tu cliente,canibalizaciones,50,10–100,media
Contenido y keywords,Contenido SEO,Canibalización y enlazado interno,atrae a tu cliente,canibalizaciones seo,50,10–100,media
Contenido y keywords,Contenido SEO,Canibalización y enlazado interno,atrae a tu cliente,canibalización seo,50,10–100,media
Contenido y keywords,Contenido SEO,Canibalización y enlazado interno,atrae a tu cliente,enlaces internos,50,10–100,media
Contenido y keywords,Contenido SEO,Canibalización y enlazado interno,atrae a tu cliente,enlaces internos de una pagina web,50,10–100,baja
Contenido y keywords,Contenido SEO,Canibalización y enlazado interno,atrae a tu cliente,enlaces internos ejemplos,50,10–100,baja
Contenido y keywords,Contenido SEO,Canibalización y enlazado interno,atrae a tu cliente,enlaces internos seo,50,10–100,media
Contenido y keywords,Contenido SEO,Canibalización y enlazado interno,atrae a tu cliente,enlaces internos y externos,50,10–100,media
Contenido y keywords,Contenido SEO,Canibalización y enlazado interno,atrae a tu cliente,enlaces internos y externos en html,50,10–100,baja
Contenido y keywords,Contenido SEO,Canibalización y enlazado interno,atrae a tu cliente,enlazado interno,50,10–100,media
Contenido y keywords,Contenido SEO,Canibalización y enlazado interno,atrae a tu cliente,enlazado interno seo,50,10–100,media
Contenido y keywords,Contenido SEO,Canibalización y enlazado interno,atrae a tu cliente,link building interno,50,10–100,baja
Contenido y keywords,Contenido SEO,Canibalización y enlazado interno,atrae a tu cliente,que son los enlaces internos,50,10–100,baja
Contenido y keywords,Contenido SEO,Redacción y estrategia de contenidos SEO,atrae a tu cliente,contenido seo,500,100–1.000,media
Contenido y keywords,Contenido SEO,Redacción y estrategia de contenidos SEO,atrae a tu cliente,copywriting seo,500,100–1.000,media
Contenido y keywords,Contenido SEO,Redacción y estrategia de contenidos SEO,atrae a tu cliente,articulos de seo,50,10–100,baja
Contenido y keywords,Contenido SEO,Redacción y estrategia de contenidos SEO,atrae a tu cliente,blog de posicionamiento web,50,10–100,baja
Contenido y keywords,Contenido SEO,Redacción y estrategia de contenidos SEO,atrae a tu cliente,blog linkbuilding,50,10–100,baja
Contenido y keywords,Contenido SEO,Redacción y estrategia de contenidos SEO,atrae a tu cliente,blog para seo,50,10–100,media
Contenido y keywords,Contenido SEO,Redacción y estrategia de contenidos SEO,atrae a tu cliente,blog posicionamiento seo,50,10–100,alta
Contenido y keywords,Contenido SEO,Redacción y estrategia de contenidos SEO,atrae a tu cliente,blog posicionamiento web,50,10–100,
Contenido y keywords,Contenido SEO,Redacción y estrategia de contenidos SEO,atrae a tu cliente,blog seo español,50,10–100,baja
Contenido y keywords,Contenido SEO,Redacción y estrategia de contenidos SEO,atrae a tu cliente,blog sobre seo,50,10–100,
Contenido y keywords,Contenido SEO,Redacción y estrategia de contenidos SEO,atrae a tu cliente,blogs de seo,50,10–100,media
Contenido y keywords,Contenido SEO,Redacción y estrategia de contenidos SEO,atrae a tu cliente,cluster seo,50,10–100,media
Contenido y keywords,Contenido SEO,Redacción y estrategia de contenidos SEO,atrae a tu cliente,como escribir para seo,50,10–100,baja
Contenido y keywords,Contenido SEO,Redacción y estrategia de contenidos SEO,atrae a tu cliente,contenido b2b,50,10–100,alta
Contenido y keywords,Contenido SEO,Redacción y estrategia de contenidos SEO,atrae a tu cliente,contenido de branding,50,10–100,media
Contenido y keywords,Contenido SEO,Redacción y estrategia de contenidos SEO,atrae a tu cliente,contenido de internet,50,10–100,baja
Contenido y keywords,Contenido SEO,Redacción y estrategia de contenidos SEO,atrae a tu cliente,contenido de marca,50,10–100,media
Contenido y keywords,Contenido SEO,Redacción y estrategia de contenidos SEO,atrae a tu cliente,contenido de posicionamiento,50,10–100,baja
Contenido y keywords,Contenido SEO,Redacción y estrategia de contenidos SEO,atrae a tu cliente,contenido de valor marketing,50,10–100,baja
Contenido y keywords,Contenido SEO,Redacción y estrategia de contenidos SEO,atrae a tu cliente,contenido de valor para emprendedores,50,10–100,media
Contenido y keywords,Contenido SEO,Redacción y estrategia de contenidos SEO,atrae a tu cliente,contenido de valor para inmobiliarias,50,10–100,baja
Contenido y keywords,Contenido SEO,Redacción y estrategia de contenidos SEO,atrae a tu cliente,contenido digital que es,50,10–100,media
Contenido y keywords,Contenido SEO,Redacción y estrategia de contenidos SEO,atrae a tu cliente,contenido educativo marketing,50,10–100,baja
Contenido y keywords,Contenido SEO,Redacción y estrategia de contenidos SEO,atrae a tu cliente,contenido en marketing,50,10–100,baja
Contenido y keywords,Contenido SEO,Redacción y estrategia de contenidos SEO,atrae a tu cliente,contenido organico marketing,50,10–100,alta
Contenido y keywords,Contenido SEO,Redacción y estrategia de contenidos SEO,atrae a tu cliente,contenido para seo,50,10–100,media
Contenido y keywords,Contenido SEO,Redacción y estrategia de contenidos SEO,atrae a tu cliente,contenido seo friendly,50,10–100,baja
Contenido y keywords,Contenido SEO,Redacción y estrategia de contenidos SEO,atrae a tu cliente,contenido seo para web,50,10–100,media
Contenido y keywords,Contenido SEO,Redacción y estrategia de contenidos SEO,atrae a tu cliente,contenido seo que es,50,10–100,media
Contenido y keywords,Contenido SEO,Redacción y estrategia de contenidos SEO,atrae a tu cliente,contenido y seo,50,10–100,baja
Contenido y keywords,Contenido SEO,Redacción y estrategia de contenidos SEO,atrae a tu cliente,contenidos advertising sa,50,10–100,baja
Contenido y keywords,Contenido SEO,Redacción y estrategia de contenidos SEO,atrae a tu cliente,contenidos de valor en marketing,50,10–100,baja
Contenido y keywords,Contenido SEO,Redacción y estrategia de contenidos SEO,atrae a tu cliente,contenidos digitales que son,50,10–100,baja
Contenido y keywords,Contenido SEO,Redacción y estrategia de contenidos SEO,atrae a tu cliente,copy seo,50,10–100,media
Contenido y keywords,Contenido SEO,Redacción y estrategia de contenidos SEO,atrae a tu cliente,copyright seo,50,10–100,media
Contenido y keywords,Contenido SEO,Redacción y estrategia de contenidos SEO,atrae a tu cliente,copywriting para seo,50,10–100,baja
Contenido y keywords,Contenido SEO,Redacción y estrategia de contenidos SEO,atrae a tu cliente,ejemplos de redaccion seo,50,10–100,baja
Contenido y keywords,Contenido SEO,Redacción y estrategia de contenidos SEO,atrae a tu cliente,escribir articulos seo,50,10–100,alta
Contenido y keywords,Contenido SEO,Redacción y estrategia de contenidos SEO,atrae a tu cliente,h1 h2 h3 seo ejemplos,50,10–100,baja
Contenido y keywords,Contenido SEO,Redacción y estrategia de contenidos SEO,atrae a tu cliente,marketing contenidos,50,10–100,alta
Contenido y keywords,Contenido SEO,Redacción y estrategia de contenidos SEO,atrae a tu cliente,marketing contenidos seo,50,10–100,alta
Contenido y keywords,Contenido SEO,Redacción y estrategia de contenidos SEO,atrae a tu cliente,marketing digital de contenidos,50,10–100,baja
Contenido y keywords,Contenido SEO,Redacción y estrategia de contenidos SEO,atrae a tu cliente,marketing inmobiliario de contenidos,50,10–100,baja
Contenido y keywords,Contenido SEO,Redacción y estrategia de contenidos SEO,atrae a tu cliente,marketing por contenido,50,10–100,baja
Contenido y keywords,Contenido SEO,Redacción y estrategia de contenidos SEO,atrae a tu cliente,mkt de contenido,50,10–100,media
Contenido y keywords,Contenido SEO,Redacción y estrategia de contenidos SEO,atrae a tu cliente,para que sirven los contenidos digitales,50,10–100,baja
Contenido y keywords,Contenido SEO,Redacción y estrategia de contenidos SEO,atrae a tu cliente,pillar page y topic cluster,50,10–100,baja
Contenido y keywords,Contenido SEO,Redacción y estrategia de contenidos SEO,atrae a tu cliente,plan de contenidos seo,50,10–100,baja
Contenido y keywords,Contenido SEO,Redacción y estrategia de contenidos SEO,atrae a tu cliente,posicionamiento blog,50,10–100,media
Contenido y keywords,Contenido SEO,Redacción y estrategia de contenidos SEO,atrae a tu cliente,posicionamiento seo blog,50,10–100,alta
Contenido y keywords,Contenido SEO,Redacción y estrategia de contenidos SEO,atrae a tu cliente,posicionar blog,50,10–100,media
Contenido y keywords,Contenido SEO,Redacción y estrategia de contenidos SEO,atrae a tu cliente,posicionar blog en google,50,10–100,baja
Contenido y keywords,Contenido SEO,Redacción y estrategia de contenidos SEO,atrae a tu cliente,que es contenido de valor en marketing,50,10–100,baja
Contenido y keywords,Contenido SEO,Redacción y estrategia de contenidos SEO,atrae a tu cliente,que es contenido digital,50,10–100,media
Contenido y keywords,Contenido SEO,Redacción y estrategia de contenidos SEO,atrae a tu cliente,que es contenido en marketing,50,10–100,baja
Contenido y keywords,Contenido SEO,Redacción y estrategia de contenidos SEO,atrae a tu cliente,que es contenido seo,50,10–100,media
Contenido y keywords,Contenido SEO,Redacción y estrategia de contenidos SEO,atrae a tu cliente,que es el contenido digital,50,10–100,media
Contenido y keywords,Contenido SEO,Redacción y estrategia de contenidos SEO,atrae a tu cliente,que es el contenido en marketing,50,10–100,baja
Contenido y keywords,Contenido SEO,Redacción y estrategia de contenidos SEO,atrae a tu cliente,que es la creacion de contenidos digitales,50,10–100,media
Contenido y keywords,Contenido SEO,Redacción y estrategia de contenidos SEO,atrae a tu cliente,que es la redaccion seo,50,10–100,baja
Contenido y keywords,Contenido SEO,Redacción y estrategia de contenidos SEO,atrae a tu cliente,que es la redacción seo,50,10–100,baja
Contenido y keywords,Contenido SEO,Redacción y estrategia de contenidos SEO,atrae a tu cliente,que es produccion de contenidos digitales,50,10–100,media
Contenido y keywords,Contenido SEO,Redacción y estrategia de contenidos SEO,atrae a tu cliente,que es redaccion seo,50,10–100,media
Contenido y keywords,Contenido SEO,Redacción y estrategia de contenidos SEO,atrae a tu cliente,que es redacción seo,50,10–100,media
Contenido y keywords,Contenido SEO,Redacción y estrategia de contenidos SEO,atrae a tu cliente,que es seo copywriting,50,10–100,baja
Contenido y keywords,Contenido SEO,Redacción y estrategia de contenidos SEO,atrae a tu cliente,que es un creador de contenido digital,50,10–100,media
Contenido y keywords,Contenido SEO,Redacción y estrategia de contenidos SEO,atrae a tu cliente,que es un plan de contenidos,50,10–100,baja
Contenido y keywords,Contenido SEO,Redacción y estrategia de contenidos SEO,atrae a tu cliente,redaccion articulos seo,50,10–100,baja
Contenido y keywords,Contenido SEO,Redacción y estrategia de contenidos SEO,atrae a tu cliente,redaccion contenidos seo,50,10–100,media
Contenido y keywords,Contenido SEO,Redacción y estrategia de contenidos SEO,atrae a tu cliente,redaccion de seo,50,10–100,baja
Contenido y keywords,Contenido SEO,Redacción y estrategia de contenidos SEO,atrae a tu cliente,redaccion de textos seo,50,10–100,media
Contenido y keywords,Contenido SEO,Redacción y estrategia de contenidos SEO,atrae a tu cliente,redaccion seo,50,10–100,media
Contenido y keywords,Contenido SEO,Redacción y estrategia de contenidos SEO,atrae a tu cliente,redaccion seo que es,50,10–100,media
Contenido y keywords,Contenido SEO,Redacción y estrategia de contenidos SEO,atrae a tu cliente,redaccion textos seo,50,10–100,baja
Contenido y keywords,Contenido SEO,Redacción y estrategia de contenidos SEO,atrae a tu cliente,redacción contenidos seo,50,10–100,media
Contenido y keywords,Contenido SEO,Redacción y estrategia de contenidos SEO,atrae a tu cliente,redacción de contenido seo,50,10–100,media
Contenido y keywords,Contenido SEO,Redacción y estrategia de contenidos SEO,atrae a tu cliente,redacción de contenidos seo,50,10–100,media
Contenido y keywords,Contenido SEO,Redacción y estrategia de contenidos SEO,atrae a tu cliente,redacción de textos para seo,50,10–100,baja
Contenido y keywords,Contenido SEO,Redacción y estrategia de contenidos SEO,atrae a tu cliente,redacción seo,50,10–100,alta
Contenido y keywords,Contenido SEO,Redacción y estrategia de contenidos SEO,atrae a tu cliente,redacción seo ejemplos,50,10–100,baja
Contenido y keywords,Contenido SEO,Redacción y estrategia de contenidos SEO,atrae a tu cliente,redacción seo que es,50,10–100,media
Contenido y keywords,Contenido SEO,Redacción y estrategia de contenidos SEO,atrae a tu cliente,seo blog wordpress,50,10–100,alta
Contenido y keywords,Contenido SEO,Redacción y estrategia de contenidos SEO,atrae a tu cliente,seo check h1,50,10–100,baja
Contenido y keywords,Contenido SEO,Redacción y estrategia de contenidos SEO,atrae a tu cliente,seo copywriting ejemplos,50,10–100,baja
Contenido y keywords,Contenido SEO,Redacción y estrategia de contenidos SEO,atrae a tu cliente,seo copywriting que es,50,10–100,media
Contenido y keywords,Contenido SEO,Redacción y estrategia de contenidos SEO,atrae a tu cliente,seo de contenidos,50,10–100,media
Contenido y keywords,Contenido SEO,Redacción y estrategia de contenidos SEO,atrae a tu cliente,seo para blogs,50,10–100,media
Contenido y keywords,Contenido SEO,Redacción y estrategia de contenidos SEO,atrae a tu cliente,seo redaccion,50,10–100,baja
Contenido y keywords,Contenido SEO,Redacción y estrategia de contenidos SEO,atrae a tu cliente,seo y copywriting,50,10–100,
Contenido y keywords,Contenido SEO,Redacción y estrategia de contenidos SEO,atrae a tu cliente,topic cluster,50,10–100,media
Contenido y keywords,Contenido SEO,Redacción y estrategia de contenidos SEO,atrae a tu cliente,topic cluster ejemplos,50,10–100,baja
Contenido y keywords,Keyword research,Keyword research e intención,atrae a tu cliente,google key planner,5000,1.000–10.000,media
Contenido y keywords,Keyword research,Keyword research e intención,atrae a tu cliente,keyword planner,5000,1.000–10.000,alta
Contenido y keywords,Keyword research,Keyword research e intención,atrae a tu cliente,keyword research,5000,1.000–10.000,media
Contenido y keywords,Keyword research,Keyword research e intención,atrae a tu cliente,palabras clave,5000,1.000–10.000,media
Contenido y keywords,Keyword research,Keyword research e intención,atrae a tu cliente,que es el long tail,5000,1.000–10.000,media
Contenido y keywords,Keyword research,Keyword research e intención,atrae a tu cliente,buscador de palabras clave,500,100–1.000,alta
Contenido y keywords,Keyword research,Keyword research e intención,atrae a tu cliente,buscador palabras clave,500,100–1.000,alta
Contenido y keywords,Keyword research,Keyword research e intención,atrae a tu cliente,estudio de palabras clave,500,100–1.000,alta
Contenido y keywords,Keyword research,Keyword research e intención,atrae a tu cliente,estudio de palabras claves,500,100–1.000,alta
Contenido y keywords,Keyword research,Keyword research e intención,atrae a tu cliente,herramienta palabras clave,500,100–1.000,alta
Contenido y keywords,Keyword research,Keyword research e intención,atrae a tu cliente,herramientas de palabras clave,500,100–1.000,alta
Contenido y keywords,Keyword research,Keyword research e intención,atrae a tu cliente,herramientas de palabras claves,500,100–1.000,alta
Contenido y keywords,Keyword research,Keyword research e intención,atrae a tu cliente,keyword planner de google,500,100–1.000,media
Contenido y keywords,Keyword research,Keyword research e intención,atrae a tu cliente,keyword que es,500,100–1.000,media
Contenido y keywords,Keyword research,Keyword research e intención,atrae a tu cliente,keyword stuffing que es,500,100–1.000,media
Contenido y keywords,Keyword research,Keyword research e intención,atrae a tu cliente,keywordplanner google,500,100–1.000,media
Contenido y keywords,Keyword research,Keyword research e intención,atrae a tu cliente,keywords research google,500,100–1.000,media
Contenido y keywords,Keyword research,Keyword research e intención,atrae a tu cliente,palabras clave long tail,500,100–1.000,media
Contenido y keywords,Keyword research,Keyword research e intención,atrae a tu cliente,planificador de palabras clave,500,100–1.000,alta
Contenido y keywords,Keyword research,Keyword research e intención,atrae a tu cliente,planificador de palabras clave de google ads,500,100–1.000,media
Contenido y keywords,Keyword research,Keyword research e intención,atrae a tu cliente,planificador de palabras claves de google,500,100–1.000,media
Contenido y keywords,Keyword research,Keyword research e intención,atrae a tu cliente,planificador palabras clave,500,100–1.000,media
Contenido y keywords,Keyword research,Keyword research e intención,atrae a tu cliente,que es keyword,500,100–1.000,media
Contenido y keywords,Keyword research,Keyword research e intención,atrae a tu cliente,1 google keyword planner,50,10–100,baja
Contenido y keywords,Keyword research,Keyword research e intención,atrae a tu cliente,10 ejemplos de keywords,50,10–100,baja
Contenido y keywords,Keyword research,Keyword research e intención,atrae a tu cliente,2 palabras claves,50,10–100,baja
Contenido y keywords,Keyword research,Keyword research e intención,atrae a tu cliente,3 palabras clave,50,10–100,baja
Contenido y keywords,Keyword research,Keyword research e intención,atrae a tu cliente,3 palabras claves,50,10–100,baja
Contenido y keywords,Keyword research,Keyword research e intención,atrae a tu cliente,5 palabras clave,50,10–100,media
Contenido y keywords,Keyword research,Keyword research e intención,atrae a tu cliente,5 palabras claves,50,10–100,media
Contenido y keywords,Keyword research,Keyword research e intención,atrae a tu cliente,administrador de palabras clave,50,10–100,baja
Contenido y keywords,Keyword research,Keyword research e intención,atrae a tu cliente,ads palabras clave,50,10–100,baja
Contenido y keywords,Keyword research,Keyword research e intención,atrae a tu cliente,adwords palabras,50,10–100,media
Contenido y keywords,Keyword research,Keyword research e intención,atrae a tu cliente,adwords palabras clave,50,10–100,alta
Contenido y keywords,Keyword research,Keyword research e intención,atrae a tu cliente,analisis de keywords,50,10–100,
Contenido y keywords,Keyword research,Keyword research e intención,atrae a tu cliente,analisis de palabras clave,50,10–100,alta
Contenido y keywords,Keyword research,Keyword research e intención,atrae a tu cliente,analisis de palabras clave google,50,10–100,alta
Contenido y keywords,Keyword research,Keyword research e intención,atrae a tu cliente,analisis de palabras clave gratis,50,10–100,
Contenido y keywords,Keyword research,Keyword research e intención,atrae a tu cliente,analisis keywords,50,10–100,alta
Contenido y keywords,Keyword research,Keyword research e intención,atrae a tu cliente,analisis keywords gratis,50,10–100,baja
Contenido y keywords,Keyword research,Keyword research e intención,atrae a tu cliente,analisis palabras clave,50,10–100,
Contenido y keywords,Keyword research,Keyword research e intención,atrae a tu cliente,analisis palabras clave competencia,50,10–100,baja
Contenido y keywords,Keyword research,Keyword research e intención,atrae a tu cliente,analisis palabras clave google,50,10–100,baja
Contenido y keywords,Keyword research,Keyword research e intención,atrae a tu cliente,analisis palabras clave web,50,10–100,baja
Contenido y keywords,Keyword research,Keyword research e intención,atrae a tu cliente,analizador de palabras clave de google,50,10–100,alta
Contenido y keywords,Keyword research,Keyword research e intención,atrae a tu cliente,analizar keywords,50,10–100,media
Contenido y keywords,Keyword research,Keyword research e intención,atrae a tu cliente,analizar keywords de una web,50,10–100,baja
Contenido y keywords,Keyword research,Keyword research e intención,atrae a tu cliente,analizar palabras clave competencia gratis,50,10–100,baja
Contenido y keywords,Keyword research,Keyword research e intención,atrae a tu cliente,analizar palabras clave de una web,50,10–100,alta
Contenido y keywords,Keyword research,Keyword research e intención,atrae a tu cliente,analizar palabras clave google,50,10–100,baja
Contenido y keywords,Keyword research,Keyword research e intención,atrae a tu cliente,aplicacion para palabras claves,50,10–100,baja
Contenido y keywords,Keyword research,Keyword research e intención,atrae a tu cliente,buscador de keywords,50,10–100,alta
Contenido y keywords,Keyword research,Keyword research e intención,atrae a tu cliente,buscador de keywords google,50,10–100,media
Contenido y keywords,Keyword research,Keyword research e intención,atrae a tu cliente,buscador de keywords gratis,50,10–100,
Contenido y keywords,Keyword research,Keyword research e intención,atrae a tu cliente,buscador de palabras clave en google,50,10–100,baja
Contenido y keywords,Keyword research,Keyword research e intención,atrae a tu cliente,buscador de palabras clave en un texto,50,10–100,baja
Contenido y keywords,Keyword research,Keyword research e intención,atrae a tu cliente,buscador de palabras clave google,50,10–100,alta
Contenido y keywords,Keyword research,Keyword research e intención,atrae a tu cliente,buscador de palabras clave google ads,50,10–100,alta
Contenido y keywords,Keyword research,Keyword research e intención,atrae a tu cliente,buscador de palabras clave gratis,50,10–100,alta
Contenido y keywords,Keyword research,Keyword research e intención,atrae a tu cliente,buscador de palabras clave seo,50,10–100,
Contenido y keywords,Keyword research,Keyword research e intención,atrae a tu cliente,buscador de palabras claves de google,50,10–100,alta
Contenido y keywords,Keyword research,Keyword research e intención,atrae a tu cliente,buscador de palabras claves de un texto,50,10–100,baja
Contenido y keywords,Keyword research,Keyword research e intención,atrae a tu cliente,buscador de palabras claves en un texto,50,10–100,media
Contenido y keywords,Keyword research,Keyword research e intención,atrae a tu cliente,buscador de palabras claves google,50,10–100,alta
Contenido y keywords,Keyword research,Keyword research e intención,atrae a tu cliente,buscador de palabras claves gratis,50,10–100,alta
Contenido y keywords,Keyword research,Keyword research e intención,atrae a tu cliente,buscador de palabras en google,50,10–100,media
Contenido y keywords,Keyword research,Keyword research e intención,atrae a tu cliente,buscador de palabras google,50,10–100,media
Contenido y keywords,Keyword research,Keyword research e intención,atrae a tu cliente,buscador de palabras gratis,50,10–100,alta
Contenido y keywords,Keyword research,Keyword research e intención,atrae a tu cliente,buscador de palabras seo,50,10–100,
Contenido y keywords,Keyword research,Keyword research e intención,atrae a tu cliente,buscador keywords,50,10–100,alta
Contenido y keywords,Keyword research,Keyword research e intención,atrae a tu cliente,buscador keywords google,50,10–100,baja
Contenido y keywords,Keyword research,Keyword research e intención,atrae a tu cliente,buscador palabras seo,50,10–100,
Contenido y keywords,Keyword research,Keyword research e intención,atrae a tu cliente,buscador por palabras clave,50,10–100,baja
Contenido y keywords,Keyword research,Keyword research e intención,atrae a tu cliente,buscadores de keywords,50,10–100,alta
Contenido y keywords,Keyword research,Keyword research e intención,atrae a tu cliente,buscadores de palabras,50,10–100,media
Contenido y keywords,Keyword research,Keyword research e intención,atrae a tu cliente,buscadores de palabras clave gratis,50,10–100,alta
Contenido y keywords,Keyword research,Keyword research e intención,atrae a tu cliente,buscadores de palabras claves,50,10–100,baja
Contenido y keywords,Keyword research,Keyword research e intención,atrae a tu cliente,buscadores palabras clave,50,10–100,baja
Contenido y keywords,Keyword research,Keyword research e intención,atrae a tu cliente,buscar keywords,50,10–100,alta
Contenido y keywords,Keyword research,Keyword research e intención,atrae a tu cliente,buscar keywords google,50,10–100,alta
Contenido y keywords,Keyword research,Keyword research e intención,atrae a tu cliente,buscar keywords gratis,50,10–100,
Contenido y keywords,Keyword research,Keyword research e intención,atrae a tu cliente,buscar palabras clave de una web,50,10–100,baja
Contenido y keywords,Keyword research,Keyword research e intención,atrae a tu cliente,buscar palabras clave en facebook,50,10–100,baja
Contenido y keywords,Keyword research,Keyword research e intención,atrae a tu cliente,buscar palabras clave en google,50,10–100,alta
Contenido y keywords,Keyword research,Keyword research e intención,atrae a tu cliente,buscar palabras clave en pagina web,50,10–100,media
Contenido y keywords,Keyword research,Keyword research e intención,atrae a tu cliente,buscar palabras clave en una pagina web,50,10–100,
Contenido y keywords,Keyword research,Keyword research e intención,atrae a tu cliente,buscar palabras clave gratis,50,10–100,
Contenido y keywords,Keyword research,Keyword research e intención,atrae a tu cliente,buscar palabras clave para seo,50,10–100,baja
Contenido y keywords,Keyword research,Keyword research e intención,atrae a tu cliente,buscar palabras clave seo,50,10–100,baja
Contenido y keywords,Keyword research,Keyword research e intención,atrae a tu cliente,buscar palabras claves de un texto,50,10–100,baja
Contenido y keywords,Keyword research,Keyword research e intención,atrae a tu cliente,buscar palabras claves en google,50,10–100,alta
Contenido y keywords,Keyword research,Keyword research e intención,atrae a tu cliente,buscar palabras claves en google ads,50,10–100,baja
Contenido y keywords,Keyword research,Keyword research e intención,atrae a tu cliente,buscar palabras claves en un texto,50,10–100,media
Contenido y keywords,Keyword research,Keyword research e intención,atrae a tu cliente,buscar palabras claves en un texto online,50,10–100,baja
Contenido y keywords,Keyword research,Keyword research e intención,atrae a tu cliente,buscar palabras claves gratis,50,10–100,baja
Contenido y keywords,Keyword research,Keyword research e intención,atrae a tu cliente,buscar palabras especificas en google,50,10–100,baja
Contenido y keywords,Keyword research,Keyword research e intención,atrae a tu cliente,buscar palabras seo,50,10–100,
Contenido y keywords,Keyword research,Keyword research e intención,atrae a tu cliente,buscar por palabra clave,50,10–100,media
Contenido y keywords,Keyword research,Keyword research e intención,atrae a tu cliente,buscar por palabras clave,50,10–100,media
Contenido y keywords,Keyword research,Keyword research e intención,atrae a tu cliente,buscar por palabras en google,50,10–100,media
Contenido y keywords,Keyword research,Keyword research e intención,atrae a tu cliente,busqueda de keywords,50,10–100,alta
Contenido y keywords,Keyword research,Keyword research e intención,atrae a tu cliente,busqueda de palabras clave,50,10–100,alta
Contenido y keywords,Keyword research,Keyword research e intención,atrae a tu cliente,busqueda de palabras clave google,50,10–100,alta
Contenido y keywords,Keyword research,Keyword research e intención,atrae a tu cliente,busqueda de palabras clave gratis,50,10–100,baja
Contenido y keywords,Keyword research,Keyword research e intención,atrae a tu cliente,busqueda de palabras en google,50,10–100,media
Contenido y keywords,Keyword research,Keyword research e intención,atrae a tu cliente,busqueda de palabras google,50,10–100,baja
Contenido y keywords,Keyword research,Keyword research e intención,atrae a tu cliente,busqueda en google por palabras clave,50,10–100,media
Contenido y keywords,Keyword research,Keyword research e intención,atrae a tu cliente,busqueda keywords,50,10–100,
Contenido y keywords,Keyword research,Keyword research e intención,atrae a tu cliente,busqueda palabras clave,50,10–100,alta
Contenido y keywords,Keyword research,Keyword research e intención,atrae a tu cliente,busqueda palabras clave google,50,10–100,media
Contenido y keywords,Keyword research,Keyword research e intención,atrae a tu cliente,busqueda por palabra clave,50,10–100,
Contenido y keywords,Keyword research,Keyword research e intención,atrae a tu cliente,busqueda por palabras clave,50,10–100,baja
Contenido y keywords,Keyword research,Keyword research e intención,atrae a tu cliente,busqueda por palabras clave google,50,10–100,baja
Contenido y keywords,Keyword research,Keyword research e intención,atrae a tu cliente,canibalizacion de keywords,50,10–100,alta
Contenido y keywords,Keyword research,Keyword research e intención,atrae a tu cliente,canibalizacion de palabras clave,50,10–100,media
Contenido y keywords,Keyword research,Keyword research e intención,atrae a tu cliente,canibalizacion keywords,50,10–100,media
Contenido y keywords,Keyword research,Keyword research e intención,atrae a tu cliente,canibalizacion palabras clave,50,10–100,baja
Contenido y keywords,Keyword research,Keyword research e intención,atrae a tu cliente,canibalización de keywords,50,10–100,alta
Contenido y keywords,Keyword research,Keyword research e intención,atrae a tu cliente,canibalización de palabras clave,50,10–100,media
Contenido y keywords,Keyword research,Keyword research e intención,atrae a tu cliente,clave de busqueda,50,10–100,baja
Contenido y keywords,Keyword research,Keyword research e intención,atrae a tu cliente,clave de palabras,50,10–100,baja
Contenido y keywords,Keyword research,Keyword research e intención,atrae a tu cliente,clave en google,50,10–100,media
Contenido y keywords,Keyword research,Keyword research e intención,atrae a tu cliente,clave gratis,50,10–100,media
Contenido y keywords,Keyword research,Keyword research e intención,atrae a tu cliente,claves de busqueda en google,50,10–100,baja
Contenido y keywords,Keyword research,Keyword research e intención,atrae a tu cliente,claves de palabras,50,10–100,baja
Contenido y keywords,Keyword research,Keyword research e intención,atrae a tu cliente,claves del seo,50,10–100,baja
Contenido y keywords,Keyword research,Keyword research e intención,atrae a tu cliente,claves para buscar en google,50,10–100,media
Contenido y keywords,Keyword research,Keyword research e intención,atrae a tu cliente,claves seo,50,10–100,baja
Contenido y keywords,Keyword research,Keyword research e intención,atrae a tu cliente,como buscar con palabras claves en google,50,10–100,baja
Contenido y keywords,Keyword research,Keyword research e intención,atrae a tu cliente,como buscar en google con palabras clave,50,10–100,media
Contenido y keywords,Keyword research,Keyword research e intención,atrae a tu cliente,como buscar en google por palabras clave,50,10–100,media
Contenido y keywords,Keyword research,Keyword research e intención,atrae a tu cliente,como buscar keywords,50,10–100,baja
Contenido y keywords,Keyword research,Keyword research e intención,atrae a tu cliente,como buscar keywords en google,50,10–100,baja
Contenido y keywords,Keyword research,Keyword research e intención,atrae a tu cliente,como buscar keywords en google ads,50,10–100,baja
Contenido y keywords,Keyword research,Keyword research e intención,atrae a tu cliente,como buscar las palabras claves,50,10–100,baja
Contenido y keywords,Keyword research,Keyword research e intención,atrae a tu cliente,como buscar las palabras claves en un texto,50,10–100,baja
Contenido y keywords,Keyword research,Keyword research e intención,atrae a tu cliente,como buscar palabras,50,10–100,media
Contenido y keywords,Keyword research,Keyword research e intención,atrae a tu cliente,como buscar palabras clave,50,10–100,alta
Contenido y keywords,Keyword research,Keyword research e intención,atrae a tu cliente,como buscar palabras clave en google ads,50,10–100,baja
Contenido y keywords,Keyword research,Keyword research e intención,atrae a tu cliente,como buscar palabras clave en google adwords,50,10–100,baja
Contenido y keywords,Keyword research,Keyword research e intención,atrae a tu cliente,como buscar palabras clave en una pagina web,50,10–100,alta
Contenido y keywords,Keyword research,Keyword research e intención,atrae a tu cliente,como buscar palabras claves en google,50,10–100,media
Contenido y keywords,Keyword research,Keyword research e intención,atrae a tu cliente,como buscar palabras claves en google ads,50,10–100,baja
Contenido y keywords,Keyword research,Keyword research e intención,atrae a tu cliente,como buscar palabras claves en un texto de internet,50,10–100,baja
Contenido y keywords,Keyword research,Keyword research e intención,atrae a tu cliente,como buscar palabras claves en una pagina web,50,10–100,alta
Contenido y keywords,Keyword research,Keyword research e intención,atrae a tu cliente,como buscar palabras claves para seo,50,10–100,baja
Contenido y keywords,Keyword research,Keyword research e intención,atrae a tu cliente,como buscar palabras en google,50,10–100,media
Contenido y keywords,Keyword research,Keyword research e intención,atrae a tu cliente,como buscar palabras especificas en google,50,10–100,baja
Contenido y keywords,Keyword research,Keyword research e intención,atrae a tu cliente,como buscar palabras exactas en google,50,10–100,media
Contenido y keywords,Keyword research,Keyword research e intención,atrae a tu cliente,como buscar por palabras clave en google,50,10–100,baja
Contenido y keywords,Keyword research,Keyword research e intención,atrae a tu cliente,como buscar por palabras en google,50,10–100,media
Contenido y keywords,Keyword research,Keyword research e intención,atrae a tu cliente,como buscar una palabra clave en un texto,50,10–100,baja
Contenido y keywords,Keyword research,Keyword research e intención,atrae a tu cliente,como buscar una palabra clave en una pagina,50,10–100,baja
Contenido y keywords,Keyword research,Keyword research e intención,atrae a tu cliente,como encontrar keywords,50,10–100,baja
Contenido y keywords,Keyword research,Keyword research e intención,atrae a tu cliente,como ver las palabras clave de una web,50,10–100,baja
Contenido y keywords,Keyword research,Keyword research e intención,atrae a tu cliente,competencia palabras clave,50,10–100,baja
Contenido y keywords,Keyword research,Keyword research e intención,atrae a tu cliente,comprar palabras clave google,50,10–100,baja
Contenido y keywords,Keyword research,Keyword research e intención,atrae a tu cliente,comprar palabras en google,50,10–100,alta
Contenido y keywords,Keyword research,Keyword research e intención,atrae a tu cliente,comprobar palabras clave,50,10–100,alta
Contenido y keywords,Keyword research,Keyword research e intención,atrae a tu cliente,concordancia adwords,50,10–100,baja
Contenido y keywords,Keyword research,Keyword research e intención,atrae a tu cliente,concordancia amplia,50,10–100,media
Contenido y keywords,Keyword research,Keyword research e intención,atrae a tu cliente,concordancia amplia de frase y exacta,50,10–100,media
Contenido y keywords,Keyword research,Keyword research e intención,atrae a tu cliente,concordancia amplia ejemplos,50,10–100,media
Contenido y keywords,Keyword research,Keyword research e intención,atrae a tu cliente,concordancia amplia google ads,50,10–100,media
Contenido y keywords,Keyword research,Keyword research e intención,atrae a tu cliente,concordancia amplia modificada,50,10–100,baja
Contenido y keywords,Keyword research,Keyword research e intención,atrae a tu cliente,concordancia amplia modificada google ads,50,10–100,baja
Contenido y keywords,Keyword research,Keyword research e intención,atrae a tu cliente,concordancia amplia y concordancia de frase,50,10–100,baja
Contenido y keywords,Keyword research,Keyword research e intención,atrae a tu cliente,concordancia de frase,50,10–100,media
Contenido y keywords,Keyword research,Keyword research e intención,atrae a tu cliente,concordancia de frase google ads,50,10–100,media
Contenido y keywords,Keyword research,Keyword research e intención,atrae a tu cliente,concordancia de palabras clave,50,10–100,baja
Contenido y keywords,Keyword research,Keyword research e intención,atrae a tu cliente,concordancia de palabras clave google ads,50,10–100,baja
Contenido y keywords,Keyword research,Keyword research e intención,atrae a tu cliente,concordancia en google ads,50,10–100,media
Contenido y keywords,Keyword research,Keyword research e intención,atrae a tu cliente,concordancia exacta adwords,50,10–100,baja
Contenido y keywords,Keyword research,Keyword research e intención,atrae a tu cliente,concordancia exacta google ads,50,10–100,media
Contenido y keywords,Keyword research,Keyword research e intención,atrae a tu cliente,concordancia google,50,10–100,media
Contenido y keywords,Keyword research,Keyword research e intención,atrae a tu cliente,concordancia google ads,50,10–100,media
Contenido y keywords,Keyword research,Keyword research e intención,atrae a tu cliente,concordancia keywords,50,10–100,baja
Contenido y keywords,Keyword research,Keyword research e intención,atrae a tu cliente,concordancia negativa,50,10–100,media
Contenido y keywords,Keyword research,Keyword research e intención,atrae a tu cliente,concordancia negativa en el pago por clic,50,10–100,baja
Contenido y keywords,Keyword research,Keyword research e intención,atrae a tu cliente,concordancia negativa google ads,50,10–100,baja
Contenido y keywords,Keyword research,Keyword research e intención,atrae a tu cliente,concordancia palabras clave,50,10–100,baja
Contenido y keywords,Keyword research,Keyword research e intención,atrae a tu cliente,concordancia palabras clave google ads,50,10–100,baja
Contenido y keywords,Keyword research,Keyword research e intención,atrae a tu cliente,concordancias google ads,50,10–100,media
Contenido y keywords,Keyword research,Keyword research e intención,atrae a tu cliente,conocer palabras clave de una web,50,10–100,baja
Contenido y keywords,Keyword research,Keyword research e intención,atrae a tu cliente,contador de palabras seo,50,10–100,media
Contenido y keywords,Keyword research,Keyword research e intención,atrae a tu cliente,contador palabras seo,50,10–100,media
Contenido y keywords,Keyword research,Keyword research e intención,atrae a tu cliente,definicion de keywords,50,10–100,baja
Contenido y keywords,Keyword research,Keyword research e intención,atrae a tu cliente,diccionario de palabras clave,50,10–100,baja
Contenido y keywords,Keyword research,Keyword research e intención,atrae a tu cliente,diccionario de palabras claves,50,10–100,media
Contenido y keywords,Keyword research,Keyword research e intención,atrae a tu cliente,ejemplo de keywords,50,10–100,media
Contenido y keywords,Keyword research,Keyword research e intención,atrae a tu cliente,ejemplo de palabra clave,50,10–100,media
Contenido y keywords,Keyword research,Keyword research e intención,atrae a tu cliente,ejemplo palabras clave,50,10–100,media
Contenido y keywords,Keyword research,Keyword research e intención,atrae a tu cliente,el planificador de palabras clave de google,50,10–100,baja
Contenido y keywords,Keyword research,Keyword research e intención,atrae a tu cliente,encontrar keywords,50,10–100,
Contenido y keywords,Keyword research,Keyword research e intención,atrae a tu cliente,encontrar palabras clave,50,10–100,baja
Contenido y keywords,Keyword research,Keyword research e intención,atrae a tu cliente,encontrar palabras clave en un texto,50,10–100,baja
Contenido y keywords,Keyword research,Keyword research e intención,atrae a tu cliente,encontrar palabras claves,50,10–100,baja
Contenido y keywords,Keyword research,Keyword research e intención,atrae a tu cliente,es una palabra clave,50,10–100,baja
Contenido y keywords,Keyword research,Keyword research e intención,atrae a tu cliente,estudio de keywords,50,10–100,
Contenido y keywords,Keyword research,Keyword research e intención,atrae a tu cliente,estudio de las palabras,50,10–100,media
Contenido y keywords,Keyword research,Keyword research e intención,atrae a tu cliente,estudio de palabras,50,10–100,media
Contenido y keywords,Keyword research,Keyword research e intención,atrae a tu cliente,estudio de palabras clave gratis,50,10–100,
Contenido y keywords,Keyword research,Keyword research e intención,atrae a tu cliente,estudio keywords,50,10–100,baja
Contenido y keywords,Keyword research,Keyword research e intención,atrae a tu cliente,estudio palabras clave,50,10–100,alta
Contenido y keywords,Keyword research,Keyword research e intención,atrae a tu cliente,existen 5 tipos de palabras clave seo,50,10–100,baja
Contenido y keywords,Keyword research,Keyword research e intención,atrae a tu cliente,frase clave,50,10–100,media
Contenido y keywords,Keyword research,Keyword research e intención,atrae a tu cliente,frase clave en la introduccion yoast seo,50,10–100,baja
Contenido y keywords,Keyword research,Keyword research e intención,atrae a tu cliente,frase clave objetivo,50,10–100,media
Contenido y keywords,Keyword research,Keyword research e intención,atrae a tu cliente,frase clave objetivo en wordpress,50,10–100,baja
Contenido y keywords,Keyword research,Keyword research e intención,atrae a tu cliente,frase clave objetivo seo,50,10–100,
Contenido y keywords,Keyword research,Keyword research e intención,atrae a tu cliente,frase clave objetivo wordpress,50,10–100,baja
Contenido y keywords,Keyword research,Keyword research e intención,atrae a tu cliente,frase clave objetivo yoast seo,50,10–100,baja
Contenido y keywords,Keyword research,Keyword research e intención,atrae a tu cliente,frase clave seo,50,10–100,media
Contenido y keywords,Keyword research,Keyword research e intención,atrae a tu cliente,frases clave ejemplos,50,10–100,baja
Contenido y keywords,Keyword research,Keyword research e intención,atrae a tu cliente,frases seo,50,10–100,media
Contenido y keywords,Keyword research,Keyword research e intención,atrae a tu cliente,generar keywords,50,10–100,baja
Contenido y keywords,Keyword research,Keyword research e intención,atrae a tu cliente,google ads buscador de palabras clave,50,10–100,media
Contenido y keywords,Keyword research,Keyword research e intención,atrae a tu cliente,google ads concordancia,50,10–100,baja
Contenido y keywords,Keyword research,Keyword research e intención,atrae a tu cliente,google ads concordancia de frase,50,10–100,media
Contenido y keywords,Keyword research,Keyword research e intención,atrae a tu cliente,google ads palabras clave,50,10–100,alta
Contenido y keywords,Keyword research,Keyword research e intención,atrae a tu cliente,google ads palabras claves,50,10–100,alta
Contenido y keywords,Keyword research,Keyword research e intención,atrae a tu cliente,google ads palabras negativas,50,10–100,media
Contenido y keywords,Keyword research,Keyword research e intención,atrae a tu cliente,google ads planificador de palabras clave,50,10–100,alta
Contenido y keywords,Keyword research,Keyword research e intención,atrae a tu cliente,google ads planificador palabras clave,50,10–100,alta
Contenido y keywords,Keyword research,Keyword research e intención,atrae a tu cliente,google adsense planificador de palabras clave,50,10–100,baja
Contenido y keywords,Keyword research,Keyword research e intención,atrae a tu cliente,google adwords buscar palabras clave,50,10–100,alta
Contenido y keywords,Keyword research,Keyword research e intención,atrae a tu cliente,google adwords herramienta palabras clave,50,10–100,baja
Contenido y keywords,Keyword research,Keyword research e intención,atrae a tu cliente,google adwords palabras clave,50,10–100,media
Contenido y keywords,Keyword research,Keyword research e intención,atrae a tu cliente,google adwords palabras clave gratis,50,10–100,baja
Contenido y keywords,Keyword research,Keyword research e intención,atrae a tu cliente,google adwords planificador de palabras clave,50,10–100,media
Contenido y keywords,Keyword research,Keyword research e intención,atrae a tu cliente,google buscador de palabras,50,10–100,media
Contenido y keywords,Keyword research,Keyword research e intención,atrae a tu cliente,google buscador de palabras clave,50,10–100,alta
Contenido y keywords,Keyword research,Keyword research e intención,atrae a tu cliente,google buscador palabras clave,50,10–100,alta
Contenido y keywords,Keyword research,Keyword research e intención,atrae a tu cliente,google buscar palabras claves,50,10–100,baja
Contenido y keywords,Keyword research,Keyword research e intención,atrae a tu cliente,google display planner,50,10–100,baja
Contenido y keywords,Keyword research,Keyword research e intención,atrae a tu cliente,google keyword planner 2020,50,10–100,baja
Contenido y keywords,Keyword research,Keyword research e intención,atrae a tu cliente,google keyword planner de adwords,50,10–100,baja
Contenido y keywords,Keyword research,Keyword research e intención,atrae a tu cliente,google keyword planner de adwords google ads,50,10–100,baja
Contenido y keywords,Keyword research,Keyword research e intención,atrae a tu cliente,google palabras,50,10–100,media
Contenido y keywords,Keyword research,Keyword research e intención,atrae a tu cliente,google palabras claves herramienta,50,10–100,media
Contenido y keywords,Keyword research,Keyword research e intención,atrae a tu cliente,google planificador de palabras,50,10–100,media
Contenido y keywords,Keyword research,Keyword research e intención,atrae a tu cliente,google planificador de palabras clave,50,10–100,alta
Contenido y keywords,Keyword research,Keyword research e intención,atrae a tu cliente,google planificador palabras clave,50,10–100,media
Contenido y keywords,Keyword research,Keyword research e intención,atrae a tu cliente,google search console palabras clave,50,10–100,media
Contenido y keywords,Keyword research,Keyword research e intención,atrae a tu cliente,google trends palabras clave,50,10–100,media
Contenido y keywords,Keyword research,Keyword research e intención,atrae a tu cliente,herramienta busqueda palabras clave,50,10–100,baja
Contenido y keywords,Keyword research,Keyword research e intención,atrae a tu cliente,herramienta de busqueda de palabras clave,50,10–100,baja
Contenido y keywords,Keyword research,Keyword research e intención,atrae a tu cliente,herramienta de google para palabras clave,50,10–100,alta
Contenido y keywords,Keyword research,Keyword research e intención,atrae a tu cliente,herramienta de palabras clave de google,50,10–100,alta
Contenido y keywords,Keyword research,Keyword research e intención,atrae a tu cliente,herramienta keywords,50,10–100,
Contenido y keywords,Keyword research,Keyword research e intención,atrae a tu cliente,herramienta keywords google,50,10–100,baja
Contenido y keywords,Keyword research,Keyword research e intención,atrae a tu cliente,herramienta palabras clave google,50,10–100,alta
Contenido y keywords,Keyword research,Keyword research e intención,atrae a tu cliente,herramienta palabras clave google adwords,50,10–100,baja
Contenido y keywords,Keyword research,Keyword research e intención,atrae a tu cliente,herramienta palabras clave gratis,50,10–100,alta
Contenido y keywords,Keyword research,Keyword research e intención,atrae a tu cliente,herramienta seo palabras clave,50,10–100,
Contenido y keywords,Keyword research,Keyword research e intención,atrae a tu cliente,herramientas de busqueda de palabras clave,50,10–100,baja
Contenido y keywords,Keyword research,Keyword research e intención,atrae a tu cliente,herramientas de keyword research,50,10–100,baja
Contenido y keywords,Keyword research,Keyword research e intención,atrae a tu cliente,herramientas de keywords,50,10–100,
Contenido y keywords,Keyword research,Keyword research e intención,atrae a tu cliente,herramientas de palabras clave gratis,50,10–100,
Contenido y keywords,Keyword research,Keyword research e intención,atrae a tu cliente,herramientas gratuitas para buscar keywords,50,10–100,baja
Contenido y keywords,Keyword research,Keyword research e intención,atrae a tu cliente,herramientas gratuitas para buscar palabras clave,50,10–100,alta
Contenido y keywords,Keyword research,Keyword research e intención,atrae a tu cliente,herramientas keyword research,50,10–100,
Contenido y keywords,Keyword research,Keyword research e intención,atrae a tu cliente,herramientas keyword research gratis,50,10–100,baja
Contenido y keywords,Keyword research,Keyword research e intención,atrae a tu cliente,herramientas keywords gratis,50,10–100,baja
Contenido y keywords,Keyword research,Keyword research e intención,atrae a tu cliente,herramientas palabras clave seo,50,10–100,baja
Contenido y keywords,Keyword research,Keyword research e intención,atrae a tu cliente,herramientas para buscar keywords,50,10–100,baja
Contenido y keywords,Keyword research,Keyword research e intención,atrae a tu cliente,herramientas para buscar palabras clave,50,10–100,alta
Contenido y keywords,Keyword research,Keyword research e intención,atrae a tu cliente,herramientas para buscar palabras clave gratis,50,10–100,
Contenido y keywords,Keyword research,Keyword research e intención,atrae a tu cliente,herramientas para buscar palabras claves,50,10–100,alta
Contenido y keywords,Keyword research,Keyword research e intención,atrae a tu cliente,herramientas para keyword research,50,10–100,
Contenido y keywords,Keyword research,Keyword research e intención,atrae a tu cliente,herramientas para keywords,50,10–100,baja
Contenido y keywords,Keyword research,Keyword research e intención,atrae a tu cliente,herramientas para palabras clave,50,10–100,baja
Contenido y keywords,Keyword research,Keyword research e intención,atrae a tu cliente,herramientas seo para analizar palabras clave,50,10–100,baja
Contenido y keywords,Keyword research,Keyword research e intención,atrae a tu cliente,herramientas similares a google trends,50,10–100,baja
Contenido y keywords,Keyword research,Keyword research e intención,atrae a tu cliente,ideas de palabras clave,50,10–100,
Contenido y keywords,Keyword research,Keyword research e intención,atrae a tu cliente,ideas palabras clave,50,10–100,baja
Contenido y keywords,Keyword research,Keyword research e intención,atrae a tu cliente,ideas para palabras clave,50,10–100,media
Contenido y keywords,Keyword research,Keyword research e intención,atrae a tu cliente,ideas para palabras clave google ads,50,10–100,baja
Contenido y keywords,Keyword research,Keyword research e intención,atrae a tu cliente,informe palabras clave,50,10–100,baja
Contenido y keywords,Keyword research,Keyword research e intención,atrae a tu cliente,intencion de busqueda,50,10–100,media
Contenido y keywords,Keyword research,Keyword research e intención,atrae a tu cliente,intencion de busqueda seo,50,10–100,media
Contenido y keywords,Keyword research,Keyword research e intención,atrae a tu cliente,intenciones de busqueda,50,10–100,alta
Contenido y keywords,Keyword research,Keyword research e intención,atrae a tu cliente,investigar palabras clave,50,10–100,
Contenido y keywords,Keyword research,Keyword research e intención,atrae a tu cliente,investigar palabras claves,50,10–100,
Contenido y keywords,Keyword research,Keyword research e intención,atrae a tu cliente,keyplaner,50,10–100,media
Contenido y keywords,Keyword research,Keyword research e intención,atrae a tu cliente,keyword planner de google ads,50,10–100,media
Contenido y keywords,Keyword research,Keyword research e intención,atrae a tu cliente,keyword planner de google adwords,50,10–100,baja
Contenido y keywords,Keyword research,Keyword research e intención,atrae a tu cliente,keyword planner que es,50,10–100,media
Contenido y keywords,Keyword research,Keyword research e intención,atrae a tu cliente,keyword planner tool de google,50,10–100,media
Contenido y keywords,Keyword research,Keyword research e intención,atrae a tu cliente,keyword principal,50,10–100,baja
Contenido y keywords,Keyword research,Keyword research e intención,atrae a tu cliente,keyword que significa,50,10–100,media
Contenido y keywords,Keyword research,Keyword research e intención,atrae a tu cliente,keyword research que es,50,10–100,media
Contenido y keywords,Keyword research,Keyword research e intención,atrae a tu cliente,keyword tool pro,50,10–100,
Contenido y keywords,Keyword research,Keyword research e intención,atrae a tu cliente,keyword yoast seo,50,10–100,media
Contenido y keywords,Keyword research,Keyword research e intención,atrae a tu cliente,keywordplanner,50,10–100,alta
Contenido y keywords,Keyword research,Keyword research e intención,atrae a tu cliente,keywords buscador,50,10–100,alta
Contenido y keywords,Keyword research,Keyword research e intención,atrae a tu cliente,keywords competencia,50,10–100,
Contenido y keywords,Keyword research,Keyword research e intención,atrae a tu cliente,keywords de una web,50,10–100,
Contenido y keywords,Keyword research,Keyword research e intención,atrae a tu cliente,keywords ejemplos,50,10–100,media
Contenido y keywords,Keyword research,Keyword research e intención,atrae a tu cliente,keywords ejemplos en inglés,50,10–100,media
Contenido y keywords,Keyword research,Keyword research e intención,atrae a tu cliente,keywords en marketing,50,10–100,baja
Contenido y keywords,Keyword research,Keyword research e intención,atrae a tu cliente,keywords gratis,50,10–100,
Contenido y keywords,Keyword research,Keyword research e intención,atrae a tu cliente,keywords herramientas,50,10–100,baja
Contenido y keywords,Keyword research,Keyword research e intención,atrae a tu cliente,keywords lsi,50,10–100,alta
Contenido y keywords,Keyword research,Keyword research e intención,atrae a tu cliente,keywords negativas,50,10–100,baja
Contenido y keywords,Keyword research,Keyword research e intención,atrae a tu cliente,keywords negativas google ads,50,10–100,media
Contenido y keywords,Keyword research,Keyword research e intención,atrae a tu cliente,keywords pagina web,50,10–100,media
Contenido y keywords,Keyword research,Keyword research e intención,atrae a tu cliente,keywords palabras clave,50,10–100,baja
Contenido y keywords,Keyword research,Keyword research e intención,atrae a tu cliente,keywords para seo,50,10–100,baja
Contenido y keywords,Keyword research,Keyword research e intención,atrae a tu cliente,keywords planner de google,50,10–100,baja
Contenido y keywords,Keyword research,Keyword research e intención,atrae a tu cliente,keywords relacionadas,50,10–100,baja
Contenido y keywords,Keyword research,Keyword research e intención,atrae a tu cliente,keywords research que es,50,10–100,baja
Contenido y keywords,Keyword research,Keyword research e intención,atrae a tu cliente,keywords transaccionales,50,10–100,media
Contenido y keywords,Keyword research,Keyword research e intención,atrae a tu cliente,la palabra clave,50,10–100,media
Contenido y keywords,Keyword research,Keyword research e intención,atrae a tu cliente,las keywords,50,10–100,baja
Contenido y keywords,Keyword research,Keyword research e intención,atrae a tu cliente,las mejores herramientas para buscar palabras clave,50,10–100,baja
Contenido y keywords,Keyword research,Keyword research e intención,atrae a tu cliente,las palabras clave,50,10–100,media
Contenido y keywords,Keyword research,Keyword research e intención,atrae a tu cliente,lista de keywords,50,10–100,baja
Contenido y keywords,Keyword research,Keyword research e intención,atrae a tu cliente,lista de palabras clave negativas,50,10–100,baja
Contenido y keywords,Keyword research,Keyword research e intención,atrae a tu cliente,lista de palabras claves,50,10–100,baja
Contenido y keywords,Keyword research,Keyword research e intención,atrae a tu cliente,lista de palabras negativas,50,10–100,baja
Contenido y keywords,Keyword research,Keyword research e intención,atrae a tu cliente,long tail keywords ejemplos,50,10–100,baja
Contenido y keywords,Keyword research,Keyword research e intención,atrae a tu cliente,long tail keywords que es,50,10–100,baja
Contenido y keywords,Keyword research,Keyword research e intención,atrae a tu cliente,long tail marketing que es,50,10–100,baja
Contenido y keywords,Keyword research,Keyword research e intención,atrae a tu cliente,long tail palabras clave,50,10–100,baja
Contenido y keywords,Keyword research,Keyword research e intención,atrae a tu cliente,long tail para que sirve,50,10–100,baja
Contenido y keywords,Keyword research,Keyword research e intención,atrae a tu cliente,los keywords,50,10–100,baja
Contenido y keywords,Keyword research,Keyword research e intención,atrae a tu cliente,marketing digital palabras claves,50,10–100,baja
Contenido y keywords,Keyword research,Keyword research e intención,atrae a tu cliente,medidor de palabras clave,50,10–100,baja
Contenido y keywords,Keyword research,Keyword research e intención,atrae a tu cliente,mejores keywords,50,10–100,baja
Contenido y keywords,Keyword research,Keyword research e intención,atrae a tu cliente,mejores palabras clave,50,10–100,
Contenido y keywords,Keyword research,Keyword research e intención,atrae a tu cliente,meta keywords que es,50,10–100,media
Contenido y keywords,Keyword research,Keyword research e intención,atrae a tu cliente,modificador de concordancia amplia,50,10–100,baja
Contenido y keywords,Keyword research,Keyword research e intención,atrae a tu cliente,pagina de palabras clave,50,10–100,baja
Contenido y keywords,Keyword research,Keyword research e intención,atrae a tu cliente,pagina para buscar palabras,50,10–100,baja
Contenido y keywords,Keyword research,Keyword research e intención,atrae a tu cliente,pagina para buscar palabras claves,50,10–100,baja
Contenido y keywords,Keyword research,Keyword research e intención,atrae a tu cliente,pagina para palabras clave,50,10–100,baja
Contenido y keywords,Keyword research,Keyword research e intención,atrae a tu cliente,paginas de palabras claves,50,10–100,media
Contenido y keywords,Keyword research,Keyword research e intención,atrae a tu cliente,paginas para buscar keywords,50,10–100,baja
Contenido y keywords,Keyword research,Keyword research e intención,atrae a tu cliente,paginas para buscar palabras claves,50,10–100,baja
Contenido y keywords,Keyword research,Keyword research e intención,atrae a tu cliente,paginas para palabras claves,50,10–100,baja
Contenido y keywords,Keyword research,Keyword research e intención,atrae a tu cliente,palabra clave de,50,10–100,baja
Contenido y keywords,Keyword research,Keyword research e intención,atrae a tu cliente,palabra clave de cola larga,50,10–100,media
Contenido y keywords,Keyword research,Keyword research e intención,atrae a tu cliente,palabra clave de concordancia amplia,50,10–100,baja
Contenido y keywords,Keyword research,Keyword research e intención,atrae a tu cliente,palabra clave definicion,50,10–100,media
Contenido y keywords,Keyword research,Keyword research e intención,atrae a tu cliente,palabra clave motor de búsqueda,50,10–100,baja
Contenido y keywords,Keyword research,Keyword research e intención,atrae a tu cliente,palabra clave negativa,50,10–100,media
Contenido y keywords,Keyword research,Keyword research e intención,atrae a tu cliente,palabra clave objetivo,50,10–100,baja
Contenido y keywords,Keyword research,Keyword research e intención,atrae a tu cliente,palabra clave para ingresar a un sitio web,50,10–100,media
Contenido y keywords,Keyword research,Keyword research e intención,atrae a tu cliente,palabra clave que es,50,10–100,baja
Contenido y keywords,Keyword research,Keyword research e intención,atrae a tu cliente,palabra clave seo,50,10–100,alta
Contenido y keywords,Keyword research,Keyword research e intención,atrae a tu cliente,palabra de busqueda,50,10–100,alta
Contenido y keywords,Keyword research,Keyword research e intención,atrae a tu cliente,palabras cables,50,10–100,media
Contenido y keywords,Keyword research,Keyword research e intención,atrae a tu cliente,palabras clave ads,50,10–100,baja
Contenido y keywords,Keyword research,Keyword research e intención,atrae a tu cliente,palabras clave adsense,50,10–100,baja
Contenido y keywords,Keyword research,Keyword research e intención,atrae a tu cliente,palabras clave blog,50,10–100,baja
Contenido y keywords,Keyword research,Keyword research e intención,atrae a tu cliente,palabras clave buscador google,50,10–100,media
Contenido y keywords,Keyword research,Keyword research e intención,atrae a tu cliente,palabras clave busqueda google,50,10–100,media
Contenido y keywords,Keyword research,Keyword research e intención,atrae a tu cliente,palabras clave competencia,50,10–100,baja
Contenido y keywords,Keyword research,Keyword research e intención,atrae a tu cliente,palabras clave concordancia,50,10–100,baja
Contenido y keywords,Keyword research,Keyword research e intención,atrae a tu cliente,palabras clave concordancia exacta,50,10–100,baja
Contenido y keywords,Keyword research,Keyword research e intención,atrae a tu cliente,palabras clave copywriting,50,10–100,media
Contenido y keywords,Keyword research,Keyword research e intención,atrae a tu cliente,palabras clave de busqueda en google,50,10–100,alta
Contenido y keywords,Keyword research,Keyword research e intención,atrae a tu cliente,palabras clave de concordancia de frase,50,10–100,baja
Contenido y keywords,Keyword research,Keyword research e intención,atrae a tu cliente,palabras clave de google ads,50,10–100,
Contenido y keywords,Keyword research,Keyword research e intención,atrae a tu cliente,palabras clave de internet,50,10–100,baja
Contenido y keywords,Keyword research,Keyword research e intención,atrae a tu cliente,palabras clave de la competencia,50,10–100,baja
Contenido y keywords,Keyword research,Keyword research e intención,atrae a tu cliente,palabras clave de marketing,50,10–100,baja
Contenido y keywords,Keyword research,Keyword research e intención,atrae a tu cliente,palabras clave de oportunidad,50,10–100,baja
Contenido y keywords,Keyword research,Keyword research e intención,atrae a tu cliente,palabras clave de programacion,50,10–100,media
Contenido y keywords,Keyword research,Keyword research e intención,atrae a tu cliente,palabras clave de un sitio web,50,10–100,baja
Contenido y keywords,Keyword research,Keyword research e intención,atrae a tu cliente,palabras clave de un texto online,50,10–100,baja
Contenido y keywords,Keyword research,Keyword research e intención,atrae a tu cliente,palabras clave de una pagina web,50,10–100,baja
Contenido y keywords,Keyword research,Keyword research e intención,atrae a tu cliente,palabras clave de una web,50,10–100,baja
Contenido y keywords,Keyword research,Keyword research e intención,atrae a tu cliente,palabras clave del marketing,50,10–100,baja
Contenido y keywords,Keyword research,Keyword research e intención,atrae a tu cliente,palabras clave ejemplos,50,10–100,media
Contenido y keywords,Keyword research,Keyword research e intención,atrae a tu cliente,palabras clave en buscadores,50,10–100,baja
Contenido y keywords,Keyword research,Keyword research e intención,atrae a tu cliente,palabras clave en el marketing,50,10–100,baja
Contenido y keywords,Keyword research,Keyword research e intención,atrae a tu cliente,palabras clave en facebook,50,10–100,baja
Contenido y keywords,Keyword research,Keyword research e intención,atrae a tu cliente,palabras clave en google ads,50,10–100,media
Contenido y keywords,Keyword research,Keyword research e intención,atrae a tu cliente,palabras clave en google analytics,50,10–100,baja
Contenido y keywords,Keyword research,Keyword research e intención,atrae a tu cliente,palabras clave en internet,50,10–100,baja
Contenido y keywords,Keyword research,Keyword research e intención,atrae a tu cliente,palabras clave en marketing,50,10–100,baja
Contenido y keywords,Keyword research,Keyword research e intención,atrae a tu cliente,palabras clave en motores de busqueda,50,10–100,baja
Contenido y keywords,Keyword research,Keyword research e intención,atrae a tu cliente,palabras clave en seo,50,10–100,
Contenido y keywords,Keyword research,Keyword research e intención,atrae a tu cliente,palabras clave fisioterapia,50,10–100,media
Contenido y keywords,Keyword research,Keyword research e intención,atrae a tu cliente,palabras clave genericas,50,10–100,baja
Contenido y keywords,Keyword research,Keyword research e intención,atrae a tu cliente,palabras clave google ads,50,10–100,alta
Contenido y keywords,Keyword research,Keyword research e intención,atrae a tu cliente,palabras clave google analytics,50,10–100,media
Contenido y keywords,Keyword research,Keyword research e intención,atrae a tu cliente,palabras clave google gratis,50,10–100,baja
Contenido y keywords,Keyword research,Keyword research e intención,atrae a tu cliente,palabras clave google trends,50,10–100,media
Contenido y keywords,Keyword research,Keyword research e intención,atrae a tu cliente,palabras clave gratis,50,10–100,
Contenido y keywords,Keyword research,Keyword research e intención,atrae a tu cliente,palabras clave informativas,50,10–100,baja
Contenido y keywords,Keyword research,Keyword research e intención,atrae a tu cliente,palabras clave inmobiliaria,50,10–100,baja
Contenido y keywords,Keyword research,Keyword research e intención,atrae a tu cliente,palabras clave internet,50,10–100,baja
Contenido y keywords,Keyword research,Keyword research e intención,atrae a tu cliente,palabras clave keywords,50,10–100,media
Contenido y keywords,Keyword research,Keyword research e intención,atrae a tu cliente,palabras clave lsi,50,10–100,media
Contenido y keywords,Keyword research,Keyword research e intención,atrae a tu cliente,palabras clave marketing,50,10–100,
Contenido y keywords,Keyword research,Keyword research e intención,atrae a tu cliente,palabras clave más generales,50,10–100,baja
Contenido y keywords,Keyword research,Keyword research e intención,atrae a tu cliente,palabras clave navidad,50,10–100,baja
Contenido y keywords,Keyword research,Keyword research e intención,atrae a tu cliente,palabras clave negativas ejemplos,50,10–100,baja
Contenido y keywords,Keyword research,Keyword research e intención,atrae a tu cliente,palabras clave negativas google ads,50,10–100,media
Contenido y keywords,Keyword research,Keyword research e intención,atrae a tu cliente,palabras clave online,50,10–100,baja
Contenido y keywords,Keyword research,Keyword research e intención,atrae a tu cliente,palabras clave organicas,50,10–100,baja
Contenido y keywords,Keyword research,Keyword research e intención,atrae a tu cliente,palabras clave pagina web,50,10–100,alta
Contenido y keywords,Keyword research,Keyword research e intención,atrae a tu cliente,palabras clave para,50,10–100,baja
Contenido y keywords,Keyword research,Keyword research e intención,atrae a tu cliente,palabras clave para buscar en google,50,10–100,media
Contenido y keywords,Keyword research,Keyword research e intención,atrae a tu cliente,palabras clave para buscar informacion,50,10–100,baja
Contenido y keywords,Keyword research,Keyword research e intención,atrae a tu cliente,palabras clave para google,50,10–100,media
Contenido y keywords,Keyword research,Keyword research e intención,atrae a tu cliente,palabras clave para google ads,50,10–100,baja
Contenido y keywords,Keyword research,Keyword research e intención,atrae a tu cliente,palabras clave para inmobiliaria,50,10–100,baja
Contenido y keywords,Keyword research,Keyword research e intención,atrae a tu cliente,palabras clave para marketing,50,10–100,baja
Contenido y keywords,Keyword research,Keyword research e intención,atrae a tu cliente,palabras clave para paginas web,50,10–100,baja
Contenido y keywords,Keyword research,Keyword research e intención,atrae a tu cliente,palabras clave para posicionamiento seo,50,10–100,baja
Contenido y keywords,Keyword research,Keyword research e intención,atrae a tu cliente,palabras clave para que sirven,50,10–100,baja
Contenido y keywords,Keyword research,Keyword research e intención,atrae a tu cliente,palabras clave para seo,50,10–100,baja
Contenido y keywords,Keyword research,Keyword research e intención,atrae a tu cliente,palabras clave para un negocio,50,10–100,baja
Contenido y keywords,Keyword research,Keyword research e intención,atrae a tu cliente,palabras clave posicionamiento web,50,10–100,
Contenido y keywords,Keyword research,Keyword research e intención,atrae a tu cliente,palabras clave programacion,50,10–100,baja
Contenido y keywords,Keyword research,Keyword research e intención,atrae a tu cliente,palabras clave relacionadas,50,10–100,baja
Contenido y keywords,Keyword research,Keyword research e intención,atrae a tu cliente,palabras clave seo,50,10–100,alta
Contenido y keywords,Keyword research,Keyword research e intención,atrae a tu cliente,palabras clave seo google,50,10–100,
Contenido y keywords,Keyword research,Keyword research e intención,atrae a tu cliente,palabras clave seo gratis,50,10–100,
Contenido y keywords,Keyword research,Keyword research e intención,atrae a tu cliente,palabras clave seo wordpress,50,10–100,baja
Contenido y keywords,Keyword research,Keyword research e intención,atrae a tu cliente,palabras clave sitio web,50,10–100,baja
Contenido y keywords,Keyword research,Keyword research e intención,atrae a tu cliente,palabras clave tipos,50,10–100,media
Contenido y keywords,Keyword research,Keyword research e intención,atrae a tu cliente,palabras clave transaccionales,50,10–100,media
Contenido y keywords,Keyword research,Keyword research e intención,atrae a tu cliente,palabras clave web,50,10–100,baja
Contenido y keywords,Keyword research,Keyword research e intención,atrae a tu cliente,palabras clave yoast seo,50,10–100,alta
Contenido y keywords,Keyword research,Keyword research e intención,atrae a tu cliente,palabras claves ads,50,10–100,baja
Contenido y keywords,Keyword research,Keyword research e intención,atrae a tu cliente,palabras claves buscador,50,10–100,alta
Contenido y keywords,Keyword research,Keyword research e intención,atrae a tu cliente,palabras claves de,50,10–100,baja
Contenido y keywords,Keyword research,Keyword research e intención,atrae a tu cliente,palabras claves de analisis,50,10–100,baja
Contenido y keywords,Keyword research,Keyword research e intención,atrae a tu cliente,palabras claves de busqueda,50,10–100,alta
Contenido y keywords,Keyword research,Keyword research e intención,atrae a tu cliente,palabras claves de busqueda en internet,50,10–100,baja
Contenido y keywords,Keyword research,Keyword research e intención,atrae a tu cliente,palabras claves de coaching,50,10–100,baja
Contenido y keywords,Keyword research,Keyword research e intención,atrae a tu cliente,palabras claves de cola larga,50,10–100,media
Contenido y keywords,Keyword research,Keyword research e intención,atrae a tu cliente,palabras claves de google,50,10–100,alta
Contenido y keywords,Keyword research,Keyword research e intención,atrae a tu cliente,palabras claves de google ads,50,10–100,
Contenido y keywords,Keyword research,Keyword research e intención,atrae a tu cliente,palabras claves de la navidad,50,10–100,baja
Contenido y keywords,Keyword research,Keyword research e intención,atrae a tu cliente,palabras claves de marketing,50,10–100,baja
Contenido y keywords,Keyword research,Keyword research e intención,atrae a tu cliente,palabras claves de navidad,50,10–100,media
Contenido y keywords,Keyword research,Keyword research e intención,atrae a tu cliente,palabras claves de programacion,50,10–100,baja
Contenido y keywords,Keyword research,Keyword research e intención,atrae a tu cliente,palabras claves de una pagina web,50,10–100,baja
Contenido y keywords,Keyword research,Keyword research e intención,atrae a tu cliente,palabras claves definicion,50,10–100,baja
Contenido y keywords,Keyword research,Keyword research e intención,atrae a tu cliente,palabras claves del,50,10–100,baja
Contenido y keywords,Keyword research,Keyword research e intención,atrae a tu cliente,palabras claves del internet,50,10–100,baja
Contenido y keywords,Keyword research,Keyword research e intención,atrae a tu cliente,palabras claves en el marketing,50,10–100,baja
Contenido y keywords,Keyword research,Keyword research e intención,atrae a tu cliente,palabras claves en google ads,50,10–100,baja
Contenido y keywords,Keyword research,Keyword research e intención,atrae a tu cliente,palabras claves en google analytics,50,10–100,baja
Contenido y keywords,Keyword research,Keyword research e intención,atrae a tu cliente,palabras claves en internet,50,10–100,baja
Contenido y keywords,Keyword research,Keyword research e intención,atrae a tu cliente,palabras claves en programacion,50,10–100,baja
Contenido y keywords,Keyword research,Keyword research e intención,atrae a tu cliente,palabras claves en wordpress,50,10–100,baja
Contenido y keywords,Keyword research,Keyword research e intención,atrae a tu cliente,palabras claves google,50,10–100,alta
Contenido y keywords,Keyword research,Keyword research e intención,atrae a tu cliente,palabras claves google ads,50,10–100,alta
Contenido y keywords,Keyword research,Keyword research e intención,atrae a tu cliente,palabras claves google trends,50,10–100,media
Contenido y keywords,Keyword research,Keyword research e intención,atrae a tu cliente,palabras claves gratis,50,10–100,
Contenido y keywords,Keyword research,Keyword research e intención,atrae a tu cliente,palabras claves marketing,50,10–100,
Contenido y keywords,Keyword research,Keyword research e intención,atrae a tu cliente,palabras claves navidad,50,10–100,baja
Contenido y keywords,Keyword research,Keyword research e intención,atrae a tu cliente,palabras claves negativas,50,10–100,media
Contenido y keywords,Keyword research,Keyword research e intención,atrae a tu cliente,palabras claves negativas ejemplos,50,10–100,baja
Contenido y keywords,Keyword research,Keyword research e intención,atrae a tu cliente,palabras claves negativas google ads,50,10–100,baja
Contenido y keywords,Keyword research,Keyword research e intención,atrae a tu cliente,palabras claves online,50,10–100,baja
Contenido y keywords,Keyword research,Keyword research e intención,atrae a tu cliente,palabras claves para buscar en google,50,10–100,media
Contenido y keywords,Keyword research,Keyword research e intención,atrae a tu cliente,palabras claves para buscar información,50,10–100,baja
Contenido y keywords,Keyword research,Keyword research e intención,atrae a tu cliente,palabras claves para google,50,10–100,media
Contenido y keywords,Keyword research,Keyword research e intención,atrae a tu cliente,palabras claves para google ads,50,10–100,baja
Contenido y keywords,Keyword research,Keyword research e intención,atrae a tu cliente,palabras claves para marketing,50,10–100,baja
Contenido y keywords,Keyword research,Keyword research e intención,atrae a tu cliente,palabras claves para pagina web,50,10–100,baja
Contenido y keywords,Keyword research,Keyword research e intención,atrae a tu cliente,palabras claves para posicionar web,50,10–100,
Contenido y keywords,Keyword research,Keyword research e intención,atrae a tu cliente,palabras claves para seo,50,10–100,
Contenido y keywords,Keyword research,Keyword research e intención,atrae a tu cliente,palabras claves para un analisis,50,10–100,baja
Contenido y keywords,Keyword research,Keyword research e intención,atrae a tu cliente,palabras claves para un negocio,50,10–100,media
Contenido y keywords,Keyword research,Keyword research e intención,atrae a tu cliente,palabras claves que es,50,10–100,baja
Contenido y keywords,Keyword research,Keyword research e intención,atrae a tu cliente,palabras claves relacionadas,50,10–100,baja
Contenido y keywords,Keyword research,Keyword research e intención,atrae a tu cliente,palabras claves transaccionales,50,10–100,baja
Contenido y keywords,Keyword research,Keyword research e intención,atrae a tu cliente,palabras con seo,50,10–100,media
Contenido y keywords,Keyword research,Keyword research e intención,atrae a tu cliente,palabras de busqueda,50,10–100,alta
Contenido y keywords,Keyword research,Keyword research e intención,atrae a tu cliente,palabras de clave,50,10–100,baja
Contenido y keywords,Keyword research,Keyword research e intención,atrae a tu cliente,palabras de cola larga,50,10–100,baja
Contenido y keywords,Keyword research,Keyword research e intención,atrae a tu cliente,palabras de google,50,10–100,media
Contenido y keywords,Keyword research,Keyword research e intención,atrae a tu cliente,palabras de marketing,50,10–100,media
Contenido y keywords,Keyword research,Keyword research e intención,atrae a tu cliente,palabras de posicionamiento,50,10–100,baja
Contenido y keywords,Keyword research,Keyword research e intención,atrae a tu cliente,palabras del marketing,50,10–100,media
Contenido y keywords,Keyword research,Keyword research e intención,atrae a tu cliente,palabras en clave ejemplos,50,10–100,baja
Contenido y keywords,Keyword research,Keyword research e intención,atrae a tu cliente,palabras en marketing,50,10–100,baja
Contenido y keywords,Keyword research,Keyword research e intención,atrae a tu cliente,palabras google ads,50,10–100,media
Contenido y keywords,Keyword research,Keyword research e intención,atrae a tu cliente,palabras keywords,50,10–100,baja
Contenido y keywords,Keyword research,Keyword research e intención,atrae a tu cliente,palabras long tail,50,10–100,media
Contenido y keywords,Keyword research,Keyword research e intención,atrae a tu cliente,palabras negativas en google ads,50,10–100,media
Contenido y keywords,Keyword research,Keyword research e intención,atrae a tu cliente,palabras negativas google ads,50,10–100,baja
Contenido y keywords,Keyword research,Keyword research e intención,atrae a tu cliente,palabras negativas google ads ejemplos,50,10–100,baja
Contenido y keywords,Keyword research,Keyword research e intención,atrae a tu cliente,palabras palabras claves,50,10–100,baja
Contenido y keywords,Keyword research,Keyword research e intención,atrae a tu cliente,palabras para buscar en google,50,10–100,media
Contenido y keywords,Keyword research,Keyword research e intención,atrae a tu cliente,palabras para claves,50,10–100,baja
Contenido y keywords,Keyword research,Keyword research e intención,atrae a tu cliente,palabras para google,50,10–100,baja
Contenido y keywords,Keyword research,Keyword research e intención,atrae a tu cliente,palabras para seo,50,10–100,media
Contenido y keywords,Keyword research,Keyword research e intención,atrae a tu cliente,palabras principales,50,10–100,media
Contenido y keywords,Keyword research,Keyword research e intención,atrae a tu cliente,palabras seo,50,10–100,alta
Contenido y keywords,Keyword research,Keyword research e intención,atrae a tu cliente,palabras seo google,50,10–100,baja
Contenido y keywords,Keyword research,Keyword research e intención,atrae a tu cliente,palabras transaccionales,50,10–100,baja
Contenido y keywords,Keyword research,Keyword research e intención,atrae a tu cliente,palabrasclaves,50,10–100,baja
Contenido y keywords,Keyword research,Keyword research e intención,atrae a tu cliente,para que se usa google trends,50,10–100,baja
Contenido y keywords,Keyword research,Keyword research e intención,atrae a tu cliente,para que sirven las keywords,50,10–100,baja
Contenido y keywords,Keyword research,Keyword research e intención,atrae a tu cliente,para que sirven las palabras clave,50,10–100,media
Contenido y keywords,Keyword research,Keyword research e intención,atrae a tu cliente,para que sirven las palabras claves en un texto,50,10–100,baja
Contenido y keywords,Keyword research,Keyword research e intención,atrae a tu cliente,para que son las palabras clave,50,10–100,baja
Contenido y keywords,Keyword research,Keyword research e intención,atrae a tu cliente,para que son las palabras claves,50,10–100,baja
Contenido y keywords,Keyword research,Keyword research e intención,atrae a tu cliente,planeador de palabras clave,50,10–100,baja
Contenido y keywords,Keyword research,Keyword research e intención,atrae a tu cliente,planeador de palabras clave de google,50,10–100,baja
Contenido y keywords,Keyword research,Keyword research e intención,atrae a tu cliente,planificador de alcance google ads,50,10–100,baja
Contenido y keywords,Keyword research,Keyword research e intención,atrae a tu cliente,planificador de google,50,10–100,alta
Contenido y keywords,Keyword research,Keyword research e intención,atrae a tu cliente,planificador de google ads,50,10–100,
Contenido y keywords,Keyword research,Keyword research e intención,atrae a tu cliente,planificador de keywords,50,10–100,
Contenido y keywords,Keyword research,Keyword research e intención,atrae a tu cliente,planificador de keywords google,50,10–100,baja
Contenido y keywords,Keyword research,Keyword research e intención,atrae a tu cliente,planificador de palabras,50,10–100,alta
Contenido y keywords,Keyword research,Keyword research e intención,atrae a tu cliente,planificador de palabras clave ads,50,10–100,baja
Contenido y keywords,Keyword research,Keyword research e intención,atrae a tu cliente,planificador de palabras clave de adwords,50,10–100,baja
Contenido y keywords,Keyword research,Keyword research e intención,atrae a tu cliente,planificador de palabras clave de google adwords,50,10–100,media
Contenido y keywords,Keyword research,Keyword research e intención,atrae a tu cliente,planificador de palabras clave de google adwords gratis,50,10–100,baja
Contenido y keywords,Keyword research,Keyword research e intención,atrae a tu cliente,planificador de palabras clave de google gratis,50,10–100,alta
Contenido y keywords,Keyword research,Keyword research e intención,atrae a tu cliente,planificador de palabras clave en google,50,10–100,baja
Contenido y keywords,Keyword research,Keyword research e intención,atrae a tu cliente,planificador de palabras clave google ads,50,10–100,alta
Contenido y keywords,Keyword research,Keyword research e intención,atrae a tu cliente,planificador de palabras clave google adwords,50,10–100,baja
Contenido y keywords,Keyword research,Keyword research e intención,atrae a tu cliente,planificador de palabras clave google gratis,50,10–100,alta
Contenido y keywords,Keyword research,Keyword research e intención,atrae a tu cliente,planificador de palabras clave gratis,50,10–100,alta
Contenido y keywords,Keyword research,Keyword research e intención,atrae a tu cliente,planificador de palabras de google,50,10–100,alta
Contenido y keywords,Keyword research,Keyword research e intención,atrae a tu cliente,planificador de palabras de google ads,50,10–100,baja
Contenido y keywords,Keyword research,Keyword research e intención,atrae a tu cliente,planificador de palabras google,50,10–100,alta
Contenido y keywords,Keyword research,Keyword research e intención,atrae a tu cliente,planificador de palabras google ads,50,10–100,media
Contenido y keywords,Keyword research,Keyword research e intención,atrae a tu cliente,planificador de palabras google adwords,50,10–100,baja
Contenido y keywords,Keyword research,Keyword research e intención,atrae a tu cliente,planificador google,50,10–100,media
Contenido y keywords,Keyword research,Keyword research e intención,atrae a tu cliente,planificador google ads,50,10–100,media
Contenido y keywords,Keyword research,Keyword research e intención,atrae a tu cliente,planificador keywords,50,10–100,baja
Contenido y keywords,Keyword research,Keyword research e intención,atrae a tu cliente,planificador keywords google,50,10–100,media
Contenido y keywords,Keyword research,Keyword research e intención,atrae a tu cliente,planificador palabras,50,10–100,alta
Contenido y keywords,Keyword research,Keyword research e intención,atrae a tu cliente,planificador palabras clave ads,50,10–100,baja
Contenido y keywords,Keyword research,Keyword research e intención,atrae a tu cliente,planificador palabras clave adwords,50,10–100,alta
Contenido y keywords,Keyword research,Keyword research e intención,atrae a tu cliente,planificador palabras clave de google,50,10–100,alta
Contenido y keywords,Keyword research,Keyword research e intención,atrae a tu cliente,planificador palabras clave google,50,10–100,alta
Contenido y keywords,Keyword research,Keyword research e intención,atrae a tu cliente,planificador palabras clave google ads,50,10–100,alta
Contenido y keywords,Keyword research,Keyword research e intención,atrae a tu cliente,planificador palabras clave google adwords,50,10–100,baja
Contenido y keywords,Keyword research,Keyword research e intención,atrae a tu cliente,planificador palabras clave google gratis,50,10–100,baja
Contenido y keywords,Keyword research,Keyword research e intención,atrae a tu cliente,planificador palabras clave gratis,50,10–100,alta
Contenido y keywords,Keyword research,Keyword research e intención,atrae a tu cliente,planificador palabras claves de google,50,10–100,baja
Contenido y keywords,Keyword research,Keyword research e intención,atrae a tu cliente,planificador palabras claves google,50,10–100,alta
Contenido y keywords,Keyword research,Keyword research e intención,atrae a tu cliente,planificador palabras claves google ads,50,10–100,baja
Contenido y keywords,Keyword research,Keyword research e intención,atrae a tu cliente,planificador palabras google,50,10–100,media
Contenido y keywords,Keyword research,Keyword research e intención,atrae a tu cliente,planner en google,50,10–100,alta
Contenido y keywords,Keyword research,Keyword research e intención,atrae a tu cliente,posicionamiento adwords,50,10–100,
Contenido y keywords,Keyword research,Keyword research e intención,atrae a tu cliente,posicionamiento de palabras clave,50,10–100,alta
Contenido y keywords,Keyword research,Keyword research e intención,atrae a tu cliente,posicionamiento google adwords,50,10–100,baja
Contenido y keywords,Keyword research,Keyword research e intención,atrae a tu cliente,posicionamiento palabras clave,50,10–100,
Contenido y keywords,Keyword research,Keyword research e intención,atrae a tu cliente,posicionamiento palabras clave google,50,10–100,baja
Contenido y keywords,Keyword research,Keyword research e intención,atrae a tu cliente,posicionamiento seo palabras clave,50,10–100,
Contenido y keywords,Keyword research,Keyword research e intención,atrae a tu cliente,programa palabras clave,50,10–100,baja
Contenido y keywords,Keyword research,Keyword research e intención,atrae a tu cliente,programa para palabras claves,50,10–100,baja
Contenido y keywords,Keyword research,Keyword research e intención,atrae a tu cliente,programacion palabras clave,50,10–100,baja
Contenido y keywords,Keyword research,Keyword research e intención,atrae a tu cliente,que es el keyword,50,10–100,baja
Contenido y keywords,Keyword research,Keyword research e intención,atrae a tu cliente,que es el keyword research,50,10–100,media
Contenido y keywords,Keyword research,Keyword research e intención,atrae a tu cliente,que es el keywords,50,10–100,baja
Contenido y keywords,Keyword research,Keyword research e intención,atrae a tu cliente,que es el long tail en marketing,50,10–100,media
Contenido y keywords,Keyword research,Keyword research e intención,atrae a tu cliente,que es keyword research,50,10–100,media
Contenido y keywords,Keyword research,Keyword research e intención,atrae a tu cliente,que es keyword stuffing,50,10–100,media
Contenido y keywords,Keyword research,Keyword research e intención,atrae a tu cliente,que es keywords en marketing,50,10–100,media
Contenido y keywords,Keyword research,Keyword research e intención,atrae a tu cliente,que es la densidad de palabras clave,50,10–100,baja
Contenido y keywords,Keyword research,Keyword research e intención,atrae a tu cliente,que es long tail,50,10–100,media
Contenido y keywords,Keyword research,Keyword research e intención,atrae a tu cliente,que es long tail en marketing,50,10–100,baja
Contenido y keywords,Keyword research,Keyword research e intención,atrae a tu cliente,que es long tail keywords,50,10–100,baja
Contenido y keywords,Keyword research,Keyword research e intención,atrae a tu cliente,que es long tail marketing,50,10–100,baja
Contenido y keywords,Keyword research,Keyword research e intención,atrae a tu cliente,que es meta keywords,50,10–100,baja
Contenido y keywords,Keyword research,Keyword research e intención,atrae a tu cliente,que es un keyword,50,10–100,media
Contenido y keywords,Keyword research,Keyword research e intención,atrae a tu cliente,que es un keyword en marketing,50,10–100,baja
Contenido y keywords,Keyword research,Keyword research e intención,atrae a tu cliente,que es un keyword research,50,10–100,media
Contenido y keywords,Keyword research,Keyword research e intención,atrae a tu cliente,que es un long tail,50,10–100,media
Contenido y keywords,Keyword research,Keyword research e intención,atrae a tu cliente,que es un palabra clave,50,10–100,baja
Contenido y keywords,Keyword research,Keyword research e intención,atrae a tu cliente,que es una keyword,50,10–100,media
Contenido y keywords,Keyword research,Keyword research e intención,atrae a tu cliente,que poner en palabras clave,50,10–100,baja
Contenido y keywords,Keyword research,Keyword research e intención,atrae a tu cliente,que quiere decir palabras claves,50,10–100,baja
Contenido y keywords,Keyword research,Keyword research e intención,atrae a tu cliente,que se pone en palabras clave,50,10–100,baja
Contenido y keywords,Keyword research,Keyword research e intención,atrae a tu cliente,que significa keyword,50,10–100,media
Contenido y keywords,Keyword research,Keyword research e intención,atrae a tu cliente,que significa la palabra clave,50,10–100,media
Contenido y keywords,Keyword research,Keyword research e intención,atrae a tu cliente,que significa long tail,50,10–100,media
Contenido y keywords,Keyword research,Keyword research e intención,atrae a tu cliente,que son keywords,50,10–100,media
Contenido y keywords,Keyword research,Keyword research e intención,atrae a tu cliente,que son las meta keywords,50,10–100,baja
Contenido y keywords,Keyword research,Keyword research e intención,atrae a tu cliente,que son las palabras clave de busqueda,50,10–100,baja
Contenido y keywords,Keyword research,Keyword research e intención,atrae a tu cliente,que son las palabras claves,50,10–100,media
Contenido y keywords,Keyword research,Keyword research e intención,atrae a tu cliente,que son las palabras de transicion en seo,50,10–100,media
Contenido y keywords,Keyword research,Keyword research e intención,atrae a tu cliente,que son los keywords,50,10–100,media
Contenido y keywords,Keyword research,Keyword research e intención,atrae a tu cliente,que son palabras de transicion en seo,50,10–100,media
Contenido y keywords,Keyword research,Keyword research e intención,atrae a tu cliente,ranking de palabras clave,50,10–100,baja
Contenido y keywords,Keyword research,Keyword research e intención,atrae a tu cliente,ranking palabras clave,50,10–100,baja
Contenido y keywords,Keyword research,Keyword research e intención,atrae a tu cliente,search your keyword,50,10–100,baja
Contenido y keywords,Keyword research,Keyword research e intención,atrae a tu cliente,seo contador de palabras,50,10–100,media
Contenido y keywords,Keyword research,Keyword research e intención,atrae a tu cliente,seo frase clave objetivo,50,10–100,baja
Contenido y keywords,Keyword research,Keyword research e intención,atrae a tu cliente,seo palabras,50,10–100,baja
Contenido y keywords,Keyword research,Keyword research e intención,atrae a tu cliente,seo palabras clave google,50,10–100,
Contenido y keywords,Keyword research,Keyword research e intención,atrae a tu cliente,seo palabras claves,50,10–100,alta
Contenido y keywords,Keyword research,Keyword research e intención,atrae a tu cliente,terminos claves,50,10–100,baja
Contenido y keywords,Keyword research,Keyword research e intención,atrae a tu cliente,terminos de busqueda en google,50,10–100,baja
Contenido y keywords,Keyword research,Keyword research e intención,atrae a tu cliente,terminos de busqueda google,50,10–100,media
Contenido y keywords,Keyword research,Keyword research e intención,atrae a tu cliente,terminos de busqueda google ads,50,10–100,media
Contenido y keywords,Keyword research,Keyword research e intención,atrae a tu cliente,terminos de busqueda google analytics,50,10–100,baja
Contenido y keywords,Keyword research,Keyword research e intención,atrae a tu cliente,tipos de concordancia de palabras clave,50,10–100,baja
Contenido y keywords,Keyword research,Keyword research e intención,atrae a tu cliente,tipos de concordancia en google ads,50,10–100,media
Contenido y keywords,Keyword research,Keyword research e intención,atrae a tu cliente,tipos de concordancia google ads,50,10–100,media
Contenido y keywords,Keyword research,Keyword research e intención,atrae a tu cliente,tipos de keywords,50,10–100,media
Contenido y keywords,Keyword research,Keyword research e intención,atrae a tu cliente,tipos de palabras clave,50,10–100,media
Contenido y keywords,Keyword research,Keyword research e intención,atrae a tu cliente,tipos de palabras clave google ads,50,10–100,media
Contenido y keywords,Keyword research,Keyword research e intención,atrae a tu cliente,tipos de palabras clave seo,50,10–100,media
Contenido y keywords,Keyword research,Keyword research e intención,atrae a tu cliente,ultimate keyword tool,50,10–100,baja
Contenido y keywords,Keyword research,Keyword research e intención,atrae a tu cliente,una lista de palabras claves,50,10–100,baja
Contenido y keywords,Keyword research,Keyword research e intención,atrae a tu cliente,una palabra clave,50,10–100,media
Contenido y keywords,Keyword research,Keyword research e intención,atrae a tu cliente,ver keywords de una web,50,10–100,
Contenido y keywords,Keyword research,Keyword research e intención,atrae a tu cliente,ver palabras clave,50,10–100,
Contenido y keywords,Keyword research,Keyword research e intención,atrae a tu cliente,ver palabras clave de la competencia,50,10–100,baja
Contenido y keywords,Keyword research,Keyword research e intención,atrae a tu cliente,ver palabras clave de una web,50,10–100,
Contenido y keywords,Keyword research,Keyword research e intención,atrae a tu cliente,ver palabras clave google,50,10–100,
Contenido y keywords,Keyword research,Keyword research e intención,atrae a tu cliente,ver palabras clave google analytics,50,10–100,baja
Contenido y keywords,Keyword research,Keyword research e intención,atrae a tu cliente,volumen de busqueda,50,10–100,media
Contenido y keywords,Keyword research,Keyword research e intención,atrae a tu cliente,volumen de busqueda de palabras clave,50,10–100,
Contenido y keywords,Keyword research,Keyword research e intención,atrae a tu cliente,volumen de busqueda palabras clave,50,10–100,baja
Contenido y keywords,Keyword research,Keyword research e intención,atrae a tu cliente,volumen de busquedas,50,10–100,alta
Contenido y keywords,Keyword research,Keyword research e intención,atrae a tu cliente,volumen de búsqueda,50,10–100,media
Contenido y keywords,Keyword research,Keyword research e intención,atrae a tu cliente,volumen de palabras clave,50,10–100,baja
Contenido y keywords,Keyword research,Keyword research e intención,atrae a tu cliente,volumen palabras clave,50,10–100,baja
Contenido y keywords,Keyword research,Keyword research e intención,atrae a tu cliente,word palabras clave,50,10–100,baja
Contenido y keywords,Keyword research,Keyword research e intención,atrae a tu cliente,word planner google,50,10–100,media
Contenido y keywords,Keyword research,Keyword research e intención,atrae a tu cliente,yoast seo frase clave objetivo,50,10–100,baja
Contenido y keywords,Keyword research,Keyword research e intención,atrae a tu cliente,yoast seo palabras clave,50,10–100,baja
Fuera de foco,Marcas de terceros,"Otras agencias, formadores y herramientas",fuera de foco,agencia seo recomendada rodanet,500,100–1.000,media
Fuera de foco,Marcas de terceros,"Otras agencias, formadores y herramientas",fuera de foco,la fabrica del seo,500,100–1.000,media
Fuera de foco,Marcas de terceros,"Otras agencias, formadores y herramientas",fuera de foco,seocom agency,500,100–1.000,media
Fuera de foco,Marcas de terceros,"Otras agencias, formadores y herramientas",fuera de foco,vass soluciones digitales,500,100–1.000,media
Fuera de foco,Marcas de terceros,"Otras agencias, formadores y herramientas",fuera de foco,accor reforzar la marca con el marketing digital,50,10–100,baja
Fuera de foco,Marcas de terceros,"Otras agencias, formadores y herramientas",fuera de foco,agencia de marketing autosuggest,50,10–100,baja
Fuera de foco,Marcas de terceros,"Otras agencias, formadores y herramientas",fuera de foco,agencia de marketing condalseo,50,10–100,baja
Fuera de foco,Marcas de terceros,"Otras agencias, formadores y herramientas",fuera de foco,agencia de marketing digital condalseo,50,10–100,baja
Fuera de foco,Marcas de terceros,"Otras agencias, formadores y herramientas",fuera de foco,agencia de marketing recomendada autosuggest,50,10–100,baja
Fuera de foco,Marcas de terceros,"Otras agencias, formadores y herramientas",fuera de foco,agencia google ads eskimoz,50,10–100,baja
Fuera de foco,Marcas de terceros,"Otras agencias, formadores y herramientas",fuera de foco,agencia hubspot,50,10–100,alta
Fuera de foco,Marcas de terceros,"Otras agencias, formadores y herramientas",fuera de foco,agencia romuald fons,50,10–100,alta
Fuera de foco,Marcas de terceros,"Otras agencias, formadores y herramientas",fuera de foco,agencia seo eskimoz,50,10–100,alta
Fuera de foco,Marcas de terceros,"Otras agencias, formadores y herramientas",fuera de foco,agencia seo jyrseo,50,10–100,baja
Fuera de foco,Marcas de terceros,"Otras agencias, formadores y herramientas",fuera de foco,agencia seo neoattack,50,10–100,baja
Fuera de foco,Marcas de terceros,"Otras agencias, formadores y herramientas",fuera de foco,agencia seo rodanet,50,10–100,alta
Fuera de foco,Marcas de terceros,"Otras agencias, formadores y herramientas",fuera de foco,alex serrano seo,50,10–100,media
Fuera de foco,Marcas de terceros,"Otras agencias, formadores y herramientas",fuera de foco,aleyda seo,50,10–100,baja
Fuera de foco,Marcas de terceros,"Otras agencias, formadores y herramientas",fuera de foco,aleyda solis seo,50,10–100,media
Fuera de foco,Marcas de terceros,"Otras agencias, formadores y herramientas",fuera de foco,amasty seo,50,10–100,baja
Fuera de foco,Marcas de terceros,"Otras agencias, formadores y herramientas",fuera de foco,armada digital curso,50,10–100,media
Fuera de foco,Marcas de terceros,"Otras agencias, formadores y herramientas",fuera de foco,armada digital romuald fons,50,10–100,alta
Fuera de foco,Marcas de terceros,"Otras agencias, formadores y herramientas",fuera de foco,auditoria seo jyrseo,50,10–100,baja
Fuera de foco,Marcas de terceros,"Otras agencias, formadores y herramientas",fuera de foco,babiato yoast seo,50,10–100,media
Fuera de foco,Marcas de terceros,"Otras agencias, formadores y herramientas",fuera de foco,chuiso curso,50,10–100,alta
Fuera de foco,Marcas de terceros,"Otras agencias, formadores y herramientas",fuera de foco,conkysta,50,10–100,media
Fuera de foco,Marcas de terceros,"Otras agencias, formadores y herramientas",fuera de foco,consultor seo eskimoz,50,10–100,baja
Fuera de foco,Marcas de terceros,"Otras agencias, formadores y herramientas",fuera de foco,consultor seo jordiruiz net,50,10–100,baja
Fuera de foco,Marcas de terceros,"Otras agencias, formadores y herramientas",fuera de foco,consultor seo jorge jaime,50,10–100,baja
Fuera de foco,Marcas de terceros,"Otras agencias, formadores y herramientas",fuera de foco,consultor seo josma,50,10–100,baja
Fuera de foco,Marcas de terceros,"Otras agencias, formadores y herramientas",fuera de foco,consultoria jyrseo,50,10–100,baja
Fuera de foco,Marcas de terceros,"Otras agencias, formadores y herramientas",fuera de foco,curso armada digital gratis,50,10–100,baja
Fuera de foco,Marcas de terceros,"Otras agencias, formadores y herramientas",fuera de foco,curso chuiso,50,10–100,baja
Fuera de foco,Marcas de terceros,"Otras agencias, formadores y herramientas",fuera de foco,curso de seo romuald fons,50,10–100,baja
Fuera de foco,Marcas de terceros,"Otras agencias, formadores y herramientas",fuera de foco,curso romuald fons,50,10–100,alta
Fuera de foco,Marcas de terceros,"Otras agencias, formadores y herramientas",fuera de foco,curso romuald fons gratis,50,10–100,baja
Fuera de foco,Marcas de terceros,"Otras agencias, formadores y herramientas",fuera de foco,curso seo chuiso,50,10–100,baja
Fuera de foco,Marcas de terceros,"Otras agencias, formadores y herramientas",fuera de foco,curso seo david ayala,50,10–100,baja
Fuera de foco,Marcas de terceros,"Otras agencias, formadores y herramientas",fuera de foco,curso seo domestika,50,10–100,baja
Fuera de foco,Marcas de terceros,"Otras agencias, formadores y herramientas",fuera de foco,curso seo romuald,50,10–100,alta
Fuera de foco,Marcas de terceros,"Otras agencias, formadores y herramientas",fuera de foco,curso seo romuald fons,50,10–100,media
Fuera de foco,Marcas de terceros,"Otras agencias, formadores y herramientas",fuera de foco,curso seo romuald fons gratis,50,10–100,media
Fuera de foco,Marcas de terceros,"Otras agencias, formadores y herramientas",fuera de foco,david ayala seo,50,10–100,media
Fuera de foco,Marcas de terceros,"Otras agencias, formadores y herramientas",fuera de foco,deker consultores de marketing,50,10–100,baja
Fuera de foco,Marcas de terceros,"Otras agencias, formadores y herramientas",fuera de foco,domestika curso seo,50,10–100,alta
Fuera de foco,Marcas de terceros,"Otras agencias, formadores y herramientas",fuera de foco,domestika seo,50,10–100,
Fuera de foco,Marcas de terceros,"Otras agencias, formadores y herramientas",fuera de foco,empresa posicionamiento jyrseo,50,10–100,baja
Fuera de foco,Marcas de terceros,"Otras agencias, formadores y herramientas",fuera de foco,empresa romuald fons,50,10–100,media
Fuera de foco,Marcas de terceros,"Otras agencias, formadores y herramientas",fuera de foco,enlazator opiniones,50,10–100,
Fuera de foco,Marcas de terceros,"Otras agencias, formadores y herramientas",fuera de foco,estrategias de marketing digital de coca cola,50,10–100,baja
Fuera de foco,Marcas de terceros,"Otras agencias, formadores y herramientas",fuera de foco,eva sanagustin marketing de contenidos,50,10–100,media
Fuera de foco,Marcas de terceros,"Otras agencias, formadores y herramientas",fuera de foco,fernando angulo semrush,50,10–100,media
Fuera de foco,Marcas de terceros,"Otras agencias, formadores y herramientas",fuera de foco,fernando macia seo,50,10–100,media
Fuera de foco,Marcas de terceros,"Otras agencias, formadores y herramientas",fuera de foco,fernando macia seo avanzado,50,10–100,media
Fuera de foco,Marcas de terceros,"Otras agencias, formadores y herramientas",fuera de foco,fhios consultoria tecnologica,50,10–100,media
Fuera de foco,Marcas de terceros,"Otras agencias, formadores y herramientas",fuera de foco,generatepress seo,50,10–100,baja
Fuera de foco,Marcas de terceros,"Otras agencias, formadores y herramientas",fuera de foco,google platzierung testen,50,10–100,baja
Fuera de foco,Marcas de terceros,"Otras agencias, formadores y herramientas",fuera de foco,growth marketing platzi,50,10–100,baja
Fuera de foco,Marcas de terceros,"Otras agencias, formadores y herramientas",fuera de foco,growth marketing vilma nuñez,50,10–100,baja
Fuera de foco,Marcas de terceros,"Otras agencias, formadores y herramientas",fuera de foco,h&m estrategia de marketing,50,10–100,baja
Fuera de foco,Marcas de terceros,"Otras agencias, formadores y herramientas",fuera de foco,hubspot academy marketing de contenidos,50,10–100,baja
Fuera de foco,Marcas de terceros,"Otras agencias, formadores y herramientas",fuera de foco,hubspot marketing de contenidos,50,10–100,media
Fuera de foco,Marcas de terceros,"Otras agencias, formadores y herramientas",fuera de foco,hubspot que es y para que sirve,50,10–100,media
Fuera de foco,Marcas de terceros,"Otras agencias, formadores y herramientas",fuera de foco,iebs growth hacking,50,10–100,
Fuera de foco,Marcas de terceros,"Otras agencias, formadores y herramientas",fuera de foco,joe pulizzi marketing de contenidos,50,10–100,baja
Fuera de foco,Marcas de terceros,"Otras agencias, formadores y herramientas",fuera de foco,josep alet marketing relacional,50,10–100,media
Fuera de foco,Marcas de terceros,"Otras agencias, formadores y herramientas",fuera de foco,kschool seo,50,10–100,alta
Fuera de foco,Marcas de terceros,"Otras agencias, formadores y herramientas",fuera de foco,marketing de contenidos eva sanagustín,50,10–100,media
Fuera de foco,Marcas de terceros,"Otras agencias, formadores y herramientas",fuera de foco,marketing de contenidos eva sanagustín pdf,50,10–100,baja
Fuera de foco,Marcas de terceros,"Otras agencias, formadores y herramientas",fuera de foco,marketing de contenidos hubspot,50,10–100,
Fuera de foco,Marcas de terceros,"Otras agencias, formadores y herramientas",fuera de foco,marketing digital de coca cola,50,10–100,baja
Fuera de foco,Marcas de terceros,"Otras agencias, formadores y herramientas",fuera de foco,master seo kschool,50,10–100,alta
Fuera de foco,Marcas de terceros,"Otras agencias, formadores y herramientas",fuera de foco,master seo romuald fons,50,10–100,media
Fuera de foco,Marcas de terceros,"Otras agencias, formadores y herramientas",fuera de foco,master seo sem kschool,50,10–100,
Fuera de foco,Marcas de terceros,"Otras agencias, formadores y herramientas",fuera de foco,mejor agencia seo jyrseo,50,10–100,baja
Fuera de foco,Marcas de terceros,"Otras agencias, formadores y herramientas",fuera de foco,miguel florido marketing digital,50,10–100,media
Fuera de foco,Marcas de terceros,"Otras agencias, formadores y herramientas",fuera de foco,neoattack precio,50,10–100,baja
Fuera de foco,Marcas de terceros,"Otras agencias, formadores y herramientas",fuera de foco,neoattack seo,50,10–100,media
Fuera de foco,Marcas de terceros,"Otras agencias, formadores y herramientas",fuera de foco,nominalia redireccionar dominio,50,10–100,baja
Fuera de foco,Marcas de terceros,"Otras agencias, formadores y herramientas",fuera de foco,openlinkprofiler,50,10–100,media
Fuera de foco,Marcas de terceros,"Otras agencias, formadores y herramientas",fuera de foco,paginas web de romuald fons,50,10–100,media
Fuera de foco,Marcas de terceros,"Otras agencias, formadores y herramientas",fuera de foco,platzi growth marketing,50,10–100,baja
Fuera de foco,Marcas de terceros,"Otras agencias, formadores y herramientas",fuera de foco,platzi seo,50,10–100,media
Fuera de foco,Marcas de terceros,"Otras agencias, formadores y herramientas",fuera de foco,posicionamiento seo eskimoz,50,10–100,baja
Fuera de foco,Marcas de terceros,"Otras agencias, formadores y herramientas",fuera de foco,posicionamiento seo jorge jaime,50,10–100,baja
Fuera de foco,Marcas de terceros,"Otras agencias, formadores y herramientas",fuera de foco,posicionamiento seo jyrseo,50,10–100,baja
Fuera de foco,Marcas de terceros,"Otras agencias, formadores y herramientas",fuera de foco,posicionamiento web conkysta,50,10–100,baja
Fuera de foco,Marcas de terceros,"Otras agencias, formadores y herramientas",fuera de foco,que es inbound marketing hubspot,50,10–100,baja
Fuera de foco,Marcas de terceros,"Otras agencias, formadores y herramientas",fuera de foco,redireccionar dominio nominalia,50,10–100,baja
Fuera de foco,Marcas de terceros,"Otras agencias, formadores y herramientas",fuera de foco,romuald fons agencia,50,10–100,alta
Fuera de foco,Marcas de terceros,"Otras agencias, formadores y herramientas",fuera de foco,romuald fons armada digital,50,10–100,
Fuera de foco,Marcas de terceros,"Otras agencias, formadores y herramientas",fuera de foco,romuald fons big seo,50,10–100,media
Fuera de foco,Marcas de terceros,"Otras agencias, formadores y herramientas",fuera de foco,romuald fons curso,50,10–100,alta
Fuera de foco,Marcas de terceros,"Otras agencias, formadores y herramientas",fuera de foco,romuald fons curso seo,50,10–100,media
Fuera de foco,Marcas de terceros,"Otras agencias, formadores y herramientas",fuera de foco,romuald fons empresa,50,10–100,alta
Fuera de foco,Marcas de terceros,"Otras agencias, formadores y herramientas",fuera de foco,romuald fons wordpress,50,10–100,baja
Fuera de foco,Marcas de terceros,"Otras agencias, formadores y herramientas",fuera de foco,semrush fernando angulo,50,10–100,media
Fuera de foco,Marcas de terceros,"Otras agencias, formadores y herramientas",fuera de foco,seo avanzado fernando macia,50,10–100,media
Fuera de foco,Marcas de terceros,"Otras agencias, formadores y herramientas",fuera de foco,seo domestika,50,10–100,media
Fuera de foco,Marcas de terceros,"Otras agencias, formadores y herramientas",fuera de foco,seo natural sl,50,10–100,baja
Fuera de foco,Marcas de terceros,"Otras agencias, formadores y herramientas",fuera de foco,seo platzi,50,10–100,baja
Fuera de foco,Marcas de terceros,"Otras agencias, formadores y herramientas",fuera de foco,seo softalian,50,10–100,baja
Fuera de foco,Marcas de terceros,"Otras agencias, formadores y herramientas",fuera de foco,seo ultimate,50,10–100,baja
Fuera de foco,Marcas de terceros,"Otras agencias, formadores y herramientas",fuera de foco,seopowersuite es,50,10–100,baja
Fuera de foco,Marcas de terceros,"Otras agencias, formadores y herramientas",fuera de foco,shein estrategias de marketing,50,10–100,baja
Fuera de foco,Marcas de terceros,"Otras agencias, formadores y herramientas",fuera de foco,webpositer agencia,50,10–100,alta
Fuera de foco,Marcas de terceros,"Otras agencias, formadores y herramientas",fuera de foco,webpositer com,50,10–100,media
Fuera de foco,Marcas de terceros,"Otras agencias, formadores y herramientas",fuera de foco,wordpress romuald fons,50,10–100,baja
Fuera de foco,Marcas de terceros,"Otras agencias, formadores y herramientas",fuera de foco,yastseo,50,10–100,baja
Fuera de foco,Marcas de terceros,"Otras agencias, formadores y herramientas",fuera de foco,yoast seo babiato,50,10–100,media
Fuera de foco,Marcas de terceros,"Otras agencias, formadores y herramientas",fuera de foco,yoast seo premium babiato,50,10–100,media
Fuera de foco,Otros canales,"ASO, Amazon, Pinterest, YouTube",fuera de foco,amz seo,500,100–1.000,media
Fuera de foco,Otros canales,"ASO, Amazon, Pinterest, YouTube",fuera de foco,aso app,500,100–1.000,alta
Fuera de foco,Otros canales,"ASO, Amazon, Pinterest, YouTube",fuera de foco,seo amazon,500,100–1.000,media
Fuera de foco,Otros canales,"ASO, Amazon, Pinterest, YouTube",fuera de foco,seo en amazon,500,100–1.000,media
Fuera de foco,Otros canales,"ASO, Amazon, Pinterest, YouTube",fuera de foco,agencia seo amazon,50,10–100,media
Fuera de foco,Otros canales,"ASO, Amazon, Pinterest, YouTube",fuera de foco,amazon palabras clave,50,10–100,baja
Fuera de foco,Otros canales,"ASO, Amazon, Pinterest, YouTube",fuera de foco,amazon posicionamiento,50,10–100,baja
Fuera de foco,Otros canales,"ASO, Amazon, Pinterest, YouTube",fuera de foco,aso aplicaciones,50,10–100,baja
Fuera de foco,Otros canales,"ASO, Amazon, Pinterest, YouTube",fuera de foco,aso app store,50,10–100,alta
Fuera de foco,Otros canales,"ASO, Amazon, Pinterest, YouTube",fuera de foco,aso iphone,50,10–100,baja
Fuera de foco,Otros canales,"ASO, Amazon, Pinterest, YouTube",fuera de foco,aso para apps,50,10–100,
Fuera de foco,Otros canales,"ASO, Amazon, Pinterest, YouTube",fuera de foco,aso seo,50,10–100,alta
Fuera de foco,Otros canales,"ASO, Amazon, Pinterest, YouTube",fuera de foco,google play aso,50,10–100,media
Fuera de foco,Otros canales,"ASO, Amazon, Pinterest, YouTube",fuera de foco,hacer seo en amazon,50,10–100,baja
Fuera de foco,Otros canales,"ASO, Amazon, Pinterest, YouTube",fuera de foco,herramienta palabras clave amazon,50,10–100,baja
Fuera de foco,Otros canales,"ASO, Amazon, Pinterest, YouTube",fuera de foco,marketing aso,50,10–100,media
Fuera de foco,Otros canales,"ASO, Amazon, Pinterest, YouTube",fuera de foco,marketing en amazon,50,10–100,baja
Fuera de foco,Otros canales,"ASO, Amazon, Pinterest, YouTube",fuera de foco,palabra clave amazon,50,10–100,baja
Fuera de foco,Otros canales,"ASO, Amazon, Pinterest, YouTube",fuera de foco,palabras clave amazon,50,10–100,media
Fuera de foco,Otros canales,"ASO, Amazon, Pinterest, YouTube",fuera de foco,palabras clave en amazon,50,10–100,baja
Fuera de foco,Otros canales,"ASO, Amazon, Pinterest, YouTube",fuera de foco,palabras claves amazon,50,10–100,media
Fuera de foco,Otros canales,"ASO, Amazon, Pinterest, YouTube",fuera de foco,posicionamiento amazon,50,10–100,baja
Fuera de foco,Otros canales,"ASO, Amazon, Pinterest, YouTube",fuera de foco,posicionamiento de amazon,50,10–100,media
Fuera de foco,Otros canales,"ASO, Amazon, Pinterest, YouTube",fuera de foco,posicionamiento de productos en amazon,50,10–100,baja
Fuera de foco,Otros canales,"ASO, Amazon, Pinterest, YouTube",fuera de foco,posicionamiento en amazon,50,10–100,alta
Fuera de foco,Otros canales,"ASO, Amazon, Pinterest, YouTube",fuera de foco,posicionamiento en google play,50,10–100,baja
Fuera de foco,Otros canales,"ASO, Amazon, Pinterest, YouTube",fuera de foco,posicionamiento seo amazon,50,10–100,baja
Fuera de foco,Otros canales,"ASO, Amazon, Pinterest, YouTube",fuera de foco,posicionamiento seo en amazon,50,10–100,baja
Fuera de foco,Otros canales,"ASO, Amazon, Pinterest, YouTube",fuera de foco,posicionar productos en amazon,50,10–100,baja
Fuera de foco,Otros canales,"ASO, Amazon, Pinterest, YouTube",fuera de foco,seo en pinterest,50,10–100,media
Fuera de foco,Otros canales,"ASO, Amazon, Pinterest, YouTube",fuera de foco,seo para amazon,50,10–100,baja
Fuera de foco,Otros canales,"ASO, Amazon, Pinterest, YouTube",fuera de foco,seo para pinterest,50,10–100,media
Fuera de foco,Otros canales,"ASO, Amazon, Pinterest, YouTube",fuera de foco,seo pinterest,50,10–100,media
Fuera de foco,Otros canales,"ASO, Amazon, Pinterest, YouTube",fuera de foco,seo play store,50,10–100,media
Fuera de foco,Otros canales,"ASO, Amazon, Pinterest, YouTube",fuera de foco,seo video,50,10–100,media
Fuera de foco,Otros canales,"ASO, Amazon, Pinterest, YouTube",fuera de foco,seo yt,50,10–100,
Fuera de foco,Otros canales,"ASO, Amazon, Pinterest, YouTube",fuera de foco,video de seo,50,10–100,media
Fuera de foco,Otros canales,"ASO, Amazon, Pinterest, YouTube",fuera de foco,video seo gratis,50,10–100,media
Fuera de foco,Otros canales,"ASO, Amazon, Pinterest, YouTube",fuera de foco,vídeos de seo,50,10–100,baja
Fuera de foco,Otros canales,"ASO, Amazon, Pinterest, YouTube",fuera de foco,wordpress video seo,50,10–100,baja
Fuera de foco,Otros canales,"ASO, Amazon, Pinterest, YouTube",fuera de foco,yoast seo video,50,10–100,media
Fuera de foco,Ruido,Automatización industrial y RPA,fuera de foco,automatización,5000,1.000–10.000,media
Fuera de foco,Ruido,Automatización industrial y RPA,fuera de foco,automatizacion y control,500,100–1.000,media
Fuera de foco,Ruido,Automatización industrial y RPA,fuera de foco,automatización robotica,500,100–1.000,media
Fuera de foco,Ruido,Automatización industrial y RPA,fuera de foco,automatización robotizada,500,100–1.000,media
Fuera de foco,Ruido,Automatización industrial y RPA,fuera de foco,automatización y control,500,100–1.000,media
Fuera de foco,Ruido,Automatización industrial y RPA,fuera de foco,automatizar,500,100–1.000,media
Fuera de foco,Ruido,Automatización industrial y RPA,fuera de foco,robotica rpa,500,100–1.000,media
Fuera de foco,Ruido,Automatización industrial y RPA,fuera de foco,automatiza procesos,50,10–100,alta
Fuera de foco,Ruido,Automatización industrial y RPA,fuera de foco,automatiza sa,50,10–100,baja
Fuera de foco,Ruido,Automatización industrial y RPA,fuera de foco,automatiza sl,50,10–100,media
Fuera de foco,Ruido,Automatización industrial y RPA,fuera de foco,automatiza soluciones,50,10–100,baja
Fuera de foco,Ruido,Automatización industrial y RPA,fuera de foco,automatiza ti,50,10–100,baja
Fuera de foco,Ruido,Automatización industrial y RPA,fuera de foco,automatizacion administrativa,50,10–100,
Fuera de foco,Ruido,Automatización industrial y RPA,fuera de foco,automatizacion con rpa,50,10–100,baja
Fuera de foco,Ruido,Automatización industrial y RPA,fuera de foco,automatizacion de,50,10–100,baja
Fuera de foco,Ruido,Automatización industrial y RPA,fuera de foco,automatizacion de empresas,50,10–100,alta
Fuera de foco,Ruido,Automatización industrial y RPA,fuera de foco,automatizacion de la informacion,50,10–100,baja
Fuera de foco,Ruido,Automatización industrial y RPA,fuera de foco,automatizacion de la manufactura,50,10–100,baja
Fuera de foco,Ruido,Automatización industrial y RPA,fuera de foco,automatizacion de la produccion,50,10–100,baja
Fuera de foco,Ruido,Automatización industrial y RPA,fuera de foco,automatizacion de los procesos,50,10–100,media
Fuera de foco,Ruido,Automatización industrial y RPA,fuera de foco,automatizacion de los procesos productivos,50,10–100,baja
Fuera de foco,Ruido,Automatización industrial y RPA,fuera de foco,automatizacion de negocios,50,10–100,alta
Fuera de foco,Ruido,Automatización industrial y RPA,fuera de foco,automatizacion de nomina,50,10–100,media
Fuera de foco,Ruido,Automatización industrial y RPA,fuera de foco,automatizacion de productos,50,10–100,baja
Fuera de foco,Ruido,Automatización industrial y RPA,fuera de foco,automatizacion de recursos humanos,50,10–100,
Fuera de foco,Ruido,Automatización industrial y RPA,fuera de foco,automatizacion de sistemas de manufactura,50,10–100,baja
Fuera de foco,Ruido,Automatización industrial y RPA,fuera de foco,automatizacion digital,50,10–100,
Fuera de foco,Ruido,Automatización industrial y RPA,fuera de foco,automatizacion documental,50,10–100,baja
Fuera de foco,Ruido,Automatización industrial y RPA,fuera de foco,automatizacion empresas,50,10–100,
Fuera de foco,Ruido,Automatización industrial y RPA,fuera de foco,automatizacion en administracion,50,10–100,baja
Fuera de foco,Ruido,Automatización industrial y RPA,fuera de foco,automatizacion en educacion,50,10–100,baja
Fuera de foco,Ruido,Automatización industrial y RPA,fuera de foco,automatizacion en empresas,50,10–100,alta
Fuera de foco,Ruido,Automatización industrial y RPA,fuera de foco,automatizacion en la empresa,50,10–100,baja
Fuera de foco,Ruido,Automatización industrial y RPA,fuera de foco,automatizacion en la manufactura,50,10–100,media
Fuera de foco,Ruido,Automatización industrial y RPA,fuera de foco,automatizacion en la produccion,50,10–100,
Fuera de foco,Ruido,Automatización industrial y RPA,fuera de foco,automatizacion en los procesos de produccion,50,10–100,baja
Fuera de foco,Ruido,Automatización industrial y RPA,fuera de foco,automatizacion en los procesos productivos,50,10–100,media
Fuera de foco,Ruido,Automatización industrial y RPA,fuera de foco,automatizacion en manufactura,50,10–100,media
Fuera de foco,Ruido,Automatización industrial y RPA,fuera de foco,automatizacion en marketing,50,10–100,media
Fuera de foco,Ruido,Automatización industrial y RPA,fuera de foco,automatizacion en recursos humanos,50,10–100,baja
Fuera de foco,Ruido,Automatización industrial y RPA,fuera de foco,automatizacion financiera,50,10–100,media
Fuera de foco,Ruido,Automatización industrial y RPA,fuera de foco,automatizacion microsoft,50,10–100,media
Fuera de foco,Ruido,Automatización industrial y RPA,fuera de foco,automatizacion para pymes,50,10–100,alta
Fuera de foco,Ruido,Automatización industrial y RPA,fuera de foco,automatizacion procesos,50,10–100,media
Fuera de foco,Ruido,Automatización industrial y RPA,fuera de foco,automatizacion procesos administrativos,50,10–100,
Fuera de foco,Ruido,Automatización industrial y RPA,fuera de foco,automatizacion procesos rpa,50,10–100,baja
Fuera de foco,Ruido,Automatización industrial y RPA,fuera de foco,automatizacion recursos humanos,50,10–100,baja
Fuera de foco,Ruido,Automatización industrial y RPA,fuera de foco,automatizacion robotica,50,10–100,alta
Fuera de foco,Ruido,Automatización industrial y RPA,fuera de foco,automatizacion rpa,50,10–100,alta
Fuera de foco,Ruido,Automatización industrial y RPA,fuera de foco,automatizacion y control de procesos,50,10–100,baja
Fuera de foco,Ruido,Automatización industrial y RPA,fuera de foco,automatizacion y procesos,50,10–100,baja
Fuera de foco,Ruido,Automatización industrial y RPA,fuera de foco,automatización 4.0,50,10–100,media
Fuera de foco,Ruido,Automatización industrial y RPA,fuera de foco,automatización bancaria,50,10–100,baja
Fuera de foco,Ruido,Automatización industrial y RPA,fuera de foco,automatización completa,50,10–100,baja
Fuera de foco,Ruido,Automatización industrial y RPA,fuera de foco,automatización con rpa,50,10–100,baja
Fuera de foco,Ruido,Automatización industrial y RPA,fuera de foco,automatización de,50,10–100,baja
Fuera de foco,Ruido,Automatización industrial y RPA,fuera de foco,automatización de archivos,50,10–100,baja
Fuera de foco,Ruido,Automatización industrial y RPA,fuera de foco,automatización de contratos,50,10–100,media
Fuera de foco,Ruido,Automatización industrial y RPA,fuera de foco,automatización de control,50,10–100,baja
Fuera de foco,Ruido,Automatización industrial y RPA,fuera de foco,automatización de datos,50,10–100,media
Fuera de foco,Ruido,Automatización industrial y RPA,fuera de foco,automatización de datos en excel,50,10–100,baja
Fuera de foco,Ruido,Automatización industrial y RPA,fuera de foco,automatización de documentos,50,10–100,
Fuera de foco,Ruido,Automatización industrial y RPA,fuera de foco,automatización de documentos para la oficina,50,10–100,baja
Fuera de foco,Ruido,Automatización industrial y RPA,fuera de foco,automatización de empresas,50,10–100,alta
Fuera de foco,Ruido,Automatización industrial y RPA,fuera de foco,automatización de fuerza de ventas,50,10–100,baja
Fuera de foco,Ruido,Automatización industrial y RPA,fuera de foco,automatización de información,50,10–100,baja
Fuera de foco,Ruido,Automatización industrial y RPA,fuera de foco,automatización de la fuerza de ventas,50,10–100,baja
Fuera de foco,Ruido,Automatización industrial y RPA,fuera de foco,automatización de la fuerza de ventas sfa,50,10–100,baja
Fuera de foco,Ruido,Automatización industrial y RPA,fuera de foco,automatización de la manufactura,50,10–100,baja
Fuera de foco,Ruido,Automatización industrial y RPA,fuera de foco,automatización de la oficina,50,10–100,
Fuera de foco,Ruido,Automatización industrial y RPA,fuera de foco,automatización de la producción,50,10–100,baja
Fuera de foco,Ruido,Automatización industrial y RPA,fuera de foco,automatización de los procesos,50,10–100,media
Fuera de foco,Ruido,Automatización industrial y RPA,fuera de foco,automatización de los procesos de negocio,50,10–100,baja
Fuera de foco,Ruido,Automatización industrial y RPA,fuera de foco,automatización de los servicios,50,10–100,baja
Fuera de foco,Ruido,Automatización industrial y RPA,fuera de foco,automatización de negocios,50,10–100,alta
Fuera de foco,Ruido,Automatización industrial y RPA,fuera de foco,automatización de oficina,50,10–100,
Fuera de foco,Ruido,Automatización industrial y RPA,fuera de foco,automatización de operaciones,50,10–100,baja
Fuera de foco,Ruido,Automatización industrial y RPA,fuera de foco,automatización de operaciones en la empresa,50,10–100,baja
Fuera de foco,Ruido,Automatización industrial y RPA,fuera de foco,automatización de pedidos,50,10–100,alta
Fuera de foco,Ruido,Automatización industrial y RPA,fuera de foco,automatización de procesos robóticos,50,10–100,baja
Fuera de foco,Ruido,Automatización industrial y RPA,fuera de foco,automatización de procesos robóticos rpa,50,10–100,baja
Fuera de foco,Ruido,Automatización industrial y RPA,fuera de foco,automatización de procesos rpa,50,10–100,alta
Fuera de foco,Ruido,Automatización industrial y RPA,fuera de foco,automatización de productos,50,10–100,baja
Fuera de foco,Ruido,Automatización industrial y RPA,fuera de foco,automatización de reportes,50,10–100,baja
Fuera de foco,Ruido,Automatización industrial y RPA,fuera de foco,automatización de servicios,50,10–100,
Fuera de foco,Ruido,Automatización industrial y RPA,fuera de foco,automatización de sistemas de manufactura,50,10–100,baja
Fuera de foco,Ruido,Automatización industrial y RPA,fuera de foco,automatización de tareas administrativas,50,10–100,media
Fuera de foco,Ruido,Automatización industrial y RPA,fuera de foco,automatización de tareas de despacho y de oficina,50,10–100,baja
Fuera de foco,Ruido,Automatización industrial y RPA,fuera de foco,automatización de ti,50,10–100,baja
Fuera de foco,Ruido,Automatización industrial y RPA,fuera de foco,automatización de ventas,50,10–100,media
Fuera de foco,Ruido,Automatización industrial y RPA,fuera de foco,automatización del proceso,50,10–100,baja
Fuera de foco,Ruido,Automatización industrial y RPA,fuera de foco,automatización digital,50,10–100,
Fuera de foco,Ruido,Automatización industrial y RPA,fuera de foco,automatización documental,50,10–100,baja
Fuera de foco,Ruido,Automatización industrial y RPA,fuera de foco,automatización e hiperautomatización,50,10–100,baja
Fuera de foco,Ruido,Automatización industrial y RPA,fuera de foco,automatización empresarial,50,10–100,alta
Fuera de foco,Ruido,Automatización industrial y RPA,fuera de foco,automatización en excel,50,10–100,media
Fuera de foco,Ruido,Automatización industrial y RPA,fuera de foco,automatización en la educación,50,10–100,baja
Fuera de foco,Ruido,Automatización industrial y RPA,fuera de foco,automatización en la manufactura,50,10–100,media
Fuera de foco,Ruido,Automatización industrial y RPA,fuera de foco,automatización en la medicina,50,10–100,baja
Fuera de foco,Ruido,Automatización industrial y RPA,fuera de foco,automatización en las empresas,50,10–100,alta
Fuera de foco,Ruido,Automatización industrial y RPA,fuera de foco,automatización en los procesos,50,10–100,baja
Fuera de foco,Ruido,Automatización industrial y RPA,fuera de foco,automatización en los procesos de producción,50,10–100,baja
Fuera de foco,Ruido,Automatización industrial y RPA,fuera de foco,automatización escalable,50,10–100,baja
Fuera de foco,Ruido,Automatización industrial y RPA,fuera de foco,automatización financiera,50,10–100,media
Fuera de foco,Ruido,Automatización industrial y RPA,fuera de foco,automatización industrial 4.0,50,10–100,media
Fuera de foco,Ruido,Automatización industrial y RPA,fuera de foco,automatización informatica,50,10–100,
Fuera de foco,Ruido,Automatización industrial y RPA,fuera de foco,automatización laboral,50,10–100,baja
Fuera de foco,Ruido,Automatización industrial y RPA,fuera de foco,automatización procesos digitales,50,10–100,baja
Fuera de foco,Ruido,Automatización industrial y RPA,fuera de foco,automatización robotica de procesos,50,10–100,
Fuera de foco,Ruido,Automatización industrial y RPA,fuera de foco,automatización robótica de procesos,50,10–100,alta
Fuera de foco,Ruido,Automatización industrial y RPA,fuera de foco,automatización robótica de procesos rpa,50,10–100,alta
Fuera de foco,Ruido,Automatización industrial y RPA,fuera de foco,automatización rpa,50,10–100,alta
Fuera de foco,Ruido,Automatización industrial y RPA,fuera de foco,automatización sa,50,10–100,baja
Fuera de foco,Ruido,Automatización industrial y RPA,fuera de foco,automatización tecnológica,50,10–100,baja
Fuera de foco,Ruido,Automatización industrial y RPA,fuera de foco,automatización ti,50,10–100,media
Fuera de foco,Ruido,Automatización industrial y RPA,fuera de foco,automatización web,50,10–100,baja
Fuera de foco,Ruido,Automatización industrial y RPA,fuera de foco,automatización y control de procesos,50,10–100,baja
Fuera de foco,Ruido,Automatización industrial y RPA,fuera de foco,automatización y control de procesos industriales,50,10–100,baja
Fuera de foco,Ruido,Automatización industrial y RPA,fuera de foco,automatización y control industrial,50,10–100,media
Fuera de foco,Ruido,Automatización industrial y RPA,fuera de foco,automatización y control para la industria,50,10–100,baja
Fuera de foco,Ruido,Automatización industrial y RPA,fuera de foco,automatización y digitalización,50,10–100,alta
Fuera de foco,Ruido,Automatización industrial y RPA,fuera de foco,automatizar acciones en una página web,50,10–100,baja
Fuera de foco,Ruido,Automatización industrial y RPA,fuera de foco,automatizar acciones web,50,10–100,baja
Fuera de foco,Ruido,Automatización industrial y RPA,fuera de foco,automatizar documentos,50,10–100,baja
Fuera de foco,Ruido,Automatización industrial y RPA,fuera de foco,automatizar documentos en word,50,10–100,media
Fuera de foco,Ruido,Automatización industrial y RPA,fuera de foco,automatizar empresa,50,10–100,alta
Fuera de foco,Ruido,Automatización industrial y RPA,fuera de foco,automatizar la fuerza de ventas,50,10–100,baja
Fuera de foco,Ruido,Automatización industrial y RPA,fuera de foco,automatizar mi negocio,50,10–100,
Fuera de foco,Ruido,Automatización industrial y RPA,fuera de foco,automatizar navegacion web,50,10–100,media
Fuera de foco,Ruido,Automatización industrial y RPA,fuera de foco,automatizar negocio,50,10–100,
Fuera de foco,Ruido,Automatización industrial y RPA,fuera de foco,automatizar onedrive,50,10–100,baja
Fuera de foco,Ruido,Automatización industrial y RPA,fuera de foco,automatizar pagina web,50,10–100,baja
Fuera de foco,Ruido,Automatización industrial y RPA,fuera de foco,automatizar paginas web,50,10–100,baja
Fuera de foco,Ruido,Automatización industrial y RPA,fuera de foco,automatizar reportes,50,10–100,baja
Fuera de foco,Ruido,Automatización industrial y RPA,fuera de foco,automatizar un negocio,50,10–100,
Fuera de foco,Ruido,Automatización industrial y RPA,fuera de foco,automatizar una empresa,50,10–100,alta
Fuera de foco,Ruido,Automatización industrial y RPA,fuera de foco,automatizar ventas,50,10–100,alta
Fuera de foco,Ruido,Automatización industrial y RPA,fuera de foco,automatizar web,50,10–100,baja
Fuera de foco,Ruido,Automatización industrial y RPA,fuera de foco,automatizar web scraping,50,10–100,baja
Fuera de foco,Ruido,Automatización industrial y RPA,fuera de foco,consultor marketing automatizado,50,10–100,baja
Fuera de foco,Ruido,Automatización industrial y RPA,fuera de foco,consultoria marketing industrial,50,10–100,media
Fuera de foco,Ruido,Automatización industrial y RPA,fuera de foco,control de automatización,50,10–100,baja
Fuera de foco,Ruido,Automatización industrial y RPA,fuera de foco,digitalización y automatización,50,10–100,alta
Fuera de foco,Ruido,Automatización industrial y RPA,fuera de foco,el rpa,50,10–100,baja
Fuera de foco,Ruido,Automatización industrial y RPA,fuera de foco,empresa automatización,50,10–100,alta
Fuera de foco,Ruido,Automatización industrial y RPA,fuera de foco,en qué consiste la automatización,50,10–100,media
Fuera de foco,Ruido,Automatización industrial y RPA,fuera de foco,era de la automatización,50,10–100,baja
Fuera de foco,Ruido,Automatización industrial y RPA,fuera de foco,flujos de automatizacion,50,10–100,media
Fuera de foco,Ruido,Automatización industrial y RPA,fuera de foco,hiperautomatizacion,50,10–100,media
Fuera de foco,Ruido,Automatización industrial y RPA,fuera de foco,hiperautomatización,50,10–100,alta
Fuera de foco,Ruido,Automatización industrial y RPA,fuera de foco,hiperautomatización de procesos,50,10–100,
Fuera de foco,Ruido,Automatización industrial y RPA,fuera de foco,implementar rpa,50,10–100,baja
Fuera de foco,Ruido,Automatización industrial y RPA,fuera de foco,informática y automatización,50,10–100,baja
Fuera de foco,Ruido,Automatización industrial y RPA,fuera de foco,inteligencia artificial de ibm,50,10–100,baja
Fuera de foco,Ruido,Automatización industrial y RPA,fuera de foco,inteligencia artificial ibm,50,10–100,alta
Fuera de foco,Ruido,Automatización industrial y RPA,fuera de foco,inteligencia artificial ibm watson,50,10–100,media
Fuera de foco,Ruido,Automatización industrial y RPA,fuera de foco,inteligencia artificial rpa,50,10–100,media
Fuera de foco,Ruido,Automatización industrial y RPA,fuera de foco,la automatización,50,10–100,alta
Fuera de foco,Ruido,Automatización industrial y RPA,fuera de foco,la hiperautomatización,50,10–100,baja
Fuera de foco,Ruido,Automatización industrial y RPA,fuera de foco,paginas web para automatizar,50,10–100,baja
Fuera de foco,Ruido,Automatización industrial y RPA,fuera de foco,proceso de rpa,50,10–100,baja
Fuera de foco,Ruido,Automatización industrial y RPA,fuera de foco,procesos para automatizar,50,10–100,baja
Fuera de foco,Ruido,Automatización industrial y RPA,fuera de foco,procesos roboticos,50,10–100,baja
Fuera de foco,Ruido,Automatización industrial y RPA,fuera de foco,procesos rpa,50,10–100,media
Fuera de foco,Ruido,Automatización industrial y RPA,fuera de foco,promart automatizaciones industriales,50,10–100,alta
Fuera de foco,Ruido,Automatización industrial y RPA,fuera de foco,que es marketing industrial,50,10–100,media
Fuera de foco,Ruido,Automatización industrial y RPA,fuera de foco,robotica de procesos,50,10–100,baja
Fuera de foco,Ruido,Automatización industrial y RPA,fuera de foco,robotizacion de procesos,50,10–100,baja
Fuera de foco,Ruido,Automatización industrial y RPA,fuera de foco,robotizacion rpa,50,10–100,baja
Fuera de foco,Ruido,Automatización industrial y RPA,fuera de foco,rpa administracion,50,10–100,baja
Fuera de foco,Ruido,Automatización industrial y RPA,fuera de foco,rpa automatizacion,50,10–100,media
Fuera de foco,Ruido,Automatización industrial y RPA,fuera de foco,rpa automatización,50,10–100,media
Fuera de foco,Ruido,Automatización industrial y RPA,fuera de foco,rpa automatización de procesos,50,10–100,media
Fuera de foco,Ruido,Automatización industrial y RPA,fuera de foco,rpa automatización robótica de procesos,50,10–100,media
Fuera de foco,Ruido,Automatización industrial y RPA,fuera de foco,rpa en banca,50,10–100,baja
Fuera de foco,Ruido,Automatización industrial y RPA,fuera de foco,rpa es inteligencia artificial,50,10–100,baja
Fuera de foco,Ruido,Automatización industrial y RPA,fuera de foco,sap automatizacion,50,10–100,
Fuera de foco,Ruido,Automatización industrial y RPA,fuera de foco,seo automatizado,50,10–100,baja
Fuera de foco,Ruido,Automatización industrial y RPA,fuera de foco,servicios de automatización,50,10–100,alta
Fuera de foco,Ruido,Automatización industrial y RPA,fuera de foco,sistema automatización,50,10–100,baja
Fuera de foco,Ruido,Automatización industrial y RPA,fuera de foco,sistema de automatización de oficinas,50,10–100,baja
Fuera de foco,Ruido,Automatización industrial y RPA,fuera de foco,sistema de automatización y control,50,10–100,alta
Fuera de foco,Ruido,Automatización industrial y RPA,fuera de foco,sistemas de automatizacion de la produccion,50,10–100,baja
Fuera de foco,Ruido,Automatización industrial y RPA,fuera de foco,sistemas de automatización,50,10–100,alta
Fuera de foco,Ruido,Automatización industrial y RPA,fuera de foco,sistemas de automatización en la oficina,50,10–100,baja
Fuera de foco,Ruido,Automatización industrial y RPA,fuera de foco,sistemas de automatización en la oficina sao,50,10–100,baja
Fuera de foco,Ruido,Automatización industrial y RPA,fuera de foco,soluciones de automatización,50,10–100,alta
Fuera de foco,Ruido,Automatización industrial y RPA,fuera de foco,automatizar seo,0,<10,baja
Fuera de foco,Ruido,"Descargas, cupones y licencias de herramientas",fuera de foco,ahrefs angebot gutschein,50,10–100,baja
Fuera de foco,Ruido,"Descargas, cupones y licencias de herramientas",fuera de foco,ahrefs barato,50,10–100,baja
Fuera de foco,Ruido,"Descargas, cupones y licencias de herramientas",fuera de foco,ahrefs compartido,50,10–100,baja
Fuera de foco,Ruido,"Descargas, cupones y licencias de herramientas",fuera de foco,ahrefs gratis para siempre,50,10–100,baja
Fuera de foco,Ruido,"Descargas, cupones y licencias de herramientas",fuera de foco,ahrefs korting,50,10–100,baja
Fuera de foco,Ruido,"Descargas, cupones y licencias de herramientas",fuera de foco,backlinks baratos,50,10–100,baja
Fuera de foco,Ruido,"Descargas, cupones y licencias de herramientas",fuera de foco,cancelar semrush,50,10–100,media
Fuera de foco,Ruido,"Descargas, cupones y licencias de herramientas",fuera de foco,coupon yoast seo,50,10–100,alta
Fuera de foco,Ruido,"Descargas, cupones y licencias de herramientas",fuera de foco,cupon semrush,50,10–100,media
Fuera de foco,Ruido,"Descargas, cupones y licencias de herramientas",fuera de foco,darse de baja semrush,50,10–100,media
Fuera de foco,Ruido,"Descargas, cupones y licencias de herramientas",fuera de foco,descargar google search console,50,10–100,media
Fuera de foco,Ruido,"Descargas, cupones y licencias de herramientas",fuera de foco,descargar screaming frog,50,10–100,media
Fuera de foco,Ruido,"Descargas, cupones y licencias de herramientas",fuera de foco,descargar yoast seo,50,10–100,media
Fuera de foco,Ruido,"Descargas, cupones y licencias de herramientas",fuera de foco,descargar yoast seo premium gratis,50,10–100,baja
Fuera de foco,Ruido,"Descargas, cupones y licencias de herramientas",fuera de foco,descuento semrush,50,10–100,baja
Fuera de foco,Ruido,"Descargas, cupones y licencias de herramientas",fuera de foco,herramientas seo compartidas,50,10–100,
Fuera de foco,Ruido,"Descargas, cupones y licencias de herramientas",fuera de foco,herramientas seo conjuntas,50,10–100,media
Fuera de foco,Ruido,"Descargas, cupones y licencias de herramientas",fuera de foco,herramientas seo low cost,50,10–100,baja
Fuera de foco,Ruido,"Descargas, cupones y licencias de herramientas",fuera de foco,korting ahrefs,50,10–100,baja
Fuera de foco,Ruido,"Descargas, cupones y licencias de herramientas",fuera de foco,licencia screaming frog gratis,50,10–100,media
Fuera de foco,Ruido,"Descargas, cupones y licencias de herramientas",fuera de foco,mangools afiliados,50,10–100,baja
Fuera de foco,Ruido,"Descargas, cupones y licencias de herramientas",fuera de foco,mozbar descargar,50,10–100,baja
Fuera de foco,Ruido,"Descargas, cupones y licencias de herramientas",fuera de foco,posicionamiento barato,50,10–100,baja
Fuera de foco,Ruido,"Descargas, cupones y licencias de herramientas",fuera de foco,posicionamiento seo low cost,50,10–100,baja
Fuera de foco,Ruido,"Descargas, cupones y licencias de herramientas",fuera de foco,posicionamiento web barato,50,10–100,
Fuera de foco,Ruido,"Descargas, cupones y licencias de herramientas",fuera de foco,screaming frog descargar,50,10–100,media
Fuera de foco,Ruido,"Descargas, cupones y licencias de herramientas",fuera de foco,semrush gratis para siempre,50,10–100,
Fuera de foco,Ruido,"Descargas, cupones y licencias de herramientas",fuera de foco,seo barato,50,10–100,media
Fuera de foco,Ruido,"Descargas, cupones y licencias de herramientas",fuera de foco,seoquake descargar,50,10–100,baja
Fuera de foco,Ruido,"Descargas, cupones y licencias de herramientas",fuera de foco,yoast seo descargar,50,10–100,baja
Fuera de foco,Ruido,"Descargas, cupones y licencias de herramientas",fuera de foco,yoast seo download,50,10–100,alta
Fuera de foco,Ruido,"Descargas, cupones y licencias de herramientas",fuera de foco,yoast seo premium download,50,10–100,media
Fuera de foco,Ruido,"Descargas, cupones y licencias de herramientas",fuera de foco,yoast seo premium gratis,50,10–100,
Fuera de foco,Ruido,Marketing genérico y redes sociales,fuera de foco,estrategias de marketing,5000,1.000–10.000,media
Fuera de foco,Ruido,Marketing genérico y redes sociales,fuera de foco,branded content qué es,500,100–1.000,media
Fuera de foco,Ruido,Marketing genérico y redes sociales,fuera de foco,estrategia de contenidos,500,100–1.000,media
Fuera de foco,Ruido,Marketing genérico y redes sociales,fuera de foco,estrategia de linkbuilding,500,100–1.000,media
Fuera de foco,Ruido,Marketing genérico y redes sociales,fuera de foco,estrategia redes sociales,500,100–1.000,alta
Fuera de foco,Ruido,Marketing genérico y redes sociales,fuera de foco,estrategias de marketing digital,500,100–1.000,media
Fuera de foco,Ruido,Marketing genérico y redes sociales,fuera de foco,estrategias de marketing online,500,100–1.000,media
Fuera de foco,Ruido,Marketing genérico y redes sociales,fuera de foco,estrategias de mkt digital,500,100–1.000,media
Fuera de foco,Ruido,Marketing genérico y redes sociales,fuera de foco,estrategias digitales,500,100–1.000,media
Fuera de foco,Ruido,Marketing genérico y redes sociales,fuera de foco,estrategias e marketing,500,100–1.000,media
Fuera de foco,Ruido,Marketing genérico y redes sociales,fuera de foco,estrategias en las redes sociales,500,100–1.000,alta
Fuera de foco,Ruido,Marketing genérico y redes sociales,fuera de foco,marketing b2b,500,100–1.000,alta
Fuera de foco,Ruido,Marketing genérico y redes sociales,fuera de foco,marketing digital estrategia,500,100–1.000,
Fuera de foco,Ruido,Marketing genérico y redes sociales,fuera de foco,outbound que es,500,100–1.000,media
Fuera de foco,Ruido,Marketing genérico y redes sociales,fuera de foco,posicionamiento en el marketing,500,100–1.000,media
Fuera de foco,Ruido,Marketing genérico y redes sociales,fuera de foco,que es branded content,500,100–1.000,media
Fuera de foco,Ruido,Marketing genérico y redes sociales,fuera de foco,que es el branded content,500,100–1.000,media
Fuera de foco,Ruido,Marketing genérico y redes sociales,fuera de foco,que es el search engine marketing,500,100–1.000,media
Fuera de foco,Ruido,Marketing genérico y redes sociales,fuera de foco,que es el seo en marketing,500,100–1.000,media
Fuera de foco,Ruido,Marketing genérico y redes sociales,fuera de foco,que es el seo marketing,500,100–1.000,media
Fuera de foco,Ruido,Marketing genérico y redes sociales,fuera de foco,que es outbound,500,100–1.000,media
Fuera de foco,Ruido,Marketing genérico y redes sociales,fuera de foco,que es publicidad nativa,500,100–1.000,media
Fuera de foco,Ruido,Marketing genérico y redes sociales,fuera de foco,que es seo en marketing,500,100–1.000,media
Fuera de foco,Ruido,Marketing genérico y redes sociales,fuera de foco,que es seo marketing,500,100–1.000,media
Fuera de foco,Ruido,Marketing genérico y redes sociales,fuera de foco,que es un seo en marketing,500,100–1.000,media
Fuera de foco,Ruido,Marketing genérico y redes sociales,fuera de foco,qué es el seo en marketing,500,100–1.000,media
Fuera de foco,Ruido,Marketing genérico y redes sociales,fuera de foco,seo en marketing digital,500,100–1.000,media
Fuera de foco,Ruido,Marketing genérico y redes sociales,fuera de foco,seo en redes sociales,500,100–1.000,media
Fuera de foco,Ruido,Marketing genérico y redes sociales,fuera de foco,seo marketing que es,500,100–1.000,media
Fuera de foco,Ruido,Marketing genérico y redes sociales,fuera de foco,seo mkt,500,100–1.000,alta
Fuera de foco,Ruido,Marketing genérico y redes sociales,fuera de foco,3 estrategias de marketing digital,50,10–100,baja
Fuera de foco,Ruido,Marketing genérico y redes sociales,fuera de foco,5 estrategias de marketing,50,10–100,media
Fuera de foco,Ruido,Marketing genérico y redes sociales,fuera de foco,5 estrategias de marketing digital,50,10–100,baja
Fuera de foco,Ruido,Marketing genérico y redes sociales,fuera de foco,7 estrategias de internet marketing,50,10–100,baja
Fuera de foco,Ruido,Marketing genérico y redes sociales,fuera de foco,agencia de contenidos para redes sociales,50,10–100,
Fuera de foco,Ruido,Marketing genérico y redes sociales,fuera de foco,agencia de estrategia,50,10–100,baja
Fuera de foco,Ruido,Marketing genérico y redes sociales,fuera de foco,agencia de estrategia digital,50,10–100,media
Fuera de foco,Ruido,Marketing genérico y redes sociales,fuera de foco,agencia de marketing 360,50,10–100,
Fuera de foco,Ruido,Marketing genérico y redes sociales,fuera de foco,agencia de seo y marketing digital,50,10–100,baja
Fuera de foco,Ruido,Marketing genérico y redes sociales,fuera de foco,agencia estrategia digital,50,10–100,media
Fuera de foco,Ruido,Marketing genérico y redes sociales,fuera de foco,agencia marketing 360,50,10–100,media
Fuera de foco,Ruido,Marketing genérico y redes sociales,fuera de foco,agencia outbound,50,10–100,
Fuera de foco,Ruido,Marketing genérico y redes sociales,fuera de foco,agencia seo marketing digital,50,10–100,baja
Fuera de foco,Ruido,Marketing genérico y redes sociales,fuera de foco,agencia seo marketing online,50,10–100,baja
Fuera de foco,Ruido,Marketing genérico y redes sociales,fuera de foco,agencia seo y marketing digital,50,10–100,baja
Fuera de foco,Ruido,Marketing genérico y redes sociales,fuera de foco,agencias de estrategia digital,50,10–100,media
Fuera de foco,Ruido,Marketing genérico y redes sociales,fuera de foco,agencias de marketing 360,50,10–100,
Fuera de foco,Ruido,Marketing genérico y redes sociales,fuera de foco,ansoff estrategia,50,10–100,media
Fuera de foco,Ruido,Marketing genérico y redes sociales,fuera de foco,campaña de marketing digital,50,10–100,
Fuera de foco,Ruido,Marketing genérico y redes sociales,fuera de foco,campaña linkedin ads,50,10–100,alta
Fuera de foco,Ruido,Marketing genérico y redes sociales,fuera de foco,captacion de clientes marketing digital,50,10–100,baja
Fuera de foco,Ruido,Marketing genérico y redes sociales,fuera de foco,contenido de marketing digital,50,10–100,media
Fuera de foco,Ruido,Marketing genérico y redes sociales,fuera de foco,contenido de mercadeo,50,10–100,media
Fuera de foco,Ruido,Marketing genérico y redes sociales,fuera de foco,contenido de valor marketing digital,50,10–100,media
Fuera de foco,Ruido,Marketing genérico y redes sociales,fuera de foco,contenido de valor para redes sociales,50,10–100,media
Fuera de foco,Ruido,Marketing genérico y redes sociales,fuera de foco,contenido marketing digital,50,10–100,alta
Fuera de foco,Ruido,Marketing genérico y redes sociales,fuera de foco,contenido para marketing digital,50,10–100,baja
Fuera de foco,Ruido,Marketing genérico y redes sociales,fuera de foco,contenido para redes sociales inmobiliarias,50,10–100,baja
Fuera de foco,Ruido,Marketing genérico y redes sociales,fuera de foco,contenido para social media,50,10–100,baja
Fuera de foco,Ruido,Marketing genérico y redes sociales,fuera de foco,contenido social media,50,10–100,media
Fuera de foco,Ruido,Marketing genérico y redes sociales,fuera de foco,contenido viral en redes sociales,50,10–100,baja
Fuera de foco,Ruido,Marketing genérico y redes sociales,fuera de foco,content marketing para redes sociales,50,10–100,baja
Fuera de foco,Ruido,Marketing genérico y redes sociales,fuera de foco,creacion de contenido digital para redes sociales,50,10–100,
Fuera de foco,Ruido,Marketing genérico y redes sociales,fuera de foco,creacion de contenidos marketing digital,50,10–100,baja
Fuera de foco,Ruido,Marketing genérico y redes sociales,fuera de foco,cuáles son las estrategias de marketing digital,50,10–100,baja
Fuera de foco,Ruido,Marketing genérico y redes sociales,fuera de foco,definicion de seo en marketing,50,10–100,baja
Fuera de foco,Ruido,Marketing genérico y redes sociales,fuera de foco,definición de seo en marketing digital,50,10–100,baja
Fuera de foco,Ruido,Marketing genérico y redes sociales,fuera de foco,desarrollo de mercado ansoff,50,10–100,baja
Fuera de foco,Ruido,Marketing genérico y redes sociales,fuera de foco,desarrollo de producto ansoff,50,10–100,baja
Fuera de foco,Ruido,Marketing genérico y redes sociales,fuera de foco,desarrollo de ventajas competitivas,50,10–100,baja
Fuera de foco,Ruido,Marketing genérico y redes sociales,fuera de foco,ejemplos de seo en marketing,50,10–100,baja
Fuera de foco,Ruido,Marketing genérico y redes sociales,fuera de foco,el marketing de influencers,50,10–100,
Fuera de foco,Ruido,Marketing genérico y redes sociales,fuera de foco,el marketing interno,50,10–100,baja
Fuera de foco,Ruido,Marketing genérico y redes sociales,fuera de foco,empresas exitosas en marketing digital,50,10–100,baja
Fuera de foco,Ruido,Marketing genérico y redes sociales,fuera de foco,empresas para influencers,50,10–100,baja
Fuera de foco,Ruido,Marketing genérico y redes sociales,fuera de foco,en que consiste la mercadotecnia digital,50,10–100,baja
Fuera de foco,Ruido,Marketing genérico y redes sociales,fuera de foco,especialista en redes sociales y posicionamiento online,50,10–100,baja
Fuera de foco,Ruido,Marketing genérico y redes sociales,fuera de foco,estrategia 360 de marketing,50,10–100,baja
Fuera de foco,Ruido,Marketing genérico y redes sociales,fuera de foco,estrategia 360 en marketing digital,50,10–100,baja
Fuera de foco,Ruido,Marketing genérico y redes sociales,fuera de foco,estrategia 360 marketing,50,10–100,media
Fuera de foco,Ruido,Marketing genérico y redes sociales,fuera de foco,estrategia 360 marketing digital,50,10–100,baja
Fuera de foco,Ruido,Marketing genérico y redes sociales,fuera de foco,estrategia ansoff,50,10–100,baja
Fuera de foco,Ruido,Marketing genérico y redes sociales,fuera de foco,estrategia ansoff ejemplo,50,10–100,baja
Fuera de foco,Ruido,Marketing genérico y redes sociales,fuera de foco,estrategia backlinks,50,10–100,
Fuera de foco,Ruido,Marketing genérico y redes sociales,fuera de foco,estrategia comercial b2b,50,10–100,
Fuera de foco,Ruido,Marketing genérico y redes sociales,fuera de foco,estrategia comercial digital,50,10–100,
Fuera de foco,Ruido,Marketing genérico y redes sociales,fuera de foco,estrategia comercial marketing,50,10–100,baja
Fuera de foco,Ruido,Marketing genérico y redes sociales,fuera de foco,estrategia comercial online,50,10–100,baja
Fuera de foco,Ruido,Marketing genérico y redes sociales,fuera de foco,estrategia comunicacion digital,50,10–100,baja
Fuera de foco,Ruido,Marketing genérico y redes sociales,fuera de foco,estrategia comunicacion redes sociales,50,10–100,baja
Fuera de foco,Ruido,Marketing genérico y redes sociales,fuera de foco,estrategia contenido,50,10–100,media
Fuera de foco,Ruido,Marketing genérico y redes sociales,fuera de foco,estrategia contenidos,50,10–100,media
Fuera de foco,Ruido,Marketing genérico y redes sociales,fuera de foco,estrategia contenidos redes sociales,50,10–100,baja
Fuera de foco,Ruido,Marketing genérico y redes sociales,fuera de foco,estrategia content marketing,50,10–100,baja
Fuera de foco,Ruido,Marketing genérico y redes sociales,fuera de foco,estrategia de ansoff,50,10–100,media
Fuera de foco,Ruido,Marketing genérico y redes sociales,fuera de foco,estrategia de backlinks,50,10–100,media
Fuera de foco,Ruido,Marketing genérico y redes sociales,fuera de foco,estrategia de comunicacion en redes sociales,50,10–100,baja
Fuera de foco,Ruido,Marketing genérico y redes sociales,fuera de foco,estrategia de comunicación digital,50,10–100,baja
Fuera de foco,Ruido,Marketing genérico y redes sociales,fuera de foco,estrategia de contenido digital,50,10–100,media
Fuera de foco,Ruido,Marketing genérico y redes sociales,fuera de foco,estrategia de contenido en instagram,50,10–100,baja
Fuera de foco,Ruido,Marketing genérico y redes sociales,fuera de foco,estrategia de contenido en redes sociales,50,10–100,alta
Fuera de foco,Ruido,Marketing genérico y redes sociales,fuera de foco,estrategia de contenido instagram,50,10–100,media
Fuera de foco,Ruido,Marketing genérico y redes sociales,fuera de foco,estrategia de contenido marketing,50,10–100,media
Fuera de foco,Ruido,Marketing genérico y redes sociales,fuera de foco,estrategia de contenido marketing digital,50,10–100,baja
Fuera de foco,Ruido,Marketing genérico y redes sociales,fuera de foco,estrategia de contenido para facebook,50,10–100,baja
Fuera de foco,Ruido,Marketing genérico y redes sociales,fuera de foco,estrategia de contenido para instagram,50,10–100,baja
Fuera de foco,Ruido,Marketing genérico y redes sociales,fuera de foco,estrategia de contenido redes sociales,50,10–100,baja
Fuera de foco,Ruido,Marketing genérico y redes sociales,fuera de foco,estrategia de contenidos b2b,50,10–100,
Fuera de foco,Ruido,Marketing genérico y redes sociales,fuera de foco,estrategia de contenidos de marketing digital,50,10–100,media
Fuera de foco,Ruido,Marketing genérico y redes sociales,fuera de foco,estrategia de contenidos en redes sociales,50,10–100,
Fuera de foco,Ruido,Marketing genérico y redes sociales,fuera de foco,estrategia de contenidos instagram,50,10–100,media
Fuera de foco,Ruido,Marketing genérico y redes sociales,fuera de foco,estrategia de contenidos marketing digital,50,10–100,baja
Fuera de foco,Ruido,Marketing genérico y redes sociales,fuera de foco,estrategia de contenidos para instagram,50,10–100,baja
Fuera de foco,Ruido,Marketing genérico y redes sociales,fuera de foco,estrategia de contenidos para redes sociales,50,10–100,media
Fuera de foco,Ruido,Marketing genérico y redes sociales,fuera de foco,estrategia de contenidos seo,50,10–100,media
Fuera de foco,Ruido,Marketing genérico y redes sociales,fuera de foco,estrategia de contenidos web,50,10–100,baja
Fuera de foco,Ruido,Marketing genérico y redes sociales,fuera de foco,estrategia de content marketing,50,10–100,baja
Fuera de foco,Ruido,Marketing genérico y redes sociales,fuera de foco,estrategia de difusión en redes sociales,50,10–100,baja
Fuera de foco,Ruido,Marketing genérico y redes sociales,fuera de foco,estrategia de gestion de redes sociales,50,10–100,baja
Fuera de foco,Ruido,Marketing genérico y redes sociales,fuera de foco,estrategia de link building,50,10–100,media
Fuera de foco,Ruido,Marketing genérico y redes sociales,fuera de foco,estrategia de linkbuilding para tienda online,50,10–100,media
Fuera de foco,Ruido,Marketing genérico y redes sociales,fuera de foco,estrategia de mantenimiento marketing,50,10–100,baja
Fuera de foco,Ruido,Marketing genérico y redes sociales,fuera de foco,estrategia de marketing 360,50,10–100,baja
Fuera de foco,Ruido,Marketing genérico y redes sociales,fuera de foco,estrategia de marketing de google,50,10–100,baja
Fuera de foco,Ruido,Marketing genérico y redes sociales,fuera de foco,estrategia de marketing de redes sociales,50,10–100,baja
Fuera de foco,Ruido,Marketing genérico y redes sociales,fuera de foco,estrategia de marketing digital 360,50,10–100,baja
Fuera de foco,Ruido,Marketing genérico y redes sociales,fuera de foco,estrategia de marketing digital para posicionamiento,50,10–100,baja
Fuera de foco,Ruido,Marketing genérico y redes sociales,fuera de foco,estrategia de marketing digital paso a paso,50,10–100,baja
Fuera de foco,Ruido,Marketing genérico y redes sociales,fuera de foco,estrategia de marketing digital que es,50,10–100,baja
Fuera de foco,Ruido,Marketing genérico y redes sociales,fuera de foco,estrategia de marketing en twitter,50,10–100,baja
Fuera de foco,Ruido,Marketing genérico y redes sociales,fuera de foco,estrategia de marketing para empresas,50,10–100,
Fuera de foco,Ruido,Marketing genérico y redes sociales,fuera de foco,estrategia de marketing tradicional,50,10–100,media
Fuera de foco,Ruido,Marketing genérico y redes sociales,fuera de foco,estrategia de marketing y comunicación en redes sociales,50,10–100,
Fuera de foco,Ruido,Marketing genérico y redes sociales,fuera de foco,estrategia de medios digitales,50,10–100,baja
Fuera de foco,Ruido,Marketing genérico y redes sociales,fuera de foco,estrategia de mercadeo digital,50,10–100,baja
Fuera de foco,Ruido,Marketing genérico y redes sociales,fuera de foco,estrategia de negocio digital,50,10–100,baja
Fuera de foco,Ruido,Marketing genérico y redes sociales,fuera de foco,estrategia de performance marketing,50,10–100,baja
Fuera de foco,Ruido,Marketing genérico y redes sociales,fuera de foco,estrategia de posicionamiento digital,50,10–100,baja
Fuera de foco,Ruido,Marketing genérico y redes sociales,fuera de foco,estrategia de posicionamiento seo,50,10–100,media
Fuera de foco,Ruido,Marketing genérico y redes sociales,fuera de foco,estrategia de presencia en las redes sociales,50,10–100,baja
Fuera de foco,Ruido,Marketing genérico y redes sociales,fuera de foco,estrategia de promocion en redes sociales,50,10–100,baja
Fuera de foco,Ruido,Marketing genérico y redes sociales,fuera de foco,estrategia de publicidad digital,50,10–100,baja
Fuera de foco,Ruido,Marketing genérico y redes sociales,fuera de foco,estrategia de redes sociales,50,10–100,alta
Fuera de foco,Ruido,Marketing genérico y redes sociales,fuera de foco,estrategia de redes sociales en marketing digital,50,10–100,baja
Fuera de foco,Ruido,Marketing genérico y redes sociales,fuera de foco,estrategia de redes sociales para empresas,50,10–100,baja
Fuera de foco,Ruido,Marketing genérico y redes sociales,fuera de foco,estrategia de sem,50,10–100,media
Fuera de foco,Ruido,Marketing genérico y redes sociales,fuera de foco,estrategia de seo en redes sociales,50,10–100,baja
Fuera de foco,Ruido,Marketing genérico y redes sociales,fuera de foco,estrategia de social media marketing,50,10–100,baja
Fuera de foco,Ruido,Marketing genérico y redes sociales,fuera de foco,estrategia de transformacion digital,50,10–100,media
Fuera de foco,Ruido,Marketing genérico y redes sociales,fuera de foco,estrategia de ventas en redes sociales,50,10–100,
Fuera de foco,Ruido,Marketing genérico y redes sociales,fuera de foco,estrategia digital 360,50,10–100,media
Fuera de foco,Ruido,Marketing genérico y redes sociales,fuera de foco,estrategia digital agencia,50,10–100,baja
Fuera de foco,Ruido,Marketing genérico y redes sociales,fuera de foco,estrategia digital b2b,50,10–100,media
Fuera de foco,Ruido,Marketing genérico y redes sociales,fuera de foco,estrategia digital de una empresa,50,10–100,baja
Fuera de foco,Ruido,Marketing genérico y redes sociales,fuera de foco,estrategia digital empresa,50,10–100,alta
Fuera de foco,Ruido,Marketing genérico y redes sociales,fuera de foco,estrategia digital en redes sociales,50,10–100,baja
Fuera de foco,Ruido,Marketing genérico y redes sociales,fuera de foco,estrategia digital marketing,50,10–100,
Fuera de foco,Ruido,Marketing genérico y redes sociales,fuera de foco,estrategia digital para empresas,50,10–100,baja
Fuera de foco,Ruido,Marketing genérico y redes sociales,fuera de foco,estrategia digital para redes sociales,50,10–100,baja
Fuera de foco,Ruido,Marketing genérico y redes sociales,fuera de foco,estrategia digital para restaurantes,50,10–100,baja
Fuera de foco,Ruido,Marketing genérico y redes sociales,fuera de foco,estrategia digital producto,50,10–100,baja
Fuera de foco,Ruido,Marketing genérico y redes sociales,fuera de foco,estrategia digital pymes,50,10–100,media
Fuera de foco,Ruido,Marketing genérico y redes sociales,fuera de foco,estrategia digital que es,50,10–100,media
Fuera de foco,Ruido,Marketing genérico y redes sociales,fuera de foco,estrategia digital redes sociales,50,10–100,baja
Fuera de foco,Ruido,Marketing genérico y redes sociales,fuera de foco,estrategia en marketing digital,50,10–100,baja
Fuera de foco,Ruido,Marketing genérico y redes sociales,fuera de foco,estrategia integral de marketing,50,10–100,baja
Fuera de foco,Ruido,Marketing genérico y redes sociales,fuera de foco,estrategia link building,50,10–100,baja
Fuera de foco,Ruido,Marketing genérico y redes sociales,fuera de foco,estrategia linkbuilding,50,10–100,media
Fuera de foco,Ruido,Marketing genérico y redes sociales,fuera de foco,estrategia linkedin,50,10–100,alta
Fuera de foco,Ruido,Marketing genérico y redes sociales,fuera de foco,estrategia marketing,50,10–100,media
Fuera de foco,Ruido,Marketing genérico y redes sociales,fuera de foco,estrategia marketing 360,50,10–100,media
Fuera de foco,Ruido,Marketing genérico y redes sociales,fuera de foco,estrategia marketing contenidos,50,10–100,baja
Fuera de foco,Ruido,Marketing genérico y redes sociales,fuera de foco,estrategia marketing online,50,10–100,baja
Fuera de foco,Ruido,Marketing genérico y redes sociales,fuera de foco,estrategia marketing redes sociales,50,10–100,
Fuera de foco,Ruido,Marketing genérico y redes sociales,fuera de foco,estrategia mkt digital,50,10–100,alta
Fuera de foco,Ruido,Marketing genérico y redes sociales,fuera de foco,estrategia paid media,50,10–100,
Fuera de foco,Ruido,Marketing genérico y redes sociales,fuera de foco,estrategia posicionamiento seo,50,10–100,baja
Fuera de foco,Ruido,Marketing genérico y redes sociales,fuera de foco,estrategia redes sociales empresa,50,10–100,baja
Fuera de foco,Ruido,Marketing genérico y redes sociales,fuera de foco,estrategia relacional marketing,50,10–100,baja
Fuera de foco,Ruido,Marketing genérico y redes sociales,fuera de foco,estrategia sem,50,10–100,media
Fuera de foco,Ruido,Marketing genérico y redes sociales,fuera de foco,estrategia sem en marketing digital,50,10–100,media
Fuera de foco,Ruido,Marketing genérico y redes sociales,fuera de foco,estrategia sem marketing,50,10–100,baja
Fuera de foco,Ruido,Marketing genérico y redes sociales,fuera de foco,estrategia sem que es,50,10–100,baja
Fuera de foco,Ruido,Marketing genérico y redes sociales,fuera de foco,estrategia smm,50,10–100,baja
Fuera de foco,Ruido,Marketing genérico y redes sociales,fuera de foco,estrategia social media marketing,50,10–100,baja
Fuera de foco,Ruido,Marketing genérico y redes sociales,fuera de foco,estrategias comerciales digitales,50,10–100,
Fuera de foco,Ruido,Marketing genérico y redes sociales,fuera de foco,estrategias de alcance en redes sociales,50,10–100,media
Fuera de foco,Ruido,Marketing genérico y redes sociales,fuera de foco,estrategias de campaña politica en redes sociales,50,10–100,baja
Fuera de foco,Ruido,Marketing genérico y redes sociales,fuera de foco,estrategias de captación de clientes,50,10–100,media
Fuera de foco,Ruido,Marketing genérico y redes sociales,fuera de foco,estrategias de contenido digital,50,10–100,baja
Fuera de foco,Ruido,Marketing genérico y redes sociales,fuera de foco,estrategias de contenido para facebook,50,10–100,baja
Fuera de foco,Ruido,Marketing genérico y redes sociales,fuera de foco,estrategias de contenido para instagram,50,10–100,
Fuera de foco,Ruido,Marketing genérico y redes sociales,fuera de foco,estrategias de contenido para redes sociales,50,10–100,
Fuera de foco,Ruido,Marketing genérico y redes sociales,fuera de foco,estrategias de conversión marketing digital,50,10–100,baja
Fuera de foco,Ruido,Marketing genérico y redes sociales,fuera de foco,estrategias de digitalizacion,50,10–100,media
Fuera de foco,Ruido,Marketing genérico y redes sociales,fuera de foco,estrategias de fidelizacion marketing digital,50,10–100,baja
Fuera de foco,Ruido,Marketing genérico y redes sociales,fuera de foco,estrategias de gestion de redes sociales,50,10–100,baja
Fuera de foco,Ruido,Marketing genérico y redes sociales,fuera de foco,estrategias de marketing 360,50,10–100,baja
Fuera de foco,Ruido,Marketing genérico y redes sociales,fuera de foco,estrategias de marketing 4.0,50,10–100,baja
Fuera de foco,Ruido,Marketing genérico y redes sociales,fuera de foco,estrategias de marketing digital 2023,50,10–100,baja
Fuera de foco,Ruido,Marketing genérico y redes sociales,fuera de foco,estrategias de marketing digital b2b,50,10–100,baja
Fuera de foco,Ruido,Marketing genérico y redes sociales,fuera de foco,estrategias de marketing digital en la promoción de marca ciudad,50,10–100,baja
Fuera de foco,Ruido,Marketing genérico y redes sociales,fuera de foco,estrategias de marketing digital en redes sociales,50,10–100,
Fuera de foco,Ruido,Marketing genérico y redes sociales,fuera de foco,estrategias de marketing digital exitosas,50,10–100,baja
Fuera de foco,Ruido,Marketing genérico y redes sociales,fuera de foco,estrategias de marketing digital mailing,50,10–100,baja
Fuera de foco,Ruido,Marketing genérico y redes sociales,fuera de foco,estrategias de marketing digital para aumentar ventas,50,10–100,baja
Fuera de foco,Ruido,Marketing genérico y redes sociales,fuera de foco,estrategias de marketing digital para ecommerce,50,10–100,
Fuera de foco,Ruido,Marketing genérico y redes sociales,fuera de foco,estrategias de marketing digital para empresas,50,10–100,baja
Fuera de foco,Ruido,Marketing genérico y redes sociales,fuera de foco,estrategias de marketing digital para hoteles,50,10–100,
Fuera de foco,Ruido,Marketing genérico y redes sociales,fuera de foco,estrategias de marketing digital para inmobiliarias,50,10–100,baja
Fuera de foco,Ruido,Marketing genérico y redes sociales,fuera de foco,estrategias de marketing digital para pymes,50,10–100,alta
Fuera de foco,Ruido,Marketing genérico y redes sociales,fuera de foco,estrategias de marketing digital para pymes anetcom,50,10–100,baja
Fuera de foco,Ruido,Marketing genérico y redes sociales,fuera de foco,estrategias de marketing digital para redes sociales,50,10–100,baja
Fuera de foco,Ruido,Marketing genérico y redes sociales,fuera de foco,estrategias de marketing digital para restaurantes,50,10–100,baja
Fuera de foco,Ruido,Marketing genérico y redes sociales,fuera de foco,estrategias de marketing digital para una empresa,50,10–100,baja
Fuera de foco,Ruido,Marketing genérico y redes sociales,fuera de foco,estrategias de marketing digital redes sociales,50,10–100,
Fuera de foco,Ruido,Marketing genérico y redes sociales,fuera de foco,estrategias de marketing e commerce,50,10–100,
Fuera de foco,Ruido,Marketing genérico y redes sociales,fuera de foco,estrategias de marketing en el metaverso,50,10–100,baja
Fuera de foco,Ruido,Marketing genérico y redes sociales,fuera de foco,estrategias de marketing en internet,50,10–100,baja
Fuera de foco,Ruido,Marketing genérico y redes sociales,fuera de foco,estrategias de marketing en la web,50,10–100,baja
Fuera de foco,Ruido,Marketing genérico y redes sociales,fuera de foco,estrategias de marketing en linea,50,10–100,baja
Fuera de foco,Ruido,Marketing genérico y redes sociales,fuera de foco,estrategias de marketing en redes sociales,50,10–100,media
Fuera de foco,Ruido,Marketing genérico y redes sociales,fuera de foco,estrategias de marketing en redes sociales para aumentar ventas,50,10–100,baja
Fuera de foco,Ruido,Marketing genérico y redes sociales,fuera de foco,estrategias de marketing en redes sociales para restaurantes,50,10–100,baja
Fuera de foco,Ruido,Marketing genérico y redes sociales,fuera de foco,estrategias de marketing organico,50,10–100,baja
Fuera de foco,Ruido,Marketing genérico y redes sociales,fuera de foco,estrategias de marketing para abogados,50,10–100,baja
Fuera de foco,Ruido,Marketing genérico y redes sociales,fuera de foco,estrategias de marketing para aumentar las ventas,50,10–100,baja
Fuera de foco,Ruido,Marketing genérico y redes sociales,fuera de foco,estrategias de marketing para bebidas alcohólicas,50,10–100,baja
Fuera de foco,Ruido,Marketing genérico y redes sociales,fuera de foco,estrategias de marketing para casinos,50,10–100,baja
Fuera de foco,Ruido,Marketing genérico y redes sociales,fuera de foco,estrategias de marketing para clinicas,50,10–100,baja
Fuera de foco,Ruido,Marketing genérico y redes sociales,fuera de foco,estrategias de marketing para clinicas dentales,50,10–100,
Fuera de foco,Ruido,Marketing genérico y redes sociales,fuera de foco,estrategias de marketing para dentistas,50,10–100,baja
Fuera de foco,Ruido,Marketing genérico y redes sociales,fuera de foco,estrategias de marketing para ecommerce,50,10–100,
Fuera de foco,Ruido,Marketing genérico y redes sociales,fuera de foco,estrategias de marketing para empresas,50,10–100,
Fuera de foco,Ruido,Marketing genérico y redes sociales,fuera de foco,estrategias de marketing para inmobiliarias,50,10–100,baja
Fuera de foco,Ruido,Marketing genérico y redes sociales,fuera de foco,estrategias de marketing para pymes,50,10–100,media
Fuera de foco,Ruido,Marketing genérico y redes sociales,fuera de foco,estrategias de marketing para redes sociales,50,10–100,media
Fuera de foco,Ruido,Marketing genérico y redes sociales,fuera de foco,estrategias de marketing para restaurantes,50,10–100,media
Fuera de foco,Ruido,Marketing genérico y redes sociales,fuera de foco,estrategias de marketing para startups,50,10–100,media
Fuera de foco,Ruido,Marketing genérico y redes sociales,fuera de foco,estrategias de marketing para una tienda online,50,10–100,
Fuera de foco,Ruido,Marketing genérico y redes sociales,fuera de foco,estrategias de marketing por internet,50,10–100,baja
Fuera de foco,Ruido,Marketing genérico y redes sociales,fuera de foco,estrategias de marketing que es,50,10–100,media
Fuera de foco,Ruido,Marketing genérico y redes sociales,fuera de foco,estrategias de mercadeo,50,10–100,media
Fuera de foco,Ruido,Marketing genérico y redes sociales,fuera de foco,estrategias de mercadotecnia,50,10–100,alta
Fuera de foco,Ruido,Marketing genérico y redes sociales,fuera de foco,estrategias de mercadotecnia digital,50,10–100,baja
Fuera de foco,Ruido,Marketing genérico y redes sociales,fuera de foco,estrategias de mkt,50,10–100,media
Fuera de foco,Ruido,Marketing genérico y redes sociales,fuera de foco,estrategias de mobile marketing,50,10–100,baja
Fuera de foco,Ruido,Marketing genérico y redes sociales,fuera de foco,estrategias de paid media,50,10–100,
Fuera de foco,Ruido,Marketing genérico y redes sociales,fuera de foco,estrategias de posicionamiento en redes sociales,50,10–100,baja
Fuera de foco,Ruido,Marketing genérico y redes sociales,fuera de foco,estrategias de posicionamiento marketing digital,50,10–100,baja
Fuera de foco,Ruido,Marketing genérico y redes sociales,fuera de foco,estrategias de posicionamiento sem,50,10–100,baja
Fuera de foco,Ruido,Marketing genérico y redes sociales,fuera de foco,estrategias de posicionamiento web,50,10–100,media
Fuera de foco,Ruido,Marketing genérico y redes sociales,fuera de foco,estrategias de promocion digital,50,10–100,baja
Fuera de foco,Ruido,Marketing genérico y redes sociales,fuera de foco,estrategias de promocion marketing digital,50,10–100,baja
Fuera de foco,Ruido,Marketing genérico y redes sociales,fuera de foco,estrategias de promocion redes sociales,50,10–100,baja
Fuera de foco,Ruido,Marketing genérico y redes sociales,fuera de foco,estrategias de publicacion en redes sociales,50,10–100,baja
Fuera de foco,Ruido,Marketing genérico y redes sociales,fuera de foco,estrategias de publicidad en redes sociales,50,10–100,baja
Fuera de foco,Ruido,Marketing genérico y redes sociales,fuera de foco,estrategias de publicidad online,50,10–100,
Fuera de foco,Ruido,Marketing genérico y redes sociales,fuera de foco,estrategias de redes,50,10–100,baja
Fuera de foco,Ruido,Marketing genérico y redes sociales,fuera de foco,estrategias de ventas digitales,50,10–100,
Fuera de foco,Ruido,Marketing genérico y redes sociales,fuera de foco,estrategias de ventas marketing,50,10–100,baja
Fuera de foco,Ruido,Marketing genérico y redes sociales,fuera de foco,estrategias de ventas por redes sociales,50,10–100,baja
Fuera de foco,Ruido,Marketing genérico y redes sociales,fuera de foco,estrategias del marketing digital,50,10–100,alta
Fuera de foco,Ruido,Marketing genérico y redes sociales,fuera de foco,estrategias digitales para aumentar ventas,50,10–100,baja
Fuera de foco,Ruido,Marketing genérico y redes sociales,fuera de foco,estrategias digitales para negocios,50,10–100,baja
Fuera de foco,Ruido,Marketing genérico y redes sociales,fuera de foco,estrategias digitales para restaurantes,50,10–100,baja
Fuera de foco,Ruido,Marketing genérico y redes sociales,fuera de foco,estrategias en el marketing,50,10–100,baja
Fuera de foco,Ruido,Marketing genérico y redes sociales,fuera de foco,estrategias en el marketing digital,50,10–100,baja
Fuera de foco,Ruido,Marketing genérico y redes sociales,fuera de foco,estrategias en medios digitales,50,10–100,
Fuera de foco,Ruido,Marketing genérico y redes sociales,fuera de foco,estrategias en redes sociales exitosas,50,10–100,baja
Fuera de foco,Ruido,Marketing genérico y redes sociales,fuera de foco,estrategias marketing digital,50,10–100,alta
Fuera de foco,Ruido,Marketing genérico y redes sociales,fuera de foco,estrategias marketing digital b2b,50,10–100,baja
Fuera de foco,Ruido,Marketing genérico y redes sociales,fuera de foco,estrategias mercadologicas,50,10–100,baja
Fuera de foco,Ruido,Marketing genérico y redes sociales,fuera de foco,estrategias online,50,10–100,media
Fuera de foco,Ruido,Marketing genérico y redes sociales,fuera de foco,estrategias online de marketing,50,10–100,baja
Fuera de foco,Ruido,Marketing genérico y redes sociales,fuera de foco,estrategias organicas en redes sociales,50,10–100,baja
Fuera de foco,Ruido,Marketing genérico y redes sociales,fuera de foco,estrategias organicas marketing digital,50,10–100,baja
Fuera de foco,Ruido,Marketing genérico y redes sociales,fuera de foco,estrategias para atraer clientes,50,10–100,alta
Fuera de foco,Ruido,Marketing genérico y redes sociales,fuera de foco,estrategias para atraer clientes en redes sociales,50,10–100,media
Fuera de foco,Ruido,Marketing genérico y redes sociales,fuera de foco,estrategias para captar clientes,50,10–100,alta
Fuera de foco,Ruido,Marketing genérico y redes sociales,fuera de foco,estrategias para crecer,50,10–100,baja
Fuera de foco,Ruido,Marketing genérico y redes sociales,fuera de foco,estrategias para crecer como empresa,50,10–100,baja
Fuera de foco,Ruido,Marketing genérico y redes sociales,fuera de foco,estrategias para crecer un negocio,50,10–100,baja
Fuera de foco,Ruido,Marketing genérico y redes sociales,fuera de foco,estrategias para crecer una empresa,50,10–100,baja
Fuera de foco,Ruido,Marketing genérico y redes sociales,fuera de foco,estrategias para el marketing,50,10–100,baja
Fuera de foco,Ruido,Marketing genérico y redes sociales,fuera de foco,estrategias para hacer crecer mi negocio,50,10–100,baja
Fuera de foco,Ruido,Marketing genérico y redes sociales,fuera de foco,estrategias para hacer crecer tu negocio,50,10–100,baja
Fuera de foco,Ruido,Marketing genérico y redes sociales,fuera de foco,estrategias para hacer crecer un negocio,50,10–100,baja
Fuera de foco,Ruido,Marketing genérico y redes sociales,fuera de foco,estrategias para las redes sociales,50,10–100,baja
Fuera de foco,Ruido,Marketing genérico y redes sociales,fuera de foco,estrategias para marketing digital,50,10–100,
Fuera de foco,Ruido,Marketing genérico y redes sociales,fuera de foco,estrategias para marketing en redes sociales,50,10–100,
Fuera de foco,Ruido,Marketing genérico y redes sociales,fuera de foco,estrategias para posicionar una marca en redes sociales,50,10–100,baja
Fuera de foco,Ruido,Marketing genérico y redes sociales,fuera de foco,estrategias para publicitar un producto,50,10–100,baja
Fuera de foco,Ruido,Marketing genérico y redes sociales,fuera de foco,estrategias para que una empresa crezca,50,10–100,baja
Fuera de foco,Ruido,Marketing genérico y redes sociales,fuera de foco,estrategias para redes sociales,50,10–100,baja
Fuera de foco,Ruido,Marketing genérico y redes sociales,fuera de foco,estrategias para ventas digitales,50,10–100,baja
Fuera de foco,Ruido,Marketing genérico y redes sociales,fuera de foco,estrategias posicionamiento seo,50,10–100,baja
Fuera de foco,Ruido,Marketing genérico y redes sociales,fuera de foco,estrategias posicionamiento web,50,10–100,baja
Fuera de foco,Ruido,Marketing genérico y redes sociales,fuera de foco,estrategias publicitarias digitales,50,10–100,baja
Fuera de foco,Ruido,Marketing genérico y redes sociales,fuera de foco,estrategias publicitarias en redes sociales,50,10–100,baja
Fuera de foco,Ruido,Marketing genérico y redes sociales,fuera de foco,estrategias redes sociales 2022,50,10–100,baja
Fuera de foco,Ruido,Marketing genérico y redes sociales,fuera de foco,estrategias rrss,50,10–100,media
Fuera de foco,Ruido,Marketing genérico y redes sociales,fuera de foco,estrategias sem,50,10–100,media
Fuera de foco,Ruido,Marketing genérico y redes sociales,fuera de foco,estrategias tradicionales de marketing,50,10–100,baja
Fuera de foco,Ruido,Marketing genérico y redes sociales,fuera de foco,estrategias y tacticas de marketing digital,50,10–100,baja
Fuera de foco,Ruido,Marketing genérico y redes sociales,fuera de foco,estrategias y tacticas marketing digital,50,10–100,baja
Fuera de foco,Ruido,Marketing genérico y redes sociales,fuera de foco,fidelizacion de clientes marketing digital,50,10–100,baja
Fuera de foco,Ruido,Marketing genérico y redes sociales,fuera de foco,fidelizacion marketing digital,50,10–100,
Fuera de foco,Ruido,Marketing genérico y redes sociales,fuera de foco,google estrategias de marketing,50,10–100,baja
Fuera de foco,Ruido,Marketing genérico y redes sociales,fuera de foco,hack marketing digital,50,10–100,baja
Fuera de foco,Ruido,Marketing genérico y redes sociales,fuera de foco,hacks marketing,50,10–100,media
Fuera de foco,Ruido,Marketing genérico y redes sociales,fuera de foco,iberia marketing,50,10–100,media
Fuera de foco,Ruido,Marketing genérico y redes sociales,fuera de foco,imagina marketing,50,10–100,media
Fuera de foco,Ruido,Marketing genérico y redes sociales,fuera de foco,impacto seo marketing,50,10–100,alta
Fuera de foco,Ruido,Marketing genérico y redes sociales,fuera de foco,indexacion marketing digital,50,10–100,baja
Fuera de foco,Ruido,Marketing genérico y redes sociales,fuera de foco,keywords marketing digital,50,10–100,alta
Fuera de foco,Ruido,Marketing genérico y redes sociales,fuera de foco,las estrategias de marketing digital,50,10–100,baja
Fuera de foco,Ruido,Marketing genérico y redes sociales,fuera de foco,las mejores estrategias de marketing,50,10–100,media
Fuera de foco,Ruido,Marketing genérico y redes sociales,fuera de foco,las mejores estrategias de marketing digital,50,10–100,baja
Fuera de foco,Ruido,Marketing genérico y redes sociales,fuera de foco,link building estrategia,50,10–100,baja
Fuera de foco,Ruido,Marketing genérico y redes sociales,fuera de foco,linkedin estrategia,50,10–100,alta
Fuera de foco,Ruido,Marketing genérico y redes sociales,fuera de foco,linkedin palabras clave,50,10–100,media
Fuera de foco,Ruido,Marketing genérico y redes sociales,fuera de foco,mandamientos del marketing,50,10–100,baja
Fuera de foco,Ruido,Marketing genérico y redes sociales,fuera de foco,marketing de las emociones,50,10–100,baja
Fuera de foco,Ruido,Marketing genérico y redes sociales,fuera de foco,marketing de redes,50,10–100,
Fuera de foco,Ruido,Marketing genérico y redes sociales,fuera de foco,marketing de restaurantes,50,10–100,
Fuera de foco,Ruido,Marketing genérico y redes sociales,fuera de foco,marketing de seo,50,10–100,baja
Fuera de foco,Ruido,Marketing genérico y redes sociales,fuera de foco,marketing digital b2b,50,10–100,alta
Fuera de foco,Ruido,Marketing genérico y redes sociales,fuera de foco,marketing digital de un producto,50,10–100,baja
Fuera de foco,Ruido,Marketing genérico y redes sociales,fuera de foco,marketing digital en b2b,50,10–100,baja
Fuera de foco,Ruido,Marketing genérico y redes sociales,fuera de foco,marketing digital estrategias en redes sociales,50,10–100,baja
Fuera de foco,Ruido,Marketing genérico y redes sociales,fuera de foco,marketing digital or seo,50,10–100,baja
Fuera de foco,Ruido,Marketing genérico y redes sociales,fuera de foco,marketing digital para aumentar las ventas,50,10–100,baja
Fuera de foco,Ruido,Marketing genérico y redes sociales,fuera de foco,marketing digital para mi empresa,50,10–100,
Fuera de foco,Ruido,Marketing genérico y redes sociales,fuera de foco,marketing digital para mi negocio,50,10–100,
Fuera de foco,Ruido,Marketing genérico y redes sociales,fuera de foco,marketing digital para mypes,50,10–100,
Fuera de foco,Ruido,Marketing genérico y redes sociales,fuera de foco,marketing digital para todos,50,10–100,baja
Fuera de foco,Ruido,Marketing genérico y redes sociales,fuera de foco,marketing digital para tu negocio,50,10–100,baja
Fuera de foco,Ruido,Marketing genérico y redes sociales,fuera de foco,marketing digital paso a paso,50,10–100,baja
Fuera de foco,Ruido,Marketing genérico y redes sociales,fuera de foco,marketing digital posicionamiento,50,10–100,alta
Fuera de foco,Ruido,Marketing genérico y redes sociales,fuera de foco,marketing digital posicionamiento de marca,50,10–100,baja
Fuera de foco,Ruido,Marketing genérico y redes sociales,fuera de foco,marketing digital y posicionamiento,50,10–100,
Fuera de foco,Ruido,Marketing genérico y redes sociales,fuera de foco,marketing digital y posicionamiento de marca,50,10–100,baja
Fuera de foco,Ruido,Marketing genérico y redes sociales,fuera de foco,marketing digital y seo,50,10–100,alta
Fuera de foco,Ruido,Marketing genérico y redes sociales,fuera de foco,marketing estrategias,50,10–100,media
Fuera de foco,Ruido,Marketing genérico y redes sociales,fuera de foco,marketing estrategico posicionamiento,50,10–100,baja
Fuera de foco,Ruido,Marketing genérico y redes sociales,fuera de foco,marketing interno de google,50,10–100,media
Fuera de foco,Ruido,Marketing genérico y redes sociales,fuera de foco,marketing interno que es,50,10–100,media
Fuera de foco,Ruido,Marketing genérico y redes sociales,fuera de foco,marketing latam,50,10–100,media
Fuera de foco,Ruido,Marketing genérico y redes sociales,fuera de foco,marketing online estrategias,50,10–100,media
Fuera de foco,Ruido,Marketing genérico y redes sociales,fuera de foco,marketing online para restaurantes,50,10–100,baja
Fuera de foco,Ruido,Marketing genérico y redes sociales,fuera de foco,marketing online posicionamiento,50,10–100,media
Fuera de foco,Ruido,Marketing genérico y redes sociales,fuera de foco,marketing online posicionamiento en buscadores,50,10–100,baja
Fuera de foco,Ruido,Marketing genérico y redes sociales,fuera de foco,marketing online y seo,50,10–100,baja
Fuera de foco,Ruido,Marketing genérico y redes sociales,fuera de foco,marketing para mi empresa,50,10–100,
Fuera de foco,Ruido,Marketing genérico y redes sociales,fuera de foco,marketing relacional digital,50,10–100,alta
Fuera de foco,Ruido,Marketing genérico y redes sociales,fuera de foco,marketing social digital,50,10–100,baja
Fuera de foco,Ruido,Marketing genérico y redes sociales,fuera de foco,marketing social media que es,50,10–100,baja
Fuera de foco,Ruido,Marketing genérico y redes sociales,fuera de foco,marketing social que es,50,10–100,media
Fuera de foco,Ruido,Marketing genérico y redes sociales,fuera de foco,marketing y seo,50,10–100,media
Fuera de foco,Ruido,Marketing genérico y redes sociales,fuera de foco,mejores estrategias de marketing,50,10–100,
Fuera de foco,Ruido,Marketing genérico y redes sociales,fuera de foco,mejores estrategias de marketing digital,50,10–100,media
Fuera de foco,Ruido,Marketing genérico y redes sociales,fuera de foco,mejores estrategias de marketing en redes sociales,50,10–100,media
Fuera de foco,Ruido,Marketing genérico y redes sociales,fuera de foco,mercadeo de contenido,50,10–100,baja
Fuera de foco,Ruido,Marketing genérico y redes sociales,fuera de foco,mercado de ansoff,50,10–100,baja
Fuera de foco,Ruido,Marketing genérico y redes sociales,fuera de foco,mercadotecnia de contenido,50,10–100,baja
Fuera de foco,Ruido,Marketing genérico y redes sociales,fuera de foco,mercadotecnia seo,50,10–100,
Fuera de foco,Ruido,Marketing genérico y redes sociales,fuera de foco,nuevas estrategias de marketing,50,10–100,baja
Fuera de foco,Ruido,Marketing genérico y redes sociales,fuera de foco,nuevas estrategias de marketing digital,50,10–100,baja
Fuera de foco,Ruido,Marketing genérico y redes sociales,fuera de foco,outbound marketing que es,50,10–100,media
Fuera de foco,Ruido,Marketing genérico y redes sociales,fuera de foco,palabras clave de marketing digital,50,10–100,baja
Fuera de foco,Ruido,Marketing genérico y redes sociales,fuera de foco,palabras clave en linkedin,50,10–100,media
Fuera de foco,Ruido,Marketing genérico y redes sociales,fuera de foco,palabras clave en marketing digital,50,10–100,baja
Fuera de foco,Ruido,Marketing genérico y redes sociales,fuera de foco,palabras clave linkedin,50,10–100,media
Fuera de foco,Ruido,Marketing genérico y redes sociales,fuera de foco,palabras clave marketing digital,50,10–100,
Fuera de foco,Ruido,Marketing genérico y redes sociales,fuera de foco,palabras clave para linkedin,50,10–100,baja
Fuera de foco,Ruido,Marketing genérico y redes sociales,fuera de foco,palabras clave para marketing digital,50,10–100,baja
Fuera de foco,Ruido,Marketing genérico y redes sociales,fuera de foco,palabras claves de marketing digital,50,10–100,baja
Fuera de foco,Ruido,Marketing genérico y redes sociales,fuera de foco,palabras claves en linkedin,50,10–100,baja
Fuera de foco,Ruido,Marketing genérico y redes sociales,fuera de foco,palabras claves en marketing digital,50,10–100,baja
Fuera de foco,Ruido,Marketing genérico y redes sociales,fuera de foco,palabras claves en mercadeo,50,10–100,baja
Fuera de foco,Ruido,Marketing genérico y redes sociales,fuera de foco,palabras claves linkedin,50,10–100,baja
Fuera de foco,Ruido,Marketing genérico y redes sociales,fuera de foco,palabras claves marketing digital,50,10–100,
Fuera de foco,Ruido,Marketing genérico y redes sociales,fuera de foco,palabras del marketing digital,50,10–100,baja
Fuera de foco,Ruido,Marketing genérico y redes sociales,fuera de foco,para que se utiliza el marketing digital,50,10–100,baja
Fuera de foco,Ruido,Marketing genérico y redes sociales,fuera de foco,para que sirve el seo en marketing,50,10–100,baja
Fuera de foco,Ruido,Marketing genérico y redes sociales,fuera de foco,porque es importante el marketing,50,10–100,baja
Fuera de foco,Ruido,Marketing genérico y redes sociales,fuera de foco,porque es importante el marketing digital,50,10–100,baja
Fuera de foco,Ruido,Marketing genérico y redes sociales,fuera de foco,posicionamiento de marca marketing digital,50,10–100,
Fuera de foco,Ruido,Marketing genérico y redes sociales,fuera de foco,posicionamiento de redes sociales,50,10–100,baja
Fuera de foco,Ruido,Marketing genérico y redes sociales,fuera de foco,posicionamiento en buscadores marketing digital,50,10–100,baja
Fuera de foco,Ruido,Marketing genérico y redes sociales,fuera de foco,posicionamiento en las redes sociales,50,10–100,
Fuera de foco,Ruido,Marketing genérico y redes sociales,fuera de foco,posicionamiento en marketing digital,50,10–100,baja
Fuera de foco,Ruido,Marketing genérico y redes sociales,fuera de foco,posicionamiento en redes sociales,50,10–100,
Fuera de foco,Ruido,Marketing genérico y redes sociales,fuera de foco,posicionamiento marketing digital,50,10–100,alta
Fuera de foco,Ruido,Marketing genérico y redes sociales,fuera de foco,posicionamiento organico en redes sociales,50,10–100,media
Fuera de foco,Ruido,Marketing genérico y redes sociales,fuera de foco,posicionamiento organico marketing,50,10–100,baja
Fuera de foco,Ruido,Marketing genérico y redes sociales,fuera de foco,posicionamiento seo en linkedin,50,10–100,baja
Fuera de foco,Ruido,Marketing genérico y redes sociales,fuera de foco,posicionamiento seo en redes sociales,50,10–100,
Fuera de foco,Ruido,Marketing genérico y redes sociales,fuera de foco,posicionamiento seo marketing,50,10–100,baja
Fuera de foco,Ruido,Marketing genérico y redes sociales,fuera de foco,posicionamiento web marketing digital,50,10–100,media
Fuera de foco,Ruido,Marketing genérico y redes sociales,fuera de foco,posicionamiento web y redes sociales,50,10–100,
Fuera de foco,Ruido,Marketing genérico y redes sociales,fuera de foco,posicionamiento y marketing digital,50,10–100,baja
Fuera de foco,Ruido,Marketing genérico y redes sociales,fuera de foco,posicionar marca en redes sociales,50,10–100,baja
Fuera de foco,Ruido,Marketing genérico y redes sociales,fuera de foco,pr marketing digital,50,10–100,baja
Fuera de foco,Ruido,Marketing genérico y redes sociales,fuera de foco,principales estrategias de marketing digital,50,10–100,baja
Fuera de foco,Ruido,Marketing genérico y redes sociales,fuera de foco,principales estrategias del marketing digital,50,10–100,baja
Fuera de foco,Ruido,Marketing genérico y redes sociales,fuera de foco,promocion marketing digital,50,10–100,baja
Fuera de foco,Ruido,Marketing genérico y redes sociales,fuera de foco,propuestas de marketing digital,50,10–100,baja
Fuera de foco,Ruido,Marketing genérico y redes sociales,fuera de foco,propuestas de publicidad digital,50,10–100,baja
Fuera de foco,Ruido,Marketing genérico y redes sociales,fuera de foco,propuestas marketing digital,50,10–100,baja
Fuera de foco,Ruido,Marketing genérico y redes sociales,fuera de foco,que es calidad en marketing,50,10–100,baja
Fuera de foco,Ruido,Marketing genérico y redes sociales,fuera de foco,que es contenido en marketing digital,50,10–100,baja
Fuera de foco,Ruido,Marketing genérico y redes sociales,fuera de foco,que es content marketing,50,10–100,media
Fuera de foco,Ruido,Marketing genérico y redes sociales,fuera de foco,que es direccion de marketing,50,10–100,baja
Fuera de foco,Ruido,Marketing genérico y redes sociales,fuera de foco,que es el briefing en marketing,50,10–100,media
Fuera de foco,Ruido,Marketing genérico y redes sociales,fuera de foco,que es el content marketing,50,10–100,media
Fuera de foco,Ruido,Marketing genérico y redes sociales,fuera de foco,que es el marketing de atraccion,50,10–100,baja
Fuera de foco,Ruido,Marketing genérico y redes sociales,fuera de foco,que es el marketing outbound,50,10–100,alta
Fuera de foco,Ruido,Marketing genérico y redes sociales,fuera de foco,que es el marketing seo,50,10–100,alta
Fuera de foco,Ruido,Marketing genérico y redes sociales,fuera de foco,que es el outbound,50,10–100,media
Fuera de foco,Ruido,Marketing genérico y redes sociales,fuera de foco,que es el outbound marketing,50,10–100,media
Fuera de foco,Ruido,Marketing genérico y redes sociales,fuera de foco,que es el seo en marketing digital,50,10–100,alta
Fuera de foco,Ruido,Marketing genérico y redes sociales,fuera de foco,que es el seo marketing digital,50,10–100,baja
Fuera de foco,Ruido,Marketing genérico y redes sociales,fuera de foco,que es estrategia de contenido,50,10–100,baja
Fuera de foco,Ruido,Marketing genérico y redes sociales,fuera de foco,que es estrategia de contenidos,50,10–100,media
Fuera de foco,Ruido,Marketing genérico y redes sociales,fuera de foco,que es estrategia sem,50,10–100,
Fuera de foco,Ruido,Marketing genérico y redes sociales,fuera de foco,que es la estrategia de contenido,50,10–100,baja
Fuera de foco,Ruido,Marketing genérico y redes sociales,fuera de foco,que es la estrategia de contenidos,50,10–100,media
Fuera de foco,Ruido,Marketing genérico y redes sociales,fuera de foco,que es la estrategia sem,50,10–100,baja
Fuera de foco,Ruido,Marketing genérico y redes sociales,fuera de foco,que es link building en marketing digital,50,10–100,media
Fuera de foco,Ruido,Marketing genérico y redes sociales,fuera de foco,que es long tail en marketing digital,50,10–100,media
Fuera de foco,Ruido,Marketing genérico y redes sociales,fuera de foco,que es marketing seo,50,10–100,
Fuera de foco,Ruido,Marketing genérico y redes sociales,fuera de foco,que es outbound marketing,50,10–100,media
Fuera de foco,Ruido,Marketing genérico y redes sociales,fuera de foco,que es placement en marketing,50,10–100,baja
Fuera de foco,Ruido,Marketing genérico y redes sociales,fuera de foco,que es posicionamiento seo en marketing,50,10–100,baja
Fuera de foco,Ruido,Marketing genérico y redes sociales,fuera de foco,que es remarketing ejemplos,50,10–100,baja
Fuera de foco,Ruido,Marketing genérico y redes sociales,fuera de foco,que es search engine marketing,50,10–100,baja
Fuera de foco,Ruido,Marketing genérico y redes sociales,fuera de foco,que es seo en marketing digital,50,10–100,alta
Fuera de foco,Ruido,Marketing genérico y redes sociales,fuera de foco,que es seo en redes sociales,50,10–100,media
Fuera de foco,Ruido,Marketing genérico y redes sociales,fuera de foco,que es seo marketing digital,50,10–100,alta
Fuera de foco,Ruido,Marketing genérico y redes sociales,fuera de foco,que es smo en marketing,50,10–100,baja
Fuera de foco,Ruido,Marketing genérico y redes sociales,fuera de foco,que es trafico en marketing,50,10–100,baja
Fuera de foco,Ruido,Marketing genérico y redes sociales,fuera de foco,que es ugc en marketing digital,50,10–100,media
Fuera de foco,Ruido,Marketing genérico y redes sociales,fuera de foco,que es un branded content,50,10–100,media
Fuera de foco,Ruido,Marketing genérico y redes sociales,fuera de foco,que es un content marketing,50,10–100,media
Fuera de foco,Ruido,Marketing genérico y redes sociales,fuera de foco,que es un seo en marketing digital,50,10–100,media
Fuera de foco,Ruido,Marketing genérico y redes sociales,fuera de foco,que es una empresa de marketing digital,50,10–100,alta
Fuera de foco,Ruido,Marketing genérico y redes sociales,fuera de foco,que es una estrategia de contenido,50,10–100,media
Fuera de foco,Ruido,Marketing genérico y redes sociales,fuera de foco,que es una estrategia de contenido en marketing digital,50,10–100,baja
Fuera de foco,Ruido,Marketing genérico y redes sociales,fuera de foco,que es una estrategia de contenidos,50,10–100,media
Fuera de foco,Ruido,Marketing genérico y redes sociales,fuera de foco,que es una estrategia sem,50,10–100,baja
Fuera de foco,Ruido,Marketing genérico y redes sociales,fuera de foco,que significa seo en marketing,50,10–100,media
Fuera de foco,Ruido,Marketing genérico y redes sociales,fuera de foco,que significa seo en marketing digital,50,10–100,alta
Fuera de foco,Ruido,Marketing genérico y redes sociales,fuera de foco,que significa seo en redes sociales,50,10–100,media
Fuera de foco,Ruido,Marketing genérico y redes sociales,fuera de foco,que son estrategias seo,50,10–100,baja
Fuera de foco,Ruido,Marketing genérico y redes sociales,fuera de foco,que son las estrategias seo,50,10–100,baja
Fuera de foco,Ruido,Marketing genérico y redes sociales,fuera de foco,qué es el content marketing,50,10–100,media
Fuera de foco,Ruido,Marketing genérico y redes sociales,fuera de foco,qué es el marketing seo,50,10–100,alta
Fuera de foco,Ruido,Marketing genérico y redes sociales,fuera de foco,qué es el outbound marketing,50,10–100,media
Fuera de foco,Ruido,Marketing genérico y redes sociales,fuera de foco,qué es outbound marketing,50,10–100,media
Fuera de foco,Ruido,Marketing genérico y redes sociales,fuera de foco,redes sociales estrategia de marketing,50,10–100,baja
Fuera de foco,Ruido,Marketing genérico y redes sociales,fuera de foco,sem en marketing digital,50,10–100,alta
Fuera de foco,Ruido,Marketing genérico y redes sociales,fuera de foco,sem estrategia de marketing,50,10–100,baja
Fuera de foco,Ruido,Marketing genérico y redes sociales,fuera de foco,sem marketing digital,50,10–100,alta
Fuera de foco,Ruido,Marketing genérico y redes sociales,fuera de foco,sem redes sociales,50,10–100,media
Fuera de foco,Ruido,Marketing genérico y redes sociales,fuera de foco,seo de marketing,50,10–100,alta
Fuera de foco,Ruido,Marketing genérico y redes sociales,fuera de foco,seo definicion marketing,50,10–100,media
Fuera de foco,Ruido,Marketing genérico y redes sociales,fuera de foco,seo definición marketing,50,10–100,media
Fuera de foco,Ruido,Marketing genérico y redes sociales,fuera de foco,seo en el marketing digital,50,10–100,baja
Fuera de foco,Ruido,Marketing genérico y redes sociales,fuera de foco,seo en marketing,50,10–100,alta
Fuera de foco,Ruido,Marketing genérico y redes sociales,fuera de foco,seo en marketing que es,50,10–100,media
Fuera de foco,Ruido,Marketing genérico y redes sociales,fuera de foco,seo en rrss,50,10–100,baja
Fuera de foco,Ruido,Marketing genérico y redes sociales,fuera de foco,seo marketing digital ejemplos,50,10–100,baja
Fuera de foco,Ruido,Marketing genérico y redes sociales,fuera de foco,seo marketing digital que es,50,10–100,baja
Fuera de foco,Ruido,Marketing genérico y redes sociales,fuera de foco,seo marketing ejemplo,50,10–100,alta
Fuera de foco,Ruido,Marketing genérico y redes sociales,fuera de foco,seo marketing significado,50,10–100,media
Fuera de foco,Ruido,Marketing genérico y redes sociales,fuera de foco,seo mercadeo,50,10–100,baja
Fuera de foco,Ruido,Marketing genérico y redes sociales,fuera de foco,seo mercadotecnia,50,10–100,
Fuera de foco,Ruido,Marketing genérico y redes sociales,fuera de foco,seo mkt digital,50,10–100,baja
Fuera de foco,Ruido,Marketing genérico y redes sociales,fuera de foco,seo organico marketing,50,10–100,
Fuera de foco,Ruido,Marketing genérico y redes sociales,fuera de foco,seo para redes sociales,50,10–100,alta
Fuera de foco,Ruido,Marketing genérico y redes sociales,fuera de foco,seo que es en marketing,50,10–100,media
Fuera de foco,Ruido,Marketing genérico y redes sociales,fuera de foco,seo que es marketing,50,10–100,media
Fuera de foco,Ruido,Marketing genérico y redes sociales,fuera de foco,seo significado en marketing,50,10–100,media
Fuera de foco,Ruido,Marketing genérico y redes sociales,fuera de foco,seo significado marketing,50,10–100,alta
Fuera de foco,Ruido,Marketing genérico y redes sociales,fuera de foco,seo y marketing,50,10–100,media
Fuera de foco,Ruido,Marketing genérico y redes sociales,fuera de foco,seo y marketing digital,50,10–100,media
Fuera de foco,Ruido,Marketing genérico y redes sociales,fuera de foco,seo y marketing online,50,10–100,baja
Fuera de foco,Ruido,Marketing genérico y redes sociales,fuera de foco,servicios de estrategia digital,50,10–100,baja
Fuera de foco,Ruido,Marketing genérico y redes sociales,fuera de foco,sigla seo marketing,50,10–100,baja
Fuera de foco,Ruido,Marketing genérico y redes sociales,fuera de foco,significado de seo en marketing,50,10–100,alta
Fuera de foco,Ruido,Marketing genérico y redes sociales,fuera de foco,significado de seo en marketing digital,50,10–100,media
Fuera de foco,Ruido,Marketing genérico y redes sociales,fuera de foco,significado seo marketing,50,10–100,baja
Fuera de foco,Ruido,Marketing genérico y redes sociales,fuera de foco,social media estrategia,50,10–100,media
Fuera de foco,Ruido,Marketing genérico y redes sociales,fuera de foco,social media marketing estrategias,50,10–100,baja
Fuera de foco,Ruido,Marketing genérico y redes sociales,fuera de foco,tacticas de marketing digital,50,10–100,baja
Fuera de foco,Ruido,Marketing genérico y redes sociales,fuera de foco,tacticas de marketing en redes sociales,50,10–100,baja
Fuera de foco,Ruido,Marketing genérico y redes sociales,fuera de foco,tacticas digitales,50,10–100,baja
Fuera de foco,Ruido,Marketing genérico y redes sociales,fuera de foco,tacticas en marketing digital,50,10–100,baja
Fuera de foco,Ruido,Marketing genérico y redes sociales,fuera de foco,tacticas marketing digital,50,10–100,baja
Fuera de foco,Ruido,Marketing genérico y redes sociales,fuera de foco,tecnica seo marketing,50,10–100,alta
Fuera de foco,Ruido,Marketing genérico y redes sociales,fuera de foco,trafico organico redes sociales,50,10–100,baja
Fuera de foco,Ruido,Reseñas propias y navegación de Google,fuera de foco,reseñas google,50000,10.000–100.000,media
Fuera de foco,Ruido,Reseñas propias y navegación de Google,fuera de foco,google reseñas,5000,1.000–10.000,media
Fuera de foco,Ruido,Reseñas propias y navegación de Google,fuera de foco,mis reseñas google,5000,1.000–10.000,media
Fuera de foco,Ruido,Reseñas propias y navegación de Google,fuera de foco,reseñas de google,5000,1.000–10.000,media
Fuera de foco,Ruido,Reseñas propias y navegación de Google,fuera de foco,google maps mis reseñas,500,100–1.000,media
Fuera de foco,Ruido,Reseñas propias y navegación de Google,fuera de foco,google maps reseñas,500,100–1.000,media
Fuera de foco,Ruido,Reseñas propias y navegación de Google,fuera de foco,google mis reseñas,500,100–1.000,media
Fuera de foco,Ruido,Reseñas propias y navegación de Google,fuera de foco,google reseñas mias,500,100–1.000,media
Fuera de foco,Ruido,Reseñas propias y navegación de Google,fuera de foco,mis reseñas de google,500,100–1.000,media
Fuera de foco,Ruido,Reseñas propias y navegación de Google,fuera de foco,mis reseñas en google,500,100–1.000,media
Fuera de foco,Ruido,Reseñas propias y navegación de Google,fuera de foco,mis reseñas google maps,500,100–1.000,media
Fuera de foco,Ruido,Reseñas propias y navegación de Google,fuera de foco,reseña google maps,500,100–1.000,media
Fuera de foco,Ruido,Reseñas propias y navegación de Google,fuera de foco,reseñas en google,500,100–1.000,media
Fuera de foco,Ruido,Reseñas propias y navegación de Google,fuera de foco,ver mis reseñas de google,500,100–1.000,media
Fuera de foco,Ruido,Reseñas propias y navegación de Google,fuera de foco,ver mis reseñas google,500,100–1.000,media
Fuera de foco,Ruido,Reseñas propias y navegación de Google,fuera de foco,ver reseñas google,500,100–1.000,media
Fuera de foco,Ruido,Reseñas propias y navegación de Google,fuera de foco,buscar mis reseñas de google,50,10–100,media
Fuera de foco,Ruido,Reseñas propias y navegación de Google,fuera de foco,buscar mis reseñas en google,50,10–100,media
Fuera de foco,Ruido,Reseñas propias y navegación de Google,fuera de foco,buscar reseñas google,50,10–100,media
Fuera de foco,Ruido,Reseñas propias y navegación de Google,fuera de foco,google reseñas restaurantes,50,10–100,media
Fuera de foco,Ruido,Reseñas propias y navegación de Google,fuera de foco,maps reseñas,50,10–100,media
Fuera de foco,Ruido,Reseñas propias y navegación de Google,fuera de foco,mi reseñas google,50,10–100,media
Fuera de foco,Ruido,Reseñas propias y navegación de Google,fuera de foco,mis reseñas en google maps,50,10–100,media
Fuera de foco,Ruido,Reseñas propias y navegación de Google,fuera de foco,reseña anonima google,50,10–100,media
Fuera de foco,Ruido,Reseñas propias y navegación de Google,fuera de foco,reseñas anonimas google,50,10–100,media
Fuera de foco,Ruido,Reseñas propias y navegación de Google,fuera de foco,reseñas de google maps,50,10–100,media
Fuera de foco,Ruido,Reseñas propias y navegación de Google,fuera de foco,reseñas en google maps,50,10–100,media
Fuera de foco,Ruido,Reseñas propias y navegación de Google,fuera de foco,reseñas google restaurantes,50,10–100,media
Fuera de foco,Ruido,Reseñas propias y navegación de Google,fuera de foco,reseñas google ver,50,10–100,media
Fuera de foco,Ruido,Reseñas propias y navegación de Google,fuera de foco,reseñas maps,50,10–100,media
Fuera de foco,Ruido,Reseñas propias y navegación de Google,fuera de foco,tus reseñas google,50,10–100,media
Fuera de foco,Ruido,Reseñas propias y navegación de Google,fuera de foco,ultimas reseñas google,50,10–100,media
Fuera de foco,Ruido,Reseñas propias y navegación de Google,fuera de foco,ver mis reseñas en google,50,10–100,media
Fuera de foco,Ruido,Reseñas propias y navegación de Google,fuera de foco,ver tus reseñas en google,50,10–100,media
Fuera de foco,Ruido,Velocidad de internet y otros,fuera de foco,palabra clave del dia,5000,1.000–10.000,media
Fuera de foco,Ruido,Velocidad de internet y otros,fuera de foco,carga y descarga de internet,50,10–100,alta
Fuera de foco,Ruido,Velocidad de internet y otros,fuera de foco,carga y descarga internet,50,10–100,media
Fuera de foco,Ruido,Velocidad de internet y otros,fuera de foco,carga y descarga wifi,50,10–100,media
Fuera de foco,Ruido,Velocidad de internet y otros,fuera de foco,chat openai que es y para que sirve,50,10–100,baja
Fuera de foco,Ruido,Velocidad de internet y otros,fuera de foco,como buscar las palabras mas buscadas en google,50,10–100,media
Fuera de foco,Ruido,Velocidad de internet y otros,fuera de foco,como buscar palabras mas buscadas en google,50,10–100,baja
Fuera de foco,Ruido,Velocidad de internet y otros,fuera de foco,como ver las palabras mas buscadas en google,50,10–100,media
Fuera de foco,Ruido,Velocidad de internet y otros,fuera de foco,como ver palabras mas buscadas en google,50,10–100,media
Fuera de foco,Ruido,Velocidad de internet y otros,fuera de foco,crear cuenta openai,50,10–100,media
Fuera de foco,Ruido,Velocidad de internet y otros,fuera de foco,descarga y carga de internet,50,10–100,media
Fuera de foco,Ruido,Velocidad de internet y otros,fuera de foco,descarga y carga internet,50,10–100,alta
Fuera de foco,Ruido,Velocidad de internet y otros,fuera de foco,help content samsung,50,10–100,media
Fuera de foco,Ruido,Velocidad de internet y otros,fuera de foco,ia de openai,50,10–100,media
Fuera de foco,Ruido,Velocidad de internet y otros,fuera de foco,internet carga y descarga,50,10–100,baja
Fuera de foco,Ruido,Velocidad de internet y otros,fuera de foco,internet de carga y descarga,50,10–100,baja
Fuera de foco,Ruido,Velocidad de internet y otros,fuera de foco,internet velocidad de carga y descarga,50,10–100,baja
Fuera de foco,Ruido,Velocidad de internet y otros,fuera de foco,keywords mas buscadas,50,10–100,baja
Fuera de foco,Ruido,Velocidad de internet y otros,fuera de foco,los sistemas scada en la automatización industrial,50,10–100,baja
Fuera de foco,Ruido,Velocidad de internet y otros,fuera de foco,mbps de carga,50,10–100,media
Fuera de foco,Ruido,Velocidad de internet y otros,fuera de foco,mbps de carga y descarga,50,10–100,baja
Fuera de foco,Ruido,Velocidad de internet y otros,fuera de foco,mbps de descarga y carga,50,10–100,media
Fuera de foco,Ruido,Velocidad de internet y otros,fuera de foco,pagina para ver la calidad del internet,50,10–100,media
Fuera de foco,Ruido,Velocidad de internet y otros,fuera de foco,palabras clave mas buscadas,50,10–100,alta
Fuera de foco,Ruido,Velocidad de internet y otros,fuera de foco,palabras claves mas buscadas en google,50,10–100,baja
Fuera de foco,Ruido,Velocidad de internet y otros,fuera de foco,palabras mas buscadas en amazon,50,10–100,media
Fuera de foco,Ruido,Velocidad de internet y otros,fuera de foco,ping descarga y carga,50,10–100,media
Fuera de foco,Ruido,Velocidad de internet y otros,fuera de foco,prueba de internet gratis,50,10–100,baja
Fuera de foco,Ruido,Velocidad de internet y otros,fuera de foco,serprobot checker,50,10–100,baja
Fuera de foco,Ruido,Velocidad de internet y otros,fuera de foco,velocidad carga y descarga,50,10–100,media
Fuera de foco,Ruido,Velocidad de internet y otros,fuera de foco,velocidad carga y descarga internet,50,10–100,media
Fuera de foco,Ruido,Velocidad de internet y otros,fuera de foco,velocidad de carga y descarga,50,10–100,media
Fuera de foco,Ruido,Velocidad de internet y otros,fuera de foco,velocidad de carga y descarga de internet,50,10–100,media
Fuera de foco,Ruido,Velocidad de internet y otros,fuera de foco,velocidad de carga y descarga de mi internet,50,10–100,media
Fuera de foco,Ruido,Velocidad de internet y otros,fuera de foco,velocidad de carga y descarga internet,50,10–100,baja
Fuera de foco,Ruido,Velocidad de internet y otros,fuera de foco,velocidad de conexion carga y descarga,50,10–100,media
Fuera de foco,Ruido,Velocidad de internet y otros,fuera de foco,ver palabras mas buscadas en google,50,10–100,media
Google y algoritmos,Calidad y E-E-A-T,E-E-A-T y calidad,servicio,eeat,500,100–1.000,media
Google y algoritmos,Calidad y E-E-A-T,E-E-A-T y calidad,servicio,e eat,50,10–100,media
Google y algoritmos,Calidad y E-E-A-T,E-E-A-T y calidad,servicio,eeat google,50,10–100,media
Google y algoritmos,Core updates y penalizaciones,Core updates,servicio,core update google,500,100–1.000,media
Google y algoritmos,Core updates y penalizaciones,Core updates,servicio,actualizacion algoritmo google,50,10–100,media
Google y algoritmos,Core updates y penalizaciones,Core updates,servicio,algoritmo de posicionamiento google,50,10–100,baja
Google y algoritmos,Core updates y penalizaciones,Core updates,servicio,backlinks spam,50,10–100,baja
Google y algoritmos,Core updates y penalizaciones,Core updates,servicio,google spam update,50,10–100,media
Google y algoritmos,Core updates y penalizaciones,Core updates,servicio,google update core,50,10–100,media
Google y algoritmos,Core updates y penalizaciones,Core updates,servicio,helpful content,50,10–100,media
Google y algoritmos,Core updates y penalizaciones,Core updates,servicio,link de spam,50,10–100,baja
Google y algoritmos,Core updates y penalizaciones,Core updates,servicio,links spam,50,10–100,media
Google y algoritmos,Core updates y penalizaciones,Core updates,servicio,update core google,50,10–100,media
Google y algoritmos,Core updates y penalizaciones,Core updates,servicio,update google core,50,10–100,media
Google y algoritmos,Core updates y penalizaciones,Core updates,servicio,update spam,50,10–100,media
Google y algoritmos,Core updates y penalizaciones,Penalizaciones de Google,servicio,google penaliza contenido duplicado,50,10–100,media
Google y algoritmos,Core updates y penalizaciones,Penalizaciones de Google,servicio,herramienta disavow,50,10–100,media
Google y algoritmos,Core updates y penalizaciones,Penalizaciones de Google,servicio,penalizacion google,50,10–100,media
Google y algoritmos,Core updates y penalizaciones,Penalizaciones de Google,servicio,penalizacion google seo,50,10–100,media
Google y algoritmos,Core updates y penalizaciones,Penalizaciones de Google,servicio,penalizaciones de google,50,10–100,baja
Google y algoritmos,Core updates y penalizaciones,Penalizaciones de Google,servicio,penalizaciones de google en seo,50,10–100,baja
Google y algoritmos,Core updates y penalizaciones,Penalizaciones de Google,servicio,penalizaciones google,50,10–100,media
Google y algoritmos,Core updates y penalizaciones,Penalizaciones de Google,servicio,penalizaciones google seo,50,10–100,baja
Google y algoritmos,Core updates y penalizaciones,Penalizaciones de Google,servicio,penalizaciones seo,50,10–100,baja
Google y algoritmos,Google Discover y News,Discover y Google News,atrae a tu cliente,google discover,5000,1.000–10.000,media
Google y algoritmos,Google Discover y News,Discover y Google News,atrae a tu cliente,actualizar discover google,500,100–1.000,media
Google y algoritmos,Google Discover y News,Discover y Google News,atrae a tu cliente,discover noticias google,500,100–1.000,media
Google y algoritmos,Google Discover y News,Discover y Google News,atrae a tu cliente,discover que es,500,100–1.000,media
Google y algoritmos,Google Discover y News,Discover y Google News,atrae a tu cliente,activar google discover,50,10–100,media
Google y algoritmos,Google Discover y News,Discover y Google News,atrae a tu cliente,discover de google,50,10–100,media
Google y algoritmos,Google Discover y News,Discover y Google News,atrae a tu cliente,discover en google,50,10–100,media
Google y algoritmos,Google Discover y News,Discover y Google News,atrae a tu cliente,discover google iphone,50,10–100,media
Google y algoritmos,Google Discover y News,Discover y Google News,atrae a tu cliente,discover google noticias,50,10–100,media
Google y algoritmos,Google Discover y News,Discover y Google News,atrae a tu cliente,discover google workspace,50,10–100,baja
Google y algoritmos,Google Discover y News,Discover y Google News,atrae a tu cliente,discovery ads ejemplos,50,10–100,baja
Google y algoritmos,Google Discover y News,Discover y Google News,atrae a tu cliente,discovery google ads,50,10–100,media
Google y algoritmos,Google Discover y News,Discover y Google News,atrae a tu cliente,feed de discover,50,10–100,media
Google y algoritmos,Google Discover y News,Discover y Google News,atrae a tu cliente,feed discover google,50,10–100,media
Google y algoritmos,Google Discover y News,Discover y Google News,atrae a tu cliente,google ads discovery,50,10–100,media
Google y algoritmos,Google Discover y News,Discover y Google News,atrae a tu cliente,google discover iphone,50,10–100,media
Google y algoritmos,Google Discover y News,Discover y Google News,atrae a tu cliente,google discover online,50,10–100,baja
Google y algoritmos,Google Discover y News,Discover y Google News,atrae a tu cliente,google discover seo,50,10–100,alta
Google y algoritmos,Google Discover y News,Discover y Google News,atrae a tu cliente,google discover web,50,10–100,media
Google y algoritmos,Google Discover y News,Discover y Google News,atrae a tu cliente,google go discover,50,10–100,baja
Google y algoritmos,Google Discover y News,Discover y Google News,atrae a tu cliente,google workspace discover,50,10–100,
Google y algoritmos,Google Discover y News,Discover y Google News,atrae a tu cliente,noticias discover google,50,10–100,media
Google y algoritmos,Google Discover y News,Discover y Google News,atrae a tu cliente,noticias google discover,50,10–100,media
Google y algoritmos,Google Discover y News,Discover y Google News,atrae a tu cliente,seo google discover,50,10–100,baja
Google y algoritmos,Google Discover y News,Discover y Google News,atrae a tu cliente,seo google news,50,10–100,media
Google y algoritmos,Google Discover y News,Discover y Google News,atrae a tu cliente,widget google discover,50,10–100,media
Google y algoritmos,Mi web no aparece en Google,Por qué mi web no aparece o ha caído,servicio,mi pagina web no aparece en google,50,10–100,media
Google y algoritmos,Mi web no aparece en Google,Por qué mi web no aparece o ha caído,servicio,no aparece mi pagina en google,50,10–100,
Google y algoritmos,Mi web no aparece en Google,Por qué mi web no aparece o ha caído,servicio,por que mi web no aparece en google,50,10–100,
Google y algoritmos,Mi web no aparece en Google,Por qué mi web no aparece o ha caído,servicio,porque mi dominio no aparece en google,50,10–100,media
Google y algoritmos,Mi web no aparece en Google,Por qué mi web no aparece o ha caído,servicio,porque mi negocio no aparece en google,50,10–100,baja
Google y algoritmos,Mi web no aparece en Google,Por qué mi web no aparece o ha caído,servicio,porque mi pagina no aparece en google,50,10–100,baja
Google y algoritmos,Mi web no aparece en Google,Por qué mi web no aparece o ha caído,servicio,porque mi pagina no sale en google,50,10–100,baja
Google y algoritmos,Mi web no aparece en Google,Por qué mi web no aparece o ha caído,servicio,porque mi pagina web no aparece en google,50,10–100,media
Google y algoritmos,Mi web no aparece en Google,Por qué mi web no aparece o ha caído,servicio,porque mi pagina wordpress no aparece en google,50,10–100,baja
Google y algoritmos,Mi web no aparece en Google,Por qué mi web no aparece o ha caído,servicio,porque mi sitio no aparece en google,50,10–100,baja
Google y algoritmos,Mi web no aparece en Google,Por qué mi web no aparece o ha caído,servicio,porque mi sitio web no aparece en google,50,10–100,baja
Google y algoritmos,Mi web no aparece en Google,Por qué mi web no aparece o ha caído,servicio,porque mi web no aparece en google,50,10–100,media
Google y algoritmos,Mi web no aparece en Google,Por qué mi web no aparece o ha caído,servicio,porque mi web no sale en google,50,10–100,baja
Google y algoritmos,Mi web no aparece en Google,Por qué mi web no aparece o ha caído,servicio,porque no sale mi pagina web en google,50,10–100,baja
Google y algoritmos,Mi web no aparece en Google,Por qué mi web no aparece o ha caído,servicio,porque no sale mi web en google,50,10–100,alta
Google y algoritmos,Mi web no aparece en Google,Por qué mi web no aparece o ha caído,servicio,bajada de trafico web,0,<10,baja
Google y algoritmos,Mi web no aparece en Google,Por qué mi web no aparece o ha caído,servicio,caida de trafico organico,0,<10,baja
Google y algoritmos,Mi web no aparece en Google,Por qué mi web no aparece o ha caído,servicio,caida de visitas web,0,<10,baja
Google y algoritmos,Mi web no aparece en Google,Por qué mi web no aparece o ha caído,servicio,he perdido trafico en google,0,<10,baja
Google y algoritmos,Mi web no aparece en Google,Por qué mi web no aparece o ha caído,servicio,mi web ha dejado de salir en google,0,<10,baja
Google y algoritmos,Mi web no aparece en Google,Por qué mi web no aparece o ha caído,servicio,penalizacion manual google,0,<10,baja
Google y algoritmos,Mi web no aparece en Google,Por qué mi web no aparece o ha caído,servicio,perdida de trafico web,0,<10,baja
Google y algoritmos,Mi web no aparece en Google,Por qué mi web no aparece o ha caído,servicio,recuperar posicionamiento google,0,<10,baja
Google y algoritmos,Mi web no aparece en Google,Por qué mi web no aparece o ha caído,servicio,recuperar trafico seo,0,<10,baja
Google y algoritmos,Mi web no aparece en Google,Por qué mi web no aparece o ha caído,servicio,web desaparecida de google,0,<10,baja
Growth y marketing,Consultoría de marketing digital,Consultor de marketing digital,atrae a tu cliente,consultor de marketing,500,100–1.000,media
Growth y marketing,Consultoría de marketing digital,Consultor de marketing digital,atrae a tu cliente,consultor de marketing digital,500,100–1.000,media
Growth y marketing,Consultoría de marketing digital,Consultor de marketing digital,atrae a tu cliente,consultor de mkt,500,100–1.000,media
Growth y marketing,Consultoría de marketing digital,Consultor de marketing digital,atrae a tu cliente,consultor digital,500,100–1.000,alta
Growth y marketing,Consultoría de marketing digital,Consultor de marketing digital,atrae a tu cliente,consultor google ads,500,100–1.000,alta
Growth y marketing,Consultoría de marketing digital,Consultor de marketing digital,atrae a tu cliente,consultor marketing digital,500,100–1.000,media
Growth y marketing,Consultoría de marketing digital,Consultor de marketing digital,atrae a tu cliente,consultor marketing online,500,100–1.000,media
Growth y marketing,Consultoría de marketing digital,Consultor de marketing digital,atrae a tu cliente,consultora en marketing digital,500,100–1.000,alta
Growth y marketing,Consultoría de marketing digital,Consultor de marketing digital,atrae a tu cliente,consultores de marketing digital,500,100–1.000,media
Growth y marketing,Consultoría de marketing digital,Consultor de marketing digital,atrae a tu cliente,consultores digitales,500,100–1.000,alta
Growth y marketing,Consultoría de marketing digital,Consultor de marketing digital,atrae a tu cliente,consultoria de marketing,500,100–1.000,media
Growth y marketing,Consultoría de marketing digital,Consultor de marketing digital,atrae a tu cliente,consultoria de mkt,500,100–1.000,media
Growth y marketing,Consultoría de marketing digital,Consultor de marketing digital,atrae a tu cliente,consultoria en marketing,500,100–1.000,alta
Growth y marketing,Consultoría de marketing digital,Consultor de marketing digital,atrae a tu cliente,consultoria marketing,500,100–1.000,alta
Growth y marketing,Consultoría de marketing digital,Consultor de marketing digital,atrae a tu cliente,consultoria transformacion digital,500,100–1.000,alta
Growth y marketing,Consultoría de marketing digital,Consultor de marketing digital,atrae a tu cliente,consultorias marketing digital,500,100–1.000,media
Growth y marketing,Consultoría de marketing digital,Consultor de marketing digital,atrae a tu cliente,consultoría de marketing,500,100–1.000,media
Growth y marketing,Consultoría de marketing digital,Consultor de marketing digital,atrae a tu cliente,consultoría de marketing digital,500,100–1.000,media
Growth y marketing,Consultoría de marketing digital,Consultor de marketing digital,atrae a tu cliente,consultoría posicionamiento web,500,100–1.000,media
Growth y marketing,Consultoría de marketing digital,Consultor de marketing digital,atrae a tu cliente,estratega digital,500,100–1.000,media
Growth y marketing,Consultoría de marketing digital,Consultor de marketing digital,atrae a tu cliente,agencia consultora de marketing,50,10–100,baja
Growth y marketing,Consultoría de marketing digital,Consultor de marketing digital,atrae a tu cliente,agencia consultora en marketing digital,50,10–100,baja
Growth y marketing,Consultoría de marketing digital,Consultor de marketing digital,atrae a tu cliente,agencia consultoria digital,50,10–100,media
Growth y marketing,Consultoría de marketing digital,Consultor de marketing digital,atrae a tu cliente,asesor de marketing,50,10–100,alta
Growth y marketing,Consultoría de marketing digital,Consultor de marketing digital,atrae a tu cliente,asesor de marketing digital,50,10–100,
Growth y marketing,Consultoría de marketing digital,Consultor de marketing digital,atrae a tu cliente,asesor de marketing que es,50,10–100,media
Growth y marketing,Consultoría de marketing digital,Consultor de marketing digital,atrae a tu cliente,asesor marketing,50,10–100,
Growth y marketing,Consultoría de marketing digital,Consultor de marketing digital,atrae a tu cliente,asesor marketing digital,50,10–100,
Growth y marketing,Consultoría de marketing digital,Consultor de marketing digital,atrae a tu cliente,asesor marketing online,50,10–100,baja
Growth y marketing,Consultoría de marketing digital,Consultor de marketing digital,atrae a tu cliente,asesoria de marketing,50,10–100,media
Growth y marketing,Consultoría de marketing digital,Consultor de marketing digital,atrae a tu cliente,asesoria de marketing digital,50,10–100,baja
Growth y marketing,Consultoría de marketing digital,Consultor de marketing digital,atrae a tu cliente,asesoria de marketing online,50,10–100,baja
Growth y marketing,Consultoría de marketing digital,Consultor de marketing digital,atrae a tu cliente,asesoria en marketing y publicidad,50,10–100,baja
Growth y marketing,Consultoría de marketing digital,Consultor de marketing digital,atrae a tu cliente,asesoria marketing,50,10–100,media
Growth y marketing,Consultoría de marketing digital,Consultor de marketing digital,atrae a tu cliente,asesoria marketing digital,50,10–100,
Growth y marketing,Consultoría de marketing digital,Consultor de marketing digital,atrae a tu cliente,asesoria marketing online,50,10–100,baja
Growth y marketing,Consultoría de marketing digital,Consultor de marketing digital,atrae a tu cliente,asesoría de marketing digital,50,10–100,baja
Growth y marketing,Consultoría de marketing digital,Consultor de marketing digital,atrae a tu cliente,asesoría marketing digital,50,10–100,
Growth y marketing,Consultoría de marketing digital,Consultor de marketing digital,atrae a tu cliente,b2b consultoria,50,10–100,media
Growth y marketing,Consultoría de marketing digital,Consultor de marketing digital,atrae a tu cliente,consultor de estrategia digital,50,10–100,
Growth y marketing,Consultoría de marketing digital,Consultor de marketing digital,atrae a tu cliente,consultor de inbound marketing,50,10–100,
Growth y marketing,Consultoría de marketing digital,Consultor de marketing digital,atrae a tu cliente,consultor de marketing digital que es,50,10–100,media
Growth y marketing,Consultoría de marketing digital,Consultor de marketing digital,atrae a tu cliente,consultor de marketing online,50,10–100,media
Growth y marketing,Consultoría de marketing digital,Consultor de marketing digital,atrae a tu cliente,consultor de marketing y ventas,50,10–100,baja
Growth y marketing,Consultoría de marketing digital,Consultor de marketing digital,atrae a tu cliente,consultor de mercadeo,50,10–100,baja
Growth y marketing,Consultoría de marketing digital,Consultor de marketing digital,atrae a tu cliente,consultor de redes sociales,50,10–100,media
Growth y marketing,Consultoría de marketing digital,Consultor de marketing digital,atrae a tu cliente,consultor de transformación digital,50,10–100,alta
Growth y marketing,Consultoría de marketing digital,Consultor de marketing digital,atrae a tu cliente,consultor en marketing digital internacional,50,10–100,baja
Growth y marketing,Consultoría de marketing digital,Consultor de marketing digital,atrae a tu cliente,consultor en publicidad,50,10–100,baja
Growth y marketing,Consultoría de marketing digital,Consultor de marketing digital,atrae a tu cliente,consultor estrategia digital,50,10–100,media
Growth y marketing,Consultoría de marketing digital,Consultor de marketing digital,atrae a tu cliente,consultor freelance seo,50,10–100,media
Growth y marketing,Consultoría de marketing digital,Consultor de marketing digital,atrae a tu cliente,consultor google adwords,50,10–100,baja
Growth y marketing,Consultoría de marketing digital,Consultor de marketing digital,atrae a tu cliente,consultor inbound marketing,50,10–100,baja
Growth y marketing,Consultoría de marketing digital,Consultor de marketing digital,atrae a tu cliente,consultor instagram ads,50,10–100,baja
Growth y marketing,Consultoría de marketing digital,Consultor de marketing digital,atrae a tu cliente,consultor marketing automation,50,10–100,baja
Growth y marketing,Consultoría de marketing digital,Consultor de marketing digital,atrae a tu cliente,consultor marketing digital freelance,50,10–100,
Growth y marketing,Consultoría de marketing digital,Consultor de marketing digital,atrae a tu cliente,consultor marketing digital internacional,50,10–100,baja
Growth y marketing,Consultoría de marketing digital,Consultor de marketing digital,atrae a tu cliente,consultor marketing freelance,50,10–100,media
Growth y marketing,Consultoría de marketing digital,Consultor de marketing digital,atrae a tu cliente,consultor optimizacion en buscadores,50,10–100,baja
Growth y marketing,Consultoría de marketing digital,Consultor de marketing digital,atrae a tu cliente,consultor publicitario,50,10–100,baja
Growth y marketing,Consultoría de marketing digital,Consultor de marketing digital,atrae a tu cliente,consultor social media,50,10–100,baja
Growth y marketing,Consultoría de marketing digital,Consultor de marketing digital,atrae a tu cliente,consultor web marketing,50,10–100,
Growth y marketing,Consultoría de marketing digital,Consultor de marketing digital,atrae a tu cliente,consultora de marketing online,50,10–100,media
Growth y marketing,Consultoría de marketing digital,Consultor de marketing digital,atrae a tu cliente,consultora de publicidad,50,10–100,baja
Growth y marketing,Consultoría de marketing digital,Consultor de marketing digital,atrae a tu cliente,consultora estrategia digital,50,10–100,media
Growth y marketing,Consultoría de marketing digital,Consultor de marketing digital,atrae a tu cliente,consultora marketing,50,10–100,alta
Growth y marketing,Consultoría de marketing digital,Consultor de marketing digital,atrae a tu cliente,consultora marketing online,50,10–100,
Growth y marketing,Consultoría de marketing digital,Consultor de marketing digital,atrae a tu cliente,consultora social media,50,10–100,baja
Growth y marketing,Consultoría de marketing digital,Consultor de marketing digital,atrae a tu cliente,consultoras marketing,50,10–100,alta
Growth y marketing,Consultoría de marketing digital,Consultor de marketing digital,atrae a tu cliente,consultores & marketing,50,10–100,baja
Growth y marketing,Consultoría de marketing digital,Consultor de marketing digital,atrae a tu cliente,consultores y marketing político,50,10–100,baja
Growth y marketing,Consultoría de marketing digital,Consultor de marketing digital,atrae a tu cliente,consultoria adwords,50,10–100,baja
Growth y marketing,Consultoría de marketing digital,Consultor de marketing digital,atrae a tu cliente,consultoria analitica digital,50,10–100,baja
Growth y marketing,Consultoría de marketing digital,Consultor de marketing digital,atrae a tu cliente,consultoria b2b,50,10–100,alta
Growth y marketing,Consultoría de marketing digital,Consultor de marketing digital,atrae a tu cliente,consultoria comercial y marketing,50,10–100,baja
Growth y marketing,Consultoría de marketing digital,Consultor de marketing digital,atrae a tu cliente,consultoria comunicacion y marketing,50,10–100,baja
Growth y marketing,Consultoría de marketing digital,Consultor de marketing digital,atrae a tu cliente,consultoria de estrategia digital,50,10–100,media
Growth y marketing,Consultoría de marketing digital,Consultor de marketing digital,atrae a tu cliente,consultoria de marketing digital para empresas,50,10–100,alta
Growth y marketing,Consultoría de marketing digital,Consultor de marketing digital,atrae a tu cliente,consultoria de marketing estrategico,50,10–100,
Growth y marketing,Consultoría de marketing digital,Consultor de marketing digital,atrae a tu cliente,consultoria de marketing para pequenas empresas,50,10–100,
Growth y marketing,Consultoría de marketing digital,Consultor de marketing digital,atrae a tu cliente,consultoria de marketing para pymes,50,10–100,media
Growth y marketing,Consultoría de marketing digital,Consultor de marketing digital,atrae a tu cliente,consultoria de marketing pequenas empresas,50,10–100,
Growth y marketing,Consultoría de marketing digital,Consultor de marketing digital,atrae a tu cliente,consultoria de marketing que es,50,10–100,media
Growth y marketing,Consultoría de marketing digital,Consultor de marketing digital,atrae a tu cliente,consultoria de marketing y comunicacion,50,10–100,
Growth y marketing,Consultoría de marketing digital,Consultor de marketing digital,atrae a tu cliente,consultoria de marketing y publicidad,50,10–100,baja
Growth y marketing,Consultoría de marketing digital,Consultor de marketing digital,atrae a tu cliente,consultoria de marketing y ventas,50,10–100,baja
Growth y marketing,Consultoría de marketing digital,Consultor de marketing digital,atrae a tu cliente,consultoria de mercadotecnia,50,10–100,baja
Growth y marketing,Consultoría de marketing digital,Consultor de marketing digital,atrae a tu cliente,consultoria de relaciones publicas,50,10–100,
Growth y marketing,Consultoría de marketing digital,Consultor de marketing digital,atrae a tu cliente,consultoria de transformacion digital,50,10–100,
Growth y marketing,Consultoría de marketing digital,Consultor de marketing digital,atrae a tu cliente,consultoria digital para empresas,50,10–100,alta
Growth y marketing,Consultoría de marketing digital,Consultor de marketing digital,atrae a tu cliente,consultoria digital que es,50,10–100,baja
Growth y marketing,Consultoría de marketing digital,Consultor de marketing digital,atrae a tu cliente,consultoria em marketing digital e seo,50,10–100,baja
Growth y marketing,Consultoría de marketing digital,Consultor de marketing digital,atrae a tu cliente,consultoria en comunicacion digital,50,10–100,baja
Growth y marketing,Consultoría de marketing digital,Consultor de marketing digital,atrae a tu cliente,consultoria en marketing digital,50,10–100,baja
Growth y marketing,Consultoría de marketing digital,Consultor de marketing digital,atrae a tu cliente,consultoria en mercadeo,50,10–100,baja
Growth y marketing,Consultoría de marketing digital,Consultor de marketing digital,atrae a tu cliente,consultoria en transformacion digital,50,10–100,baja
Growth y marketing,Consultoría de marketing digital,Consultor de marketing digital,atrae a tu cliente,consultoria estrategia digital,50,10–100,media
Growth y marketing,Consultoría de marketing digital,Consultor de marketing digital,atrae a tu cliente,consultoria estrategica transformacion digital,50,10–100,alta
Growth y marketing,Consultoría de marketing digital,Consultor de marketing digital,atrae a tu cliente,consultoria estratégica marketing,50,10–100,baja
Growth y marketing,Consultoría de marketing digital,Consultor de marketing digital,atrae a tu cliente,consultoria facebook ads,50,10–100,baja
Growth y marketing,Consultoría de marketing digital,Consultor de marketing digital,atrae a tu cliente,consultoria geomarketing,50,10–100,baja
Growth y marketing,Consultoría de marketing digital,Consultor de marketing digital,atrae a tu cliente,consultoria inbound marketing,50,10–100,baja
Growth y marketing,Consultoría de marketing digital,Consultor de marketing digital,atrae a tu cliente,consultoria marketing b2b,50,10–100,baja
Growth y marketing,Consultoría de marketing digital,Consultor de marketing digital,atrae a tu cliente,consultoria marketing cloud,50,10–100,baja
Growth y marketing,Consultoría de marketing digital,Consultor de marketing digital,atrae a tu cliente,consultoria marketing estrategico,50,10–100,media
Growth y marketing,Consultoría de marketing digital,Consultor de marketing digital,atrae a tu cliente,consultoria marketing pequenas empresas,50,10–100,baja
Growth y marketing,Consultoría de marketing digital,Consultor de marketing digital,atrae a tu cliente,consultoria mercadotecnia,50,10–100,alta
Growth y marketing,Consultoría de marketing digital,Consultor de marketing digital,atrae a tu cliente,consultoria redes sociales,50,10–100,alta
Growth y marketing,Consultoría de marketing digital,Consultor de marketing digital,atrae a tu cliente,consultoria social media,50,10–100,baja
Growth y marketing,Consultoría de marketing digital,Consultor de marketing digital,atrae a tu cliente,consultoria social media online,50,10–100,baja
Growth y marketing,Consultoría de marketing digital,Consultor de marketing digital,atrae a tu cliente,consultoria trade marketing,50,10–100,baja
Growth y marketing,Consultoría de marketing digital,Consultor de marketing digital,atrae a tu cliente,consultoria ventas b2b,50,10–100,
Growth y marketing,Consultoría de marketing digital,Consultor de marketing digital,atrae a tu cliente,consultoría analítica digital,50,10–100,baja
Growth y marketing,Consultoría de marketing digital,Consultor de marketing digital,atrae a tu cliente,consultoría de marketing digital internacional,50,10–100,baja
Growth y marketing,Consultoría de marketing digital,Consultor de marketing digital,atrae a tu cliente,consultoría de marketing estratégico,50,10–100,
Growth y marketing,Consultoría de marketing digital,Consultor de marketing digital,atrae a tu cliente,consultoría en google ads,50,10–100,baja
Growth y marketing,Consultoría de marketing digital,Consultor de marketing digital,atrae a tu cliente,consultoría en marketing y comercialización,50,10–100,baja
Growth y marketing,Consultoría de marketing digital,Consultor de marketing digital,atrae a tu cliente,consultoría en ventas y marketing,50,10–100,baja
Growth y marketing,Consultoría de marketing digital,Consultor de marketing digital,atrae a tu cliente,consultoría estratégica digital,50,10–100,baja
Growth y marketing,Consultoría de marketing digital,Consultor de marketing digital,atrae a tu cliente,consultoría estratégica marketing,50,10–100,baja
Growth y marketing,Consultoría de marketing digital,Consultor de marketing digital,atrae a tu cliente,consultoría marketing cloud,50,10–100,baja
Growth y marketing,Consultoría de marketing digital,Consultor de marketing digital,atrae a tu cliente,consultoría marketing digital,50,10–100,alta
Growth y marketing,Consultoría de marketing digital,Consultor de marketing digital,atrae a tu cliente,consultoría sem,50,10–100,media
Growth y marketing,Consultoría de marketing digital,Consultor de marketing digital,atrae a tu cliente,consultoría seo personalizada,50,10–100,baja
Growth y marketing,Consultoría de marketing digital,Consultor de marketing digital,atrae a tu cliente,contratar consultor de marketing digital,50,10–100,baja
Growth y marketing,Consultoría de marketing digital,Consultor de marketing digital,atrae a tu cliente,empresas de consultoria de marketing,50,10–100,baja
Growth y marketing,Consultoría de marketing digital,Consultor de marketing digital,atrae a tu cliente,empresas de consultoria digital,50,10–100,baja
Growth y marketing,Consultoría de marketing digital,Consultor de marketing digital,atrae a tu cliente,estrategias de consultoria,50,10–100,baja
Growth y marketing,Consultoría de marketing digital,Consultor de marketing digital,atrae a tu cliente,herramienta para hacer una consultoría de palabras clave,50,10–100,baja
Growth y marketing,Consultoría de marketing digital,Consultor de marketing digital,atrae a tu cliente,la consultoria digital,50,10–100,media
Growth y marketing,Consultoría de marketing digital,Consultor de marketing digital,atrae a tu cliente,marketing consultores,50,10–100,media
Growth y marketing,Consultoría de marketing digital,Consultor de marketing digital,atrae a tu cliente,marketing consultoria,50,10–100,baja
Growth y marketing,Consultoría de marketing digital,Consultor de marketing digital,atrae a tu cliente,marketing digital para consultores,50,10–100,
Growth y marketing,Consultoría de marketing digital,Consultor de marketing digital,atrae a tu cliente,marketing para consultoras,50,10–100,media
Growth y marketing,Consultoría de marketing digital,Consultor de marketing digital,atrae a tu cliente,marketing para consultores,50,10–100,media
Growth y marketing,Consultoría de marketing digital,Consultor de marketing digital,atrae a tu cliente,marketing para empresas de consultoria,50,10–100,alta
Growth y marketing,Consultoría de marketing digital,Consultor de marketing digital,atrae a tu cliente,mejor consultor en social media,50,10–100,baja
Growth y marketing,Consultoría de marketing digital,Consultor de marketing digital,atrae a tu cliente,mejor consultor social media,50,10–100,baja
Growth y marketing,Consultoría de marketing digital,Consultor de marketing digital,atrae a tu cliente,negocio de consultoría en marketing digital,50,10–100,baja
Growth y marketing,Consultoría de marketing digital,Consultor de marketing digital,atrae a tu cliente,plan de marketing consultoria,50,10–100,
Growth y marketing,Consultoría de marketing digital,Consultor de marketing digital,atrae a tu cliente,precio consultoria marketing,50,10–100,baja
Growth y marketing,Consultoría de marketing digital,Consultor de marketing digital,atrae a tu cliente,servicios de consultoria de marketing,50,10–100,baja
Growth y marketing,Consultoría de marketing digital,Consultor de marketing digital,atrae a tu cliente,servicios de consultoria marketing,50,10–100,baja
Growth y marketing,Consultoría de marketing digital,Consultor de marketing digital,atrae a tu cliente,servicios de consultoría marketing,50,10–100,baja
Growth y marketing,Consultoría de marketing digital,Consultor de marketing digital,atrae a tu cliente,servicios que ofrece una consultora de marketing,50,10–100,baja
Growth y marketing,Growth,CMO fraccional y director de marketing externo,servicio,fractional cmo,500,100–1.000,media
Growth y marketing,Growth,CMO fraccional y director de marketing externo,servicio,director de marketing externo,50,10–100,media
Growth y marketing,Growth,CMO fraccional y director de marketing externo,servicio,head of growth,50,10–100,media
Growth y marketing,Growth,CMO fraccional y director de marketing externo,servicio,head of growth que es,50,10–100,media
Growth y marketing,Growth,CMO fraccional y director de marketing externo,servicio,cmo externo,0,<10,baja
Growth y marketing,Growth,Growth marketing y growth hacking,servicio,estrategia de crecimiento,500,100–1.000,media
Growth y marketing,Growth,Growth marketing y growth hacking,servicio,growth hacking,500,100–1.000,alta
Growth y marketing,Growth,Growth marketing y growth hacking,servicio,growth marketing,500,100–1.000,alta
Growth y marketing,Growth,Growth marketing y growth hacking,servicio,consultor growth,50,10–100,
Growth y marketing,Growth,Growth marketing y growth hacking,servicio,consultor growth marketing,50,10–100,baja
Growth y marketing,Growth,Growth marketing y growth hacking,servicio,consultoria growth hacking,50,10–100,media
Growth y marketing,Growth,Growth marketing y growth hacking,servicio,crecimiento estrategico,50,10–100,media
Growth y marketing,Growth,Growth marketing y growth hacking,servicio,crecimiento organico e inorganico empresarial,50,10–100,baja
Growth y marketing,Growth,Growth marketing y growth hacking,servicio,cuáles son las estrategias de crecimiento,50,10–100,baja
Growth y marketing,Growth,Growth marketing y growth hacking,servicio,ejemplo de estrategia de crecimiento,50,10–100,baja
Growth y marketing,Growth,Growth marketing y growth hacking,servicio,ejemplo de growth hacking,50,10–100,baja
Growth y marketing,Growth,Growth marketing y growth hacking,servicio,ejemplos de estrategias de crecimiento empresarial,50,10–100,baja
Growth y marketing,Growth,Growth marketing y growth hacking,servicio,estrategia corporativa de crecimiento,50,10–100,baja
Growth y marketing,Growth,Growth marketing y growth hacking,servicio,estrategia crecimiento,50,10–100,baja
Growth y marketing,Growth,Growth marketing y growth hacking,servicio,estrategia de crecimiento ansoff,50,10–100,baja
Growth y marketing,Growth,Growth marketing y growth hacking,servicio,estrategia de crecimiento corporativo,50,10–100,media
Growth y marketing,Growth,Growth marketing y growth hacking,servicio,estrategia de crecimiento de ansoff,50,10–100,baja
Growth y marketing,Growth,Growth marketing y growth hacking,servicio,estrategia de crecimiento de mercado,50,10–100,baja
Growth y marketing,Growth,Growth marketing y growth hacking,servicio,estrategia de crecimiento de una empresa,50,10–100,media
Growth y marketing,Growth,Growth marketing y growth hacking,servicio,estrategia de crecimiento desarrollo de mercado,50,10–100,baja
Growth y marketing,Growth,Growth marketing y growth hacking,servicio,estrategia de crecimiento desarrollo de producto,50,10–100,baja
Growth y marketing,Growth,Growth marketing y growth hacking,servicio,estrategia de crecimiento en marketing,50,10–100,baja
Growth y marketing,Growth,Growth marketing y growth hacking,servicio,estrategia de crecimiento intensivo,50,10–100,baja
Growth y marketing,Growth,Growth marketing y growth hacking,servicio,estrategia de crecimiento intensivo ejemplos,50,10–100,baja
Growth y marketing,Growth,Growth marketing y growth hacking,servicio,estrategia de crecimiento interno,50,10–100,baja
Growth y marketing,Growth,Growth marketing y growth hacking,servicio,estrategia de crecimiento marketing,50,10–100,baja
Growth y marketing,Growth,Growth marketing y growth hacking,servicio,estrategia de crecimiento pdf,50,10–100,baja
Growth y marketing,Growth,Growth marketing y growth hacking,servicio,estrategias crecimiento empresarial,50,10–100,media
Growth y marketing,Growth,Growth marketing y growth hacking,servicio,estrategias de crecimiento ansoff ejemplos,50,10–100,baja
Growth y marketing,Growth,Growth marketing y growth hacking,servicio,estrategias de crecimiento comercial,50,10–100,baja
Growth y marketing,Growth,Growth marketing y growth hacking,servicio,estrategias de crecimiento de empresas,50,10–100,baja
Growth y marketing,Growth,Growth marketing y growth hacking,servicio,estrategias de crecimiento de los negocios,50,10–100,baja
Growth y marketing,Growth,Growth marketing y growth hacking,servicio,estrategias de crecimiento de marketing,50,10–100,baja
Growth y marketing,Growth,Growth marketing y growth hacking,servicio,estrategias de crecimiento de un producto,50,10–100,baja
Growth y marketing,Growth,Growth marketing y growth hacking,servicio,estrategias de crecimiento económico,50,10–100,baja
Growth y marketing,Growth,Growth marketing y growth hacking,servicio,estrategias de crecimiento empresarial,50,10–100,alta
Growth y marketing,Growth,Growth marketing y growth hacking,servicio,estrategias de crecimiento empresarial ejemplos,50,10–100,baja
Growth y marketing,Growth,Growth marketing y growth hacking,servicio,estrategias de crecimiento empresarial pdf,50,10–100,baja
Growth y marketing,Growth,Growth marketing y growth hacking,servicio,estrategias de crecimiento en el mercado,50,10–100,baja
Growth y marketing,Growth,Growth marketing y growth hacking,servicio,estrategias de crecimiento en redes sociales,50,10–100,baja
Growth y marketing,Growth,Growth marketing y growth hacking,servicio,estrategias de crecimiento en ventas,50,10–100,baja
Growth y marketing,Growth,Growth marketing y growth hacking,servicio,estrategias de crecimiento externo,50,10–100,baja
Growth y marketing,Growth,Growth marketing y growth hacking,servicio,estrategias de crecimiento interno y externo,50,10–100,media
Growth y marketing,Growth,Growth marketing y growth hacking,servicio,estrategias de crecimiento marketing ejemplos,50,10–100,baja
Growth y marketing,Growth,Growth marketing y growth hacking,servicio,estrategias de crecimiento para una empresa,50,10–100,baja
Growth y marketing,Growth,Growth marketing y growth hacking,servicio,estrategias de crecimiento que es,50,10–100,baja
Growth y marketing,Growth,Growth marketing y growth hacking,servicio,estrategias de crecimiento y desarrollo,50,10–100,baja
Growth y marketing,Growth,Growth marketing y growth hacking,servicio,estrategias de crecimiento y expansión,50,10–100,baja
Growth y marketing,Growth,Growth marketing y growth hacking,servicio,estrategias para crecimiento empresarial,50,10–100,
Growth y marketing,Growth,Growth marketing y growth hacking,servicio,estrategias para el crecimiento empresarial,50,10–100,baja
Growth y marketing,Growth,Growth marketing y growth hacking,servicio,framework growth hacking,50,10–100,baja
Growth y marketing,Growth,Growth marketing y growth hacking,servicio,growth b2b,50,10–100,alta
Growth y marketing,Growth,Growth marketing y growth hacking,servicio,growth empresas,50,10–100,media
Growth y marketing,Growth,Growth marketing y growth hacking,servicio,growth hacking b2b,50,10–100,media
Growth y marketing,Growth,Growth marketing y growth hacking,servicio,growth hacking course opiniones,50,10–100,baja
Growth y marketing,Growth,Growth marketing y growth hacking,servicio,growth hacking marketing,50,10–100,alta
Growth y marketing,Growth,Growth marketing y growth hacking,servicio,growth marketing b2b,50,10–100,baja
Growth y marketing,Growth,Growth marketing y growth hacking,servicio,growth marketing director,50,10–100,media
Growth y marketing,Growth,Growth marketing y growth hacking,servicio,growth marketing ejemplo,50,10–100,
Growth y marketing,Growth,Growth marketing y growth hacking,servicio,growth para empresas,50,10–100,baja
Growth y marketing,Growth,Growth marketing y growth hacking,servicio,marketing & growth,50,10–100,media
Growth y marketing,Growth,Growth marketing y growth hacking,servicio,marketing digital growth,50,10–100,media
Growth y marketing,Growth,Growth marketing y growth hacking,servicio,metodo growth hacking,50,10–100,baja
Growth y marketing,Growth,Growth marketing y growth hacking,servicio,tipos de estrategias de crecimiento,50,10–100,baja
Growth y marketing,Growth,Growth marketing y growth hacking,servicio,tipos de estrategias de crecimiento empresarial,50,10–100,baja
Growth y marketing,Marketing de contenidos e inbound,Inbound y marketing de contenidos,atrae a tu cliente,agencia de inbound marketing,500,100–1.000,media
Growth y marketing,Marketing de contenidos e inbound,Inbound y marketing de contenidos,atrae a tu cliente,agencia de marketing de contenidos,500,100–1.000,media
Growth y marketing,Marketing de contenidos e inbound,Inbound y marketing de contenidos,atrae a tu cliente,agencias de marketing de contenidos,500,100–1.000,media
Growth y marketing,Marketing de contenidos e inbound,Inbound y marketing de contenidos,atrae a tu cliente,agencias inbound marketing,500,100–1.000,alta
Growth y marketing,Marketing de contenidos e inbound,Inbound y marketing de contenidos,atrae a tu cliente,inbound marketing que es,500,100–1.000,media
Growth y marketing,Marketing de contenidos e inbound,Inbound y marketing de contenidos,atrae a tu cliente,inbound marketing qué es,500,100–1.000,media
Growth y marketing,Marketing de contenidos e inbound,Inbound y marketing de contenidos,atrae a tu cliente,inbound que es,500,100–1.000,media
Growth y marketing,Marketing de contenidos e inbound,Inbound y marketing de contenidos,atrae a tu cliente,marketing de contenidos,500,100–1.000,media
Growth y marketing,Marketing de contenidos e inbound,Inbound y marketing de contenidos,atrae a tu cliente,marketing de contenidos que es,500,100–1.000,media
Growth y marketing,Marketing de contenidos e inbound,Inbound y marketing de contenidos,atrae a tu cliente,marketing de contenidos qué es,500,100–1.000,media
Growth y marketing,Marketing de contenidos e inbound,Inbound y marketing de contenidos,atrae a tu cliente,marketing inbound que es,500,100–1.000,media
Growth y marketing,Marketing de contenidos e inbound,Inbound y marketing de contenidos,atrae a tu cliente,que es el inbound marketing,500,100–1.000,media
Growth y marketing,Marketing de contenidos e inbound,Inbound y marketing de contenidos,atrae a tu cliente,que es inbound,500,100–1.000,media
Growth y marketing,Marketing de contenidos e inbound,Inbound y marketing de contenidos,atrae a tu cliente,que es inbound marketing,500,100–1.000,media
Growth y marketing,Marketing de contenidos e inbound,Inbound y marketing de contenidos,atrae a tu cliente,que es marketing inbound,500,100–1.000,media
Growth y marketing,Marketing de contenidos e inbound,Inbound y marketing de contenidos,atrae a tu cliente,que es un inbound,500,100–1.000,media
Growth y marketing,Marketing de contenidos e inbound,Inbound y marketing de contenidos,atrae a tu cliente,agencia de inbound,50,10–100,baja
Growth y marketing,Marketing de contenidos e inbound,Inbound y marketing de contenidos,atrae a tu cliente,agencia de inbound marketing b2b,50,10–100,baja
Growth y marketing,Marketing de contenidos e inbound,Inbound y marketing de contenidos,atrae a tu cliente,agencia de marketing de contenido,50,10–100,alta
Growth y marketing,Marketing de contenidos e inbound,Inbound y marketing de contenidos,atrae a tu cliente,agencia de marketing inbound,50,10–100,baja
Growth y marketing,Marketing de contenidos e inbound,Inbound y marketing de contenidos,atrae a tu cliente,agencia digital inbound marketing,50,10–100,
Growth y marketing,Marketing de contenidos e inbound,Inbound y marketing de contenidos,atrae a tu cliente,agencia inbound,50,10–100,alta
Growth y marketing,Marketing de contenidos e inbound,Inbound y marketing de contenidos,atrae a tu cliente,agencia inbound marketing b2b,50,10–100,media
Growth y marketing,Marketing de contenidos e inbound,Inbound y marketing de contenidos,atrae a tu cliente,agencia marketing inbound,50,10–100,baja
Growth y marketing,Marketing de contenidos e inbound,Inbound y marketing de contenidos,atrae a tu cliente,agencias de marketing de contenido,50,10–100,alta
Growth y marketing,Marketing de contenidos e inbound,Inbound y marketing de contenidos,atrae a tu cliente,campaña de marketing de contenidos,50,10–100,baja
Growth y marketing,Marketing de contenidos e inbound,Inbound y marketing de contenidos,atrae a tu cliente,creación de marketing de contenidos,50,10–100,media
Growth y marketing,Marketing de contenidos e inbound,Inbound y marketing de contenidos,atrae a tu cliente,el inbound marketing es,50,10–100,baja
Growth y marketing,Marketing de contenidos e inbound,Inbound y marketing de contenidos,atrae a tu cliente,el marketing de contenido,50,10–100,baja
Growth y marketing,Marketing de contenidos e inbound,Inbound y marketing de contenidos,atrae a tu cliente,el marketing de contenidos,50,10–100,baja
Growth y marketing,Marketing de contenidos e inbound,Inbound y marketing de contenidos,atrae a tu cliente,el marketing de contenidos es,50,10–100,media
Growth y marketing,Marketing de contenidos e inbound,Inbound y marketing de contenidos,atrae a tu cliente,empresa marketing de contenidos,50,10–100,baja
Growth y marketing,Marketing de contenidos e inbound,Inbound y marketing de contenidos,atrae a tu cliente,empresas de inbound marketing,50,10–100,baja
Growth y marketing,Marketing de contenidos e inbound,Inbound y marketing de contenidos,atrae a tu cliente,empresas inbound marketing,50,10–100,
Growth y marketing,Marketing de contenidos e inbound,Inbound y marketing de contenidos,atrae a tu cliente,empresas que usan inbound marketing,50,10–100,baja
Growth y marketing,Marketing de contenidos e inbound,Inbound y marketing de contenidos,atrae a tu cliente,empresas que utilizan inbound marketing,50,10–100,baja
Growth y marketing,Marketing de contenidos e inbound,Inbound y marketing de contenidos,atrae a tu cliente,empresas que utilizan marketing de contenidos,50,10–100,baja
Growth y marketing,Marketing de contenidos e inbound,Inbound y marketing de contenidos,atrae a tu cliente,en que consiste el marketing de contenidos,50,10–100,baja
Growth y marketing,Marketing de contenidos e inbound,Inbound y marketing de contenidos,atrae a tu cliente,en qué se basa el marketing de contenidos,50,10–100,baja
Growth y marketing,Marketing de contenidos e inbound,Inbound y marketing de contenidos,atrae a tu cliente,estrategia de marketing de contenidos,50,10–100,media
Growth y marketing,Marketing de contenidos e inbound,Inbound y marketing de contenidos,atrae a tu cliente,estrategia inbound,50,10–100,media
Growth y marketing,Marketing de contenidos e inbound,Inbound y marketing de contenidos,atrae a tu cliente,estrategias de inbound marketing,50,10–100,alta
Growth y marketing,Marketing de contenidos e inbound,Inbound y marketing de contenidos,atrae a tu cliente,inbound agencia,50,10–100,baja
Growth y marketing,Marketing de contenidos e inbound,Inbound y marketing de contenidos,atrae a tu cliente,inbound agencia de marketing,50,10–100,baja
Growth y marketing,Marketing de contenidos e inbound,Inbound y marketing de contenidos,atrae a tu cliente,inbound marketing agencia,50,10–100,
Growth y marketing,Marketing de contenidos e inbound,Inbound y marketing de contenidos,atrae a tu cliente,inbound marketing agencia comunicacion,50,10–100,baja
Growth y marketing,Marketing de contenidos e inbound,Inbound y marketing de contenidos,atrae a tu cliente,inbound marketing empresas,50,10–100,
Growth y marketing,Marketing de contenidos e inbound,Inbound y marketing de contenidos,atrae a tu cliente,inbound marketing en redes sociales,50,10–100,baja
Growth y marketing,Marketing de contenidos e inbound,Inbound y marketing de contenidos,atrae a tu cliente,inbound marketing juridico,50,10–100,baja
Growth y marketing,Marketing de contenidos e inbound,Inbound y marketing de contenidos,atrae a tu cliente,inbound marketing para abogados,50,10–100,media
Growth y marketing,Marketing de contenidos e inbound,Inbound y marketing de contenidos,atrae a tu cliente,inbound marketing para ecommerce,50,10–100,baja
Growth y marketing,Marketing de contenidos e inbound,Inbound y marketing de contenidos,atrae a tu cliente,inbound marketing que es y ejemplos,50,10–100,baja
Growth y marketing,Marketing de contenidos e inbound,Inbound y marketing de contenidos,atrae a tu cliente,inbound marketing que es y para que sirve,50,10–100,alta
Growth y marketing,Marketing de contenidos e inbound,Inbound y marketing de contenidos,atrae a tu cliente,inbound y outbound que es,50,10–100,media
Growth y marketing,Marketing de contenidos e inbound,Inbound y marketing de contenidos,atrae a tu cliente,inboundcycle equipo,50,10–100,baja
Growth y marketing,Marketing de contenidos e inbound,Inbound y marketing de contenidos,atrae a tu cliente,inboundcycle sl,50,10–100,media
Growth y marketing,Marketing de contenidos e inbound,Inbound y marketing de contenidos,atrae a tu cliente,marketing de contenido,50,10–100,media
Growth y marketing,Marketing de contenidos e inbound,Inbound y marketing de contenidos,atrae a tu cliente,marketing de contenido en redes sociales,50,10–100,baja
Growth y marketing,Marketing de contenidos e inbound,Inbound y marketing de contenidos,atrae a tu cliente,marketing de contenido pdf,50,10–100,baja
Growth y marketing,Marketing de contenidos e inbound,Inbound y marketing de contenidos,atrae a tu cliente,marketing de contenido que es,50,10–100,media
Growth y marketing,Marketing de contenidos e inbound,Inbound y marketing de contenidos,atrae a tu cliente,marketing de contenidos agencia,50,10–100,baja
Growth y marketing,Marketing de contenidos e inbound,Inbound y marketing de contenidos,atrae a tu cliente,marketing de contenidos b2b,50,10–100,baja
Growth y marketing,Marketing de contenidos e inbound,Inbound y marketing de contenidos,atrae a tu cliente,marketing de contenidos empresas,50,10–100,baja
Growth y marketing,Marketing de contenidos e inbound,Inbound y marketing de contenidos,atrae a tu cliente,marketing de contenidos en redes sociales,50,10–100,media
Growth y marketing,Marketing de contenidos e inbound,Inbound y marketing de contenidos,atrae a tu cliente,marketing de contenidos estrategias para atraer clientes a tu empresa,50,10–100,baja
Growth y marketing,Marketing de contenidos e inbound,Inbound y marketing de contenidos,atrae a tu cliente,marketing de contenidos inmobiliarios,50,10–100,baja
Growth y marketing,Marketing de contenidos e inbound,Inbound y marketing de contenidos,atrae a tu cliente,marketing de contenidos online,50,10–100,baja
Growth y marketing,Marketing de contenidos e inbound,Inbound y marketing de contenidos,atrae a tu cliente,marketing de contenidos para abogados,50,10–100,baja
Growth y marketing,Marketing de contenidos e inbound,Inbound y marketing de contenidos,atrae a tu cliente,marketing de contenidos para inmobiliarias,50,10–100,baja
Growth y marketing,Marketing de contenidos e inbound,Inbound y marketing de contenidos,atrae a tu cliente,marketing de contenidos para redes sociales,50,10–100,baja
Growth y marketing,Marketing de contenidos e inbound,Inbound y marketing de contenidos,atrae a tu cliente,marketing de contenidos para restaurantes,50,10–100,baja
Growth y marketing,Marketing de contenidos e inbound,Inbound y marketing de contenidos,atrae a tu cliente,marketing de contenidos pdf,50,10–100,baja
Growth y marketing,Marketing de contenidos e inbound,Inbound y marketing de contenidos,atrae a tu cliente,marketing de contenidos seo,50,10–100,media
Growth y marketing,Marketing de contenidos e inbound,Inbound y marketing de contenidos,atrae a tu cliente,marketing de contenidos y seo,50,10–100,media
Growth y marketing,Marketing de contenidos e inbound,Inbound y marketing de contenidos,atrae a tu cliente,mejores agencias de inbound marketing,50,10–100,baja
Growth y marketing,Marketing de contenidos e inbound,Inbound y marketing de contenidos,atrae a tu cliente,mejores agencias inbound marketing,50,10–100,baja
Growth y marketing,Marketing de contenidos e inbound,Inbound y marketing de contenidos,atrae a tu cliente,para que sirve el marketing de contenidos,50,10–100,baja
Growth y marketing,Marketing de contenidos e inbound,Inbound y marketing de contenidos,atrae a tu cliente,para qué funciona el marketing de contenidos,50,10–100,baja
Growth y marketing,Marketing de contenidos e inbound,Inbound y marketing de contenidos,atrae a tu cliente,porque es importante el inbound marketing,50,10–100,baja
Growth y marketing,Marketing de contenidos e inbound,Inbound y marketing de contenidos,atrae a tu cliente,porque es importante el marketing de contenidos,50,10–100,baja
Growth y marketing,Marketing de contenidos e inbound,Inbound y marketing de contenidos,atrae a tu cliente,que es el inbound,50,10–100,media
Growth y marketing,Marketing de contenidos e inbound,Inbound y marketing de contenidos,atrae a tu cliente,que es el inbound marketing ejemplos,50,10–100,media
Growth y marketing,Marketing de contenidos e inbound,Inbound y marketing de contenidos,atrae a tu cliente,que es el inbound y outbound marketing,50,10–100,media
Growth y marketing,Marketing de contenidos e inbound,Inbound y marketing de contenidos,atrae a tu cliente,que es el marketing de contenidos pdf,50,10–100,baja
Growth y marketing,Marketing de contenidos e inbound,Inbound y marketing de contenidos,atrae a tu cliente,que es el marketing inbound,50,10–100,media
Growth y marketing,Marketing de contenidos e inbound,Inbound y marketing de contenidos,atrae a tu cliente,que es estrategia de inbound marketing,50,10–100,baja
Growth y marketing,Marketing de contenidos e inbound,Inbound y marketing de contenidos,atrae a tu cliente,que es inbound en marketing,50,10–100,media
Growth y marketing,Marketing de contenidos e inbound,Inbound y marketing de contenidos,atrae a tu cliente,que es inbound marketing ejemplos,50,10–100,baja
Growth y marketing,Marketing de contenidos e inbound,Inbound y marketing de contenidos,atrae a tu cliente,que es inbound marketing y outbound marketing,50,10–100,
Growth y marketing,Marketing de contenidos e inbound,Inbound y marketing de contenidos,atrae a tu cliente,que es inbound y outbound marketing,50,10–100,media
Growth y marketing,Marketing de contenidos e inbound,Inbound y marketing de contenidos,atrae a tu cliente,que es la metodologia inbound,50,10–100,media
Growth y marketing,Marketing de contenidos e inbound,Inbound y marketing de contenidos,atrae a tu cliente,que es marketing de contenidos,50,10–100,media
Growth y marketing,Marketing de contenidos e inbound,Inbound y marketing de contenidos,atrae a tu cliente,que es marketing de contenidos ejemplo,50,10–100,baja
Growth y marketing,Marketing de contenidos e inbound,Inbound y marketing de contenidos,atrae a tu cliente,que es outbound e inbound,50,10–100,media
Growth y marketing,Marketing de contenidos e inbound,Inbound y marketing de contenidos,atrae a tu cliente,que es un inbound marketing,50,10–100,media
Growth y marketing,Marketing de contenidos e inbound,Inbound y marketing de contenidos,atrae a tu cliente,que es un marketing de contenidos,50,10–100,baja
Growth y marketing,Marketing de contenidos e inbound,Inbound y marketing de contenidos,atrae a tu cliente,que es una agencia de inbound marketing,50,10–100,baja
Growth y marketing,Marketing de contenidos e inbound,Inbound y marketing de contenidos,atrae a tu cliente,que es una estrategia inbound,50,10–100,baja
Growth y marketing,Marketing de contenidos e inbound,Inbound y marketing de contenidos,atrae a tu cliente,que es una linea inbound,50,10–100,baja
Growth y marketing,Marketing de contenidos e inbound,Inbound y marketing de contenidos,atrae a tu cliente,que es venta inbound,50,10–100,media
Growth y marketing,Marketing de contenidos e inbound,Inbound y marketing de contenidos,atrae a tu cliente,qué es el inbound y outbound,50,10–100,baja
Growth y marketing,Marketing de contenidos e inbound,Inbound y marketing de contenidos,atrae a tu cliente,qué es el marketing inbound,50,10–100,media
Growth y marketing,Marketing de contenidos e inbound,Inbound y marketing de contenidos,atrae a tu cliente,qué es inbound marketing ejemplos,50,10–100,baja
Growth y marketing,Marketing de contenidos e inbound,Inbound y marketing de contenidos,atrae a tu cliente,seo y marketing de contenidos,50,10–100,media
Growth y marketing,Marketing de contenidos e inbound,Inbound y marketing de contenidos,atrae a tu cliente,servicios de marketing de contenidos,50,10–100,baja
Herramientas SEO,Google Search Console,Search Console,atrae a tu cliente,google search console,50000,10.000–100.000,media
Herramientas SEO,Google Search Console,Search Console,atrae a tu cliente,searchconsole,50000,10.000–100.000,media
Herramientas SEO,Google Search Console,Search Console,atrae a tu cliente,google console search,5000,1.000–10.000,media
Herramientas SEO,Google Search Console,Search Console,atrae a tu cliente,google console web,5000,1.000–10.000,media
Herramientas SEO,Google Search Console,Search Console,atrae a tu cliente,google webmastertool,5000,1.000–10.000,media
Herramientas SEO,Google Search Console,Search Console,atrae a tu cliente,webmaster console google,5000,1.000–10.000,media
Herramientas SEO,Google Search Console,Search Console,atrae a tu cliente,webmaster google console,5000,1.000–10.000,media
Herramientas SEO,Google Search Console,Search Console,atrae a tu cliente,webmastertools,5000,1.000–10.000,media
Herramientas SEO,Google Search Console,Search Console,atrae a tu cliente,consola google,500,100–1.000,media
Herramientas SEO,Google Search Console,Search Console,atrae a tu cliente,google consola,500,100–1.000,media
Herramientas SEO,Google Search Console,Search Console,atrae a tu cliente,google search console para que sirve,500,100–1.000,media
Herramientas SEO,Google Search Console,Search Console,atrae a tu cliente,que es google search console,500,100–1.000,media
Herramientas SEO,Google Search Console,Search Console,atrae a tu cliente,search console de google,500,100–1.000,media
Herramientas SEO,Google Search Console,Search Console,atrae a tu cliente,webmaster tools google,500,100–1.000,media
Herramientas SEO,Google Search Console,Search Console,atrae a tu cliente,alta en google search console,50,10–100,media
Herramientas SEO,Google Search Console,Search Console,atrae a tu cliente,api google search console,50,10–100,media
Herramientas SEO,Google Search Console,Search Console,atrae a tu cliente,api search console,50,10–100,media
Herramientas SEO,Google Search Console,Search Console,atrae a tu cliente,bing console search,50,10–100,media
Herramientas SEO,Google Search Console,Search Console,atrae a tu cliente,bing console webmaster,50,10–100,media
Herramientas SEO,Google Search Console,Search Console,atrae a tu cliente,configurar google search console,50,10–100,media
Herramientas SEO,Google Search Console,Search Console,atrae a tu cliente,consola de busqueda,50,10–100,baja
Herramientas SEO,Google Search Console,Search Console,atrae a tu cliente,consola de busqueda de google,50,10–100,media
Herramientas SEO,Google Search Console,Search Console,atrae a tu cliente,consola de búsqueda de google,50,10–100,media
Herramientas SEO,Google Search Console,Search Console,atrae a tu cliente,consola google search,50,10–100,media
Herramientas SEO,Google Search Console,Search Console,atrae a tu cliente,consola webmaster,50,10–100,baja
Herramientas SEO,Google Search Console,Search Console,atrae a tu cliente,consola webmaster google,50,10–100,baja
Herramientas SEO,Google Search Console,Search Console,atrae a tu cliente,console de google,50,10–100,media
Herramientas SEO,Google Search Console,Search Console,atrae a tu cliente,console google seo,50,10–100,media
Herramientas SEO,Google Search Console,Search Console,atrae a tu cliente,console google site,50,10–100,media
Herramientas SEO,Google Search Console,Search Console,atrae a tu cliente,console google web,50,10–100,media
Herramientas SEO,Google Search Console,Search Console,atrae a tu cliente,console web google,50,10–100,media
Herramientas SEO,Google Search Console,Search Console,atrae a tu cliente,console webmaster,50,10–100,media
Herramientas SEO,Google Search Console,Search Console,atrae a tu cliente,console webmaster google,50,10–100,baja
Herramientas SEO,Google Search Console,Search Console,atrae a tu cliente,crear cuenta google search console,50,10–100,media
Herramientas SEO,Google Search Console,Search Console,atrae a tu cliente,código de verificación de google search console,50,10–100,media
Herramientas SEO,Google Search Console,Search Console,atrae a tu cliente,google analytics y search console,50,10–100,media
Herramientas SEO,Google Search Console,Search Console,atrae a tu cliente,google console que es,50,10–100,media
Herramientas SEO,Google Search Console,Search Console,atrae a tu cliente,google en search console,50,10–100,baja
Herramientas SEO,Google Search Console,Search Console,atrae a tu cliente,google herramientas para webmasters,50,10–100,media
Herramientas SEO,Google Search Console,Search Console,atrae a tu cliente,google search console como funciona,50,10–100,alta
Herramientas SEO,Google Search Console,Search Console,atrae a tu cliente,google search console como usar,50,10–100,media
Herramientas SEO,Google Search Console,Search Console,atrae a tu cliente,google search console en wordpress,50,10–100,baja
Herramientas SEO,Google Search Console,Search Console,atrae a tu cliente,google search console facebook,50,10–100,baja
Herramientas SEO,Google Search Console,Search Console,atrae a tu cliente,google search console fr,50,10–100,media
Herramientas SEO,Google Search Console,Search Console,atrae a tu cliente,google search console que es,50,10–100,media
Herramientas SEO,Google Search Console,Search Console,atrae a tu cliente,google search console que es y para que sirve,50,10–100,alta
Herramientas SEO,Google Search Console,Search Console,atrae a tu cliente,google search console seo,50,10–100,media
Herramientas SEO,Google Search Console,Search Console,atrae a tu cliente,google search console y analytics,50,10–100,media
Herramientas SEO,Google Search Console,Search Console,atrae a tu cliente,google search console yoast seo,50,10–100,baja
Herramientas SEO,Google Search Console,Search Console,atrae a tu cliente,google search consoleç,50,10–100,media
Herramientas SEO,Google Search Console,Search Console,atrae a tu cliente,google seo search console,50,10–100,baja
Herramientas SEO,Google Search Console,Search Console,atrae a tu cliente,google webmaster tools para que sirve,50,10–100,baja
Herramientas SEO,Google Search Console,Search Console,atrae a tu cliente,google ™ search console,50,10–100,media
Herramientas SEO,Google Search Console,Search Console,atrae a tu cliente,herramientas webmaster bing,50,10–100,media
Herramientas SEO,Google Search Console,Search Console,atrae a tu cliente,instalar google search console,50,10–100,media
Herramientas SEO,Google Search Console,Search Console,atrae a tu cliente,ir a google search console,50,10–100,baja
Herramientas SEO,Google Search Console,Search Console,atrae a tu cliente,para que es google search console,50,10–100,media
Herramientas SEO,Google Search Console,Search Console,atrae a tu cliente,para que sirve google search console,50,10–100,media
Herramientas SEO,Google Search Console,Search Console,atrae a tu cliente,para que sirve search console,50,10–100,media
Herramientas SEO,Google Search Console,Search Console,atrae a tu cliente,posicion media google search console,50,10–100,media
Herramientas SEO,Google Search Console,Search Console,atrae a tu cliente,que es el google search console,50,10–100,alta
Herramientas SEO,Google Search Console,Search Console,atrae a tu cliente,que hace google search console,50,10–100,media
Herramientas SEO,Google Search Console,Search Console,atrae a tu cliente,que son las impresiones en google search console,50,10–100,media
Herramientas SEO,Google Search Console,Search Console,atrae a tu cliente,search console analytics,50,10–100,media
Herramientas SEO,Google Search Console,Search Console,atrae a tu cliente,search console bing,50,10–100,media
Herramientas SEO,Google Search Console,Search Console,atrae a tu cliente,search console como usar,50,10–100,baja
Herramientas SEO,Google Search Console,Search Console,atrae a tu cliente,search console google que es,50,10–100,media
Herramientas SEO,Google Search Console,Search Console,atrae a tu cliente,search console para que sirve,50,10–100,media
Herramientas SEO,Google Search Console,Search Console,atrae a tu cliente,search console que es,50,10–100,media
Herramientas SEO,Google Search Console,Search Console,atrae a tu cliente,search console wordpress,50,10–100,baja
Herramientas SEO,Google Search Console,Search Console,atrae a tu cliente,search console yoast seo,50,10–100,baja
Herramientas SEO,Google Search Console,Search Console,atrae a tu cliente,search consoleç,50,10–100,media
Herramientas SEO,Google Search Console,Search Console,atrae a tu cliente,seo search console,50,10–100,media
Herramientas SEO,Google Search Console,Search Console,atrae a tu cliente,verificar google search console wordpress,50,10–100,media
Herramientas SEO,Google Search Console,Search Console,atrae a tu cliente,webmaster tools de google,50,10–100,media
Herramientas SEO,Google Search Console,Search Console,atrae a tu cliente,webmasters de google,50,10–100,media
Herramientas SEO,Google Search Console,Search Console,atrae a tu cliente,webmastertool,50,10–100,media
Herramientas SEO,Google Search Console,Search Console,atrae a tu cliente,webmastertool google,50,10–100,baja
Herramientas SEO,Google Search Console,Search Console,atrae a tu cliente,wix verificación search console,50,10–100,baja
Herramientas SEO,Google Search Console,Search Console,atrae a tu cliente,errores search console,0,<10,baja
Herramientas SEO,Herramientas de pago,"Semrush, Ahrefs, Sistrix, Screaming Frog…",fuera de foco,semrush,50000,10.000–100.000,alta
Herramientas SEO,Herramientas de pago,"Semrush, Ahrefs, Sistrix, Screaming Frog…",fuera de foco,ahre fs,5000,1.000–10.000,media
Herramientas SEO,Herramientas de pago,"Semrush, Ahrefs, Sistrix, Screaming Frog…",fuera de foco,ahrefs,5000,1.000–10.000,media
Herramientas SEO,Herramientas de pago,"Semrush, Ahrefs, Sistrix, Screaming Frog…",fuera de foco,screaming frog,5000,1.000–10.000,media
Herramientas SEO,Herramientas de pago,"Semrush, Ahrefs, Sistrix, Screaming Frog…",fuera de foco,sistrix,5000,1.000–10.000,alta
Herramientas SEO,Herramientas de pago,"Semrush, Ahrefs, Sistrix, Screaming Frog…",fuera de foco,api semrush,500,100–1.000,alta
Herramientas SEO,Herramientas de pago,"Semrush, Ahrefs, Sistrix, Screaming Frog…",fuera de foco,es semrush,500,100–1.000,media
Herramientas SEO,Herramientas de pago,"Semrush, Ahrefs, Sistrix, Screaming Frog…",fuera de foco,metricspot,500,100–1.000,alta
Herramientas SEO,Herramientas de pago,"Semrush, Ahrefs, Sistrix, Screaming Frog…",fuera de foco,screaming frog seo spider,500,100–1.000,media
Herramientas SEO,Herramientas de pago,"Semrush, Ahrefs, Sistrix, Screaming Frog…",fuera de foco,sem rush que es,500,100–1.000,media
Herramientas SEO,Herramientas de pago,"Semrush, Ahrefs, Sistrix, Screaming Frog…",fuera de foco,semrush gratis,500,100–1.000,alta
Herramientas SEO,Herramientas de pago,"Semrush, Ahrefs, Sistrix, Screaming Frog…",fuera de foco,semrush precios,500,100–1.000,alta
Herramientas SEO,Herramientas de pago,"Semrush, Ahrefs, Sistrix, Screaming Frog…",fuera de foco,semrush que es,500,100–1.000,media
Herramientas SEO,Herramientas de pago,"Semrush, Ahrefs, Sistrix, Screaming Frog…",fuera de foco,ahrefs buscador,50,10–100,baja
Herramientas SEO,Herramientas de pago,"Semrush, Ahrefs, Sistrix, Screaming Frog…",fuera de foco,ahrefs datastudio,50,10–100,baja
Herramientas SEO,Herramientas de pago,"Semrush, Ahrefs, Sistrix, Screaming Frog…",fuera de foco,ahrefs gratis,50,10–100,media
Herramientas SEO,Herramientas de pago,"Semrush, Ahrefs, Sistrix, Screaming Frog…",fuera de foco,ahrefs palabras clave,50,10–100,media
Herramientas SEO,Herramientas de pago,"Semrush, Ahrefs, Sistrix, Screaming Frog…",fuera de foco,ahrefs para que sirve,50,10–100,media
Herramientas SEO,Herramientas de pago,"Semrush, Ahrefs, Sistrix, Screaming Frog…",fuera de foco,ahrefs precio,50,10–100,media
Herramientas SEO,Herramientas de pago,"Semrush, Ahrefs, Sistrix, Screaming Frog…",fuera de foco,ahrefs que es,50,10–100,media
Herramientas SEO,Herramientas de pago,"Semrush, Ahrefs, Sistrix, Screaming Frog…",fuera de foco,alternativas a semrush gratis,50,10–100,
Herramientas SEO,Herramientas de pago,"Semrush, Ahrefs, Sistrix, Screaming Frog…",fuera de foco,alternativas gratuitas a semrush,50,10–100,media
Herramientas SEO,Herramientas de pago,"Semrush, Ahrefs, Sistrix, Screaming Frog…",fuera de foco,answerthepublic que es,50,10–100,media
Herramientas SEO,Herramientas de pago,"Semrush, Ahrefs, Sistrix, Screaming Frog…",fuera de foco,análisis seo y evaluación de sitios web de woorank,50,10–100,baja
Herramientas SEO,Herramientas de pago,"Semrush, Ahrefs, Sistrix, Screaming Frog…",fuera de foco,auditoria seo semrush,50,10–100,baja
Herramientas SEO,Herramientas de pago,"Semrush, Ahrefs, Sistrix, Screaming Frog…",fuera de foco,autoridad de dominio moz,50,10–100,media
Herramientas SEO,Herramientas de pago,"Semrush, Ahrefs, Sistrix, Screaming Frog…",fuera de foco,backlink checker seobility,50,10–100,media
Herramientas SEO,Herramientas de pago,"Semrush, Ahrefs, Sistrix, Screaming Frog…",fuera de foco,buzzsumo para que sirve,50,10–100,media
Herramientas SEO,Herramientas de pago,"Semrush, Ahrefs, Sistrix, Screaming Frog…",fuera de foco,buzzsumo que es,50,10–100,media
Herramientas SEO,Herramientas de pago,"Semrush, Ahrefs, Sistrix, Screaming Frog…",fuera de foco,certificado semrush,50,10–100,media
Herramientas SEO,Herramientas de pago,"Semrush, Ahrefs, Sistrix, Screaming Frog…",fuera de foco,comprar screaming frog,50,10–100,baja
Herramientas SEO,Herramientas de pago,"Semrush, Ahrefs, Sistrix, Screaming Frog…",fuera de foco,cuanto cuesta semrush,50,10–100,media
Herramientas SEO,Herramientas de pago,"Semrush, Ahrefs, Sistrix, Screaming Frog…",fuera de foco,data studio semrush,50,10–100,baja
Herramientas SEO,Herramientas de pago,"Semrush, Ahrefs, Sistrix, Screaming Frog…",fuera de foco,desventajas de semrush,50,10–100,baja
Herramientas SEO,Herramientas de pago,"Semrush, Ahrefs, Sistrix, Screaming Frog…",fuera de foco,enlaces ahrefs,50,10–100,media
Herramientas SEO,Herramientas de pago,"Semrush, Ahrefs, Sistrix, Screaming Frog…",fuera de foco,es semrush com,50,10–100,alta
Herramientas SEO,Herramientas de pago,"Semrush, Ahrefs, Sistrix, Screaming Frog…",fuera de foco,extension chrome keyword surfer,50,10–100,media
Herramientas SEO,Herramientas de pago,"Semrush, Ahrefs, Sistrix, Screaming Frog…",fuera de foco,extension keyword surfer,50,10–100,media
Herramientas SEO,Herramientas de pago,"Semrush, Ahrefs, Sistrix, Screaming Frog…",fuera de foco,extension mozbar,50,10–100,baja
Herramientas SEO,Herramientas de pago,"Semrush, Ahrefs, Sistrix, Screaming Frog…",fuera de foco,extension seo minion,50,10–100,media
Herramientas SEO,Herramientas de pago,"Semrush, Ahrefs, Sistrix, Screaming Frog…",fuera de foco,extension seoquake,50,10–100,media
Herramientas SEO,Herramientas de pago,"Semrush, Ahrefs, Sistrix, Screaming Frog…",fuera de foco,extension woorank,50,10–100,baja
Herramientas SEO,Herramientas de pago,"Semrush, Ahrefs, Sistrix, Screaming Frog…",fuera de foco,extension woorank chrome,50,10–100,baja
Herramientas SEO,Herramientas de pago,"Semrush, Ahrefs, Sistrix, Screaming Frog…",fuera de foco,extensión seoquake para chrome,50,10–100,baja
Herramientas SEO,Herramientas de pago,"Semrush, Ahrefs, Sistrix, Screaming Frog…",fuera de foco,frog seo spider,50,10–100,media
Herramientas SEO,Herramientas de pago,"Semrush, Ahrefs, Sistrix, Screaming Frog…",fuera de foco,frog seo spider tool,50,10–100,media
Herramientas SEO,Herramientas de pago,"Semrush, Ahrefs, Sistrix, Screaming Frog…",fuera de foco,google ahrefs,50,10–100,media
Herramientas SEO,Herramientas de pago,"Semrush, Ahrefs, Sistrix, Screaming Frog…",fuera de foco,google semrush,50,10–100,alta
Herramientas SEO,Herramientas de pago,"Semrush, Ahrefs, Sistrix, Screaming Frog…",fuera de foco,guia semrush,50,10–100,baja
Herramientas SEO,Herramientas de pago,"Semrush, Ahrefs, Sistrix, Screaming Frog…",fuera de foco,herramienta ahrefs,50,10–100,baja
Herramientas SEO,Herramientas de pago,"Semrush, Ahrefs, Sistrix, Screaming Frog…",fuera de foco,herramienta answer the public,50,10–100,baja
Herramientas SEO,Herramientas de pago,"Semrush, Ahrefs, Sistrix, Screaming Frog…",fuera de foco,herramienta moz,50,10–100,baja
Herramientas SEO,Herramientas de pago,"Semrush, Ahrefs, Sistrix, Screaming Frog…",fuera de foco,herramienta semrush,50,10–100,media
Herramientas SEO,Herramientas de pago,"Semrush, Ahrefs, Sistrix, Screaming Frog…",fuera de foco,herramientas similares a semrush,50,10–100,
Herramientas SEO,Herramientas de pago,"Semrush, Ahrefs, Sistrix, Screaming Frog…",fuera de foco,keyword magic tool de semrush,50,10–100,media
Herramientas SEO,Herramientas de pago,"Semrush, Ahrefs, Sistrix, Screaming Frog…",fuera de foco,keyword surfer google,50,10–100,media
Herramientas SEO,Herramientas de pago,"Semrush, Ahrefs, Sistrix, Screaming Frog…",fuera de foco,keyword surfer google chrome,50,10–100,baja
Herramientas SEO,Herramientas de pago,"Semrush, Ahrefs, Sistrix, Screaming Frog…",fuera de foco,kompyte semrush,50,10–100,
Herramientas SEO,Herramientas de pago,"Semrush, Ahrefs, Sistrix, Screaming Frog…",fuera de foco,like semrush,50,10–100,baja
Herramientas SEO,Herramientas de pago,"Semrush, Ahrefs, Sistrix, Screaming Frog…",fuera de foco,majestic semrush,50,10–100,baja
Herramientas SEO,Herramientas de pago,"Semrush, Ahrefs, Sistrix, Screaming Frog…",fuera de foco,majestic seo gratis,50,10–100,baja
Herramientas SEO,Herramientas de pago,"Semrush, Ahrefs, Sistrix, Screaming Frog…",fuera de foco,mangools para que sirve,50,10–100,baja
Herramientas SEO,Herramientas de pago,"Semrush, Ahrefs, Sistrix, Screaming Frog…",fuera de foco,mangools que es,50,10–100,baja
Herramientas SEO,Herramientas de pago,"Semrush, Ahrefs, Sistrix, Screaming Frog…",fuera de foco,meta seo inspector,50,10–100,media
Herramientas SEO,Herramientas de pago,"Semrush, Ahrefs, Sistrix, Screaming Frog…",fuera de foco,meta seo inspector chrome,50,10–100,baja
Herramientas SEO,Herramientas de pago,"Semrush, Ahrefs, Sistrix, Screaming Frog…",fuera de foco,meta seo inspector google chrome,50,10–100,baja
Herramientas SEO,Herramientas de pago,"Semrush, Ahrefs, Sistrix, Screaming Frog…",fuera de foco,moz autoridad de dominio,50,10–100,media
Herramientas SEO,Herramientas de pago,"Semrush, Ahrefs, Sistrix, Screaming Frog…",fuera de foco,moz herramienta,50,10–100,media
Herramientas SEO,Herramientas de pago,"Semrush, Ahrefs, Sistrix, Screaming Frog…",fuera de foco,moz para que sirve,50,10–100,baja
Herramientas SEO,Herramientas de pago,"Semrush, Ahrefs, Sistrix, Screaming Frog…",fuera de foco,moz que es,50,10–100,media
Herramientas SEO,Herramientas de pago,"Semrush, Ahrefs, Sistrix, Screaming Frog…",fuera de foco,mozbar que es,50,10–100,media
Herramientas SEO,Herramientas de pago,"Semrush, Ahrefs, Sistrix, Screaming Frog…",fuera de foco,paginas similares a semrush,50,10–100,baja
Herramientas SEO,Herramientas de pago,"Semrush, Ahrefs, Sistrix, Screaming Frog…",fuera de foco,palabras clave semrush,50,10–100,baja
Herramientas SEO,Herramientas de pago,"Semrush, Ahrefs, Sistrix, Screaming Frog…",fuera de foco,para que sirve ahrefs,50,10–100,media
Herramientas SEO,Herramientas de pago,"Semrush, Ahrefs, Sistrix, Screaming Frog…",fuera de foco,para que sirve buzzsumo,50,10–100,baja
Herramientas SEO,Herramientas de pago,"Semrush, Ahrefs, Sistrix, Screaming Frog…",fuera de foco,para que sirve moz,50,10–100,baja
Herramientas SEO,Herramientas de pago,"Semrush, Ahrefs, Sistrix, Screaming Frog…",fuera de foco,para que sirve screaming frog,50,10–100,media
Herramientas SEO,Herramientas de pago,"Semrush, Ahrefs, Sistrix, Screaming Frog…",fuera de foco,para que sirve woorank,50,10–100,baja
Herramientas SEO,Herramientas de pago,"Semrush, Ahrefs, Sistrix, Screaming Frog…",fuera de foco,planes semrush,50,10–100,media
Herramientas SEO,Herramientas de pago,"Semrush, Ahrefs, Sistrix, Screaming Frog…",fuera de foco,precio ahrefs,50,10–100,media
Herramientas SEO,Herramientas de pago,"Semrush, Ahrefs, Sistrix, Screaming Frog…",fuera de foco,precio semrush,50,10–100,alta
Herramientas SEO,Herramientas de pago,"Semrush, Ahrefs, Sistrix, Screaming Frog…",fuera de foco,precio sistrix,50,10–100,baja
Herramientas SEO,Herramientas de pago,"Semrush, Ahrefs, Sistrix, Screaming Frog…",fuera de foco,precios screaming frog,50,10–100,media
Herramientas SEO,Herramientas de pago,"Semrush, Ahrefs, Sistrix, Screaming Frog…",fuera de foco,que datos se pueden ver en semrush,50,10–100,baja
Herramientas SEO,Herramientas de pago,"Semrush, Ahrefs, Sistrix, Screaming Frog…",fuera de foco,que es ahrefs,50,10–100,media
Herramientas SEO,Herramientas de pago,"Semrush, Ahrefs, Sistrix, Screaming Frog…",fuera de foco,que es buzzsumo,50,10–100,media
Herramientas SEO,Herramientas de pago,"Semrush, Ahrefs, Sistrix, Screaming Frog…",fuera de foco,que es el semrush,50,10–100,
Herramientas SEO,Herramientas de pago,"Semrush, Ahrefs, Sistrix, Screaming Frog…",fuera de foco,que es mangools,50,10–100,media
Herramientas SEO,Herramientas de pago,"Semrush, Ahrefs, Sistrix, Screaming Frog…",fuera de foco,que es moz,50,10–100,media
Herramientas SEO,Herramientas de pago,"Semrush, Ahrefs, Sistrix, Screaming Frog…",fuera de foco,que es screaming frog,50,10–100,media
Herramientas SEO,Herramientas de pago,"Semrush, Ahrefs, Sistrix, Screaming Frog…",fuera de foco,que es sem rush,50,10–100,media
Herramientas SEO,Herramientas de pago,"Semrush, Ahrefs, Sistrix, Screaming Frog…",fuera de foco,que es semrush,50,10–100,media
Herramientas SEO,Herramientas de pago,"Semrush, Ahrefs, Sistrix, Screaming Frog…",fuera de foco,que es semrush y para que sirve,50,10–100,media
Herramientas SEO,Herramientas de pago,"Semrush, Ahrefs, Sistrix, Screaming Frog…",fuera de foco,que es seomoz,50,10–100,baja
Herramientas SEO,Herramientas de pago,"Semrush, Ahrefs, Sistrix, Screaming Frog…",fuera de foco,que es sistrix,50,10–100,media
Herramientas SEO,Herramientas de pago,"Semrush, Ahrefs, Sistrix, Screaming Frog…",fuera de foco,que es woorank,50,10–100,baja
Herramientas SEO,Herramientas de pago,"Semrush, Ahrefs, Sistrix, Screaming Frog…",fuera de foco,que hace semrush,50,10–100,media
Herramientas SEO,Herramientas de pago,"Semrush, Ahrefs, Sistrix, Screaming Frog…",fuera de foco,qué es semrush,50,10–100,media
Herramientas SEO,Herramientas de pago,"Semrush, Ahrefs, Sistrix, Screaming Frog…",fuera de foco,ranking semrush,50,10–100,media
Herramientas SEO,Herramientas de pago,"Semrush, Ahrefs, Sistrix, Screaming Frog…",fuera de foco,screamfrog,50,10–100,media
Herramientas SEO,Herramientas de pago,"Semrush, Ahrefs, Sistrix, Screaming Frog…",fuera de foco,screaming frog para que sirve,50,10–100,media
Herramientas SEO,Herramientas de pago,"Semrush, Ahrefs, Sistrix, Screaming Frog…",fuera de foco,screaming frog precio,50,10–100,media
Herramientas SEO,Herramientas de pago,"Semrush, Ahrefs, Sistrix, Screaming Frog…",fuera de foco,screaming frog que es,50,10–100,media
Herramientas SEO,Herramientas de pago,"Semrush, Ahrefs, Sistrix, Screaming Frog…",fuera de foco,screaming frog seo,50,10–100,media
Herramientas SEO,Herramientas de pago,"Semrush, Ahrefs, Sistrix, Screaming Frog…",fuera de foco,screaming frog seo spider full,50,10–100,media
Herramientas SEO,Herramientas de pago,"Semrush, Ahrefs, Sistrix, Screaming Frog…",fuera de foco,screaming seo,50,10–100,baja
Herramientas SEO,Herramientas de pago,"Semrush, Ahrefs, Sistrix, Screaming Frog…",fuera de foco,se ranking precios,50,10–100,alta
Herramientas SEO,Herramientas de pago,"Semrush, Ahrefs, Sistrix, Screaming Frog…",fuera de foco,semrush ahrefs,50,10–100,alta
Herramientas SEO,Herramientas de pago,"Semrush, Ahrefs, Sistrix, Screaming Frog…",fuera de foco,semrush blog seo,50,10–100,media
Herramientas SEO,Herramientas de pago,"Semrush, Ahrefs, Sistrix, Screaming Frog…",fuera de foco,semrush chrome,50,10–100,baja
Herramientas SEO,Herramientas de pago,"Semrush, Ahrefs, Sistrix, Screaming Frog…",fuera de foco,semrush costos,50,10–100,baja
Herramientas SEO,Herramientas de pago,"Semrush, Ahrefs, Sistrix, Screaming Frog…",fuera de foco,semrush datastudio,50,10–100,media
Herramientas SEO,Herramientas de pago,"Semrush, Ahrefs, Sistrix, Screaming Frog…",fuera de foco,semrush development,50,10–100,media
Herramientas SEO,Herramientas de pago,"Semrush, Ahrefs, Sistrix, Screaming Frog…",fuera de foco,semrush es,50,10–100,baja
Herramientas SEO,Herramientas de pago,"Semrush, Ahrefs, Sistrix, Screaming Frog…",fuera de foco,semrush es gratis,50,10–100,media
Herramientas SEO,Herramientas de pago,"Semrush, Ahrefs, Sistrix, Screaming Frog…",fuera de foco,semrush full,50,10–100,baja
Herramientas SEO,Herramientas de pago,"Semrush, Ahrefs, Sistrix, Screaming Frog…",fuera de foco,semrush keyword recherche,50,10–100,baja
Herramientas SEO,Herramientas de pago,"Semrush, Ahrefs, Sistrix, Screaming Frog…",fuera de foco,semrush kompyte,50,10–100,baja
Herramientas SEO,Herramientas de pago,"Semrush, Ahrefs, Sistrix, Screaming Frog…",fuera de foco,semrush marketing,50,10–100,
Herramientas SEO,Herramientas de pago,"Semrush, Ahrefs, Sistrix, Screaming Frog…",fuera de foco,semrush online,50,10–100,baja
Herramientas SEO,Herramientas de pago,"Semrush, Ahrefs, Sistrix, Screaming Frog…",fuera de foco,semrush ou ahrefs,50,10–100,baja
Herramientas SEO,Herramientas de pago,"Semrush, Ahrefs, Sistrix, Screaming Frog…",fuera de foco,semrush palabras clave,50,10–100,media
Herramientas SEO,Herramientas de pago,"Semrush, Ahrefs, Sistrix, Screaming Frog…",fuera de foco,semrush para que sirve,50,10–100,media
Herramientas SEO,Herramientas de pago,"Semrush, Ahrefs, Sistrix, Screaming Frog…",fuera de foco,semrush paypal,50,10–100,baja
Herramientas SEO,Herramientas de pago,"Semrush, Ahrefs, Sistrix, Screaming Frog…",fuera de foco,semrush planes,50,10–100,media
Herramientas SEO,Herramientas de pago,"Semrush, Ahrefs, Sistrix, Screaming Frog…",fuera de foco,semrush prueba,50,10–100,
Herramientas SEO,Herramientas de pago,"Semrush, Ahrefs, Sistrix, Screaming Frog…",fuera de foco,semrush que es y para que sirve,50,10–100,media
Herramientas SEO,Herramientas de pago,"Semrush, Ahrefs, Sistrix, Screaming Frog…",fuera de foco,semrush sem,50,10–100,baja
Herramientas SEO,Herramientas de pago,"Semrush, Ahrefs, Sistrix, Screaming Frog…",fuera de foco,semrush sem rush,50,10–100,alta
Herramientas SEO,Herramientas de pago,"Semrush, Ahrefs, Sistrix, Screaming Frog…",fuera de foco,semrush tarifas,50,10–100,media
Herramientas SEO,Herramientas de pago,"Semrush, Ahrefs, Sistrix, Screaming Frog…",fuera de foco,semrush version gratuita,50,10–100,alta
Herramientas SEO,Herramientas de pago,"Semrush, Ahrefs, Sistrix, Screaming Frog…",fuera de foco,semrush wordpress,50,10–100,media
Herramientas SEO,Herramientas de pago,"Semrush, Ahrefs, Sistrix, Screaming Frog…",fuera de foco,semrush y moz,50,10–100,baja
Herramientas SEO,Herramientas de pago,"Semrush, Ahrefs, Sistrix, Screaming Frog…",fuera de foco,semrush yandex,50,10–100,media
Herramientas SEO,Herramientas de pago,"Semrush, Ahrefs, Sistrix, Screaming Frog…",fuera de foco,semrush yoast,50,10–100,baja
Herramientas SEO,Herramientas de pago,"Semrush, Ahrefs, Sistrix, Screaming Frog…",fuera de foco,semrushbot,50,10–100,media
Herramientas SEO,Herramientas de pago,"Semrush, Ahrefs, Sistrix, Screaming Frog…",fuera de foco,seo frog,50,10–100,media
Herramientas SEO,Herramientas de pago,"Semrush, Ahrefs, Sistrix, Screaming Frog…",fuera de foco,seo semrush,50,10–100,alta
Herramientas SEO,Herramientas de pago,"Semrush, Ahrefs, Sistrix, Screaming Frog…",fuera de foco,seo toolkit de semrush,50,10–100,baja
Herramientas SEO,Herramientas de pago,"Semrush, Ahrefs, Sistrix, Screaming Frog…",fuera de foco,seomoz que es,50,10–100,baja
Herramientas SEO,Herramientas de pago,"Semrush, Ahrefs, Sistrix, Screaming Frog…",fuera de foco,seoquake para que sirve,50,10–100,baja
Herramientas SEO,Herramientas de pago,"Semrush, Ahrefs, Sistrix, Screaming Frog…",fuera de foco,sistrix com,50,10–100,baja
Herramientas SEO,Herramientas de pago,"Semrush, Ahrefs, Sistrix, Screaming Frog…",fuera de foco,sistrix es,50,10–100,media
Herramientas SEO,Herramientas de pago,"Semrush, Ahrefs, Sistrix, Screaming Frog…",fuera de foco,sistrix gratis,50,10–100,alta
Herramientas SEO,Herramientas de pago,"Semrush, Ahrefs, Sistrix, Screaming Frog…",fuera de foco,sistrix precios,50,10–100,alta
Herramientas SEO,Herramientas de pago,"Semrush, Ahrefs, Sistrix, Screaming Frog…",fuera de foco,sistrix que es,50,10–100,media
Herramientas SEO,Herramientas de pago,"Semrush, Ahrefs, Sistrix, Screaming Frog…",fuera de foco,sistrix trial,50,10–100,
Herramientas SEO,Herramientas de pago,"Semrush, Ahrefs, Sistrix, Screaming Frog…",fuera de foco,soovle palabras clave,50,10–100,baja
Herramientas SEO,Herramientas de pago,"Semrush, Ahrefs, Sistrix, Screaming Frog…",fuera de foco,test ahrefs,50,10–100,baja
Herramientas SEO,Herramientas de pago,"Semrush, Ahrefs, Sistrix, Screaming Frog…",fuera de foco,toolbox sistrix,50,10–100,media
Herramientas SEO,Herramientas de pago,"Semrush, Ahrefs, Sistrix, Screaming Frog…",fuera de foco,ur ahrefs,50,10–100,media
Herramientas SEO,Herramientas de pago,"Semrush, Ahrefs, Sistrix, Screaming Frog…",fuera de foco,wincher seo,50,10–100,media
Herramientas SEO,Herramientas de pago,"Semrush, Ahrefs, Sistrix, Screaming Frog…",fuera de foco,wincher yoast,50,10–100,baja
Herramientas SEO,Herramientas de pago,"Semrush, Ahrefs, Sistrix, Screaming Frog…",fuera de foco,wincher yoast seo,50,10–100,baja
Herramientas SEO,Herramientas de pago,"Semrush, Ahrefs, Sistrix, Screaming Frog…",fuera de foco,woorank extension chrome,50,10–100,baja
Herramientas SEO,Herramientas de pago,"Semrush, Ahrefs, Sistrix, Screaming Frog…",fuera de foco,woorank gratis,50,10–100,alta
Herramientas SEO,Herramientas de pago,"Semrush, Ahrefs, Sistrix, Screaming Frog…",fuera de foco,woorank para que sirve,50,10–100,baja
Herramientas SEO,Herramientas de pago,"Semrush, Ahrefs, Sistrix, Screaming Frog…",fuera de foco,woorank que es,50,10–100,baja
Herramientas SEO,Herramientas de pago,"Semrush, Ahrefs, Sistrix, Screaming Frog…",fuera de foco,yoast semrush,50,10–100,baja
Herramientas SEO,Herramientas de pago,"Semrush, Ahrefs, Sistrix, Screaming Frog…",fuera de foco,yoast wincher,50,10–100,baja
Herramientas SEO,Herramientas y análisis SEO gratis,Analizar el SEO de una web,atrae a tu cliente,seo checker,5000,1.000–10.000,media
Herramientas SEO,Herramientas y análisis SEO gratis,Analizar el SEO de una web,atrae a tu cliente,analisis seo,500,100–1.000,alta
Herramientas SEO,Herramientas y análisis SEO gratis,Analizar el SEO de una web,atrae a tu cliente,analisis seo gratis,500,100–1.000,alta
Herramientas SEO,Herramientas y análisis SEO gratis,Analizar el SEO de una web,atrae a tu cliente,analisis seo online,500,100–1.000,
Herramientas SEO,Herramientas y análisis SEO gratis,Analizar el SEO de una web,atrae a tu cliente,analisis seo web,500,100–1.000,alta
Herramientas SEO,Herramientas y análisis SEO gratis,Analizar el SEO de una web,atrae a tu cliente,analisis web google,500,100–1.000,media
Herramientas SEO,Herramientas y análisis SEO gratis,Analizar el SEO de una web,atrae a tu cliente,analizador seo,500,100–1.000,alta
Herramientas SEO,Herramientas y análisis SEO gratis,Analizar el SEO de una web,atrae a tu cliente,analizar pagina web,500,100–1.000,alta
Herramientas SEO,Herramientas y análisis SEO gratis,Analizar el SEO de una web,atrae a tu cliente,analizar seo web,500,100–1.000,alta
Herramientas SEO,Herramientas y análisis SEO gratis,Analizar el SEO de una web,atrae a tu cliente,análisis seo gratis,500,100–1.000,alta
Herramientas SEO,Herramientas y análisis SEO gratis,Analizar el SEO de una web,atrae a tu cliente,comprobar seo,500,100–1.000,alta
Herramientas SEO,Herramientas y análisis SEO gratis,Analizar el SEO de una web,atrae a tu cliente,comprobar seo web,500,100–1.000,alta
Herramientas SEO,Herramientas y análisis SEO gratis,Analizar el SEO de una web,atrae a tu cliente,contador caracteres seo,500,100–1.000,media
Herramientas SEO,Herramientas y análisis SEO gratis,Analizar el SEO de una web,atrae a tu cliente,contador de caracteres seo,500,100–1.000,media
Herramientas SEO,Herramientas y análisis SEO gratis,Analizar el SEO de una web,atrae a tu cliente,herramientas analisis seo,500,100–1.000,
Herramientas SEO,Herramientas y análisis SEO gratis,Analizar el SEO de una web,atrae a tu cliente,herramientas de seo,500,100–1.000,alta
Herramientas SEO,Herramientas y análisis SEO gratis,Analizar el SEO de una web,atrae a tu cliente,herramientas para seo,500,100–1.000,alta
Herramientas SEO,Herramientas y análisis SEO gratis,Analizar el SEO de una web,atrae a tu cliente,herramientas seo,500,100–1.000,alta
Herramientas SEO,Herramientas y análisis SEO gratis,Analizar el SEO de una web,atrae a tu cliente,herramientas seo gratis,500,100–1.000,
Herramientas SEO,Herramientas y análisis SEO gratis,Analizar el SEO de una web,atrae a tu cliente,herramientas seo top,500,100–1.000,media
Herramientas SEO,Herramientas y análisis SEO gratis,Analizar el SEO de una web,atrae a tu cliente,mejor herramienta seo,500,100–1.000,alta
Herramientas SEO,Herramientas y análisis SEO gratis,Analizar el SEO de una web,atrae a tu cliente,mejores herramientas seo,500,100–1.000,alta
Herramientas SEO,Herramientas y análisis SEO gratis,Analizar el SEO de una web,atrae a tu cliente,plataformas seo,500,100–1.000,alta
Herramientas SEO,Herramientas y análisis SEO gratis,Analizar el SEO de una web,atrae a tu cliente,programas seo,500,100–1.000,media
Herramientas SEO,Herramientas y análisis SEO gratis,Analizar el SEO de una web,atrae a tu cliente,seo analisis,500,100–1.000,alta
Herramientas SEO,Herramientas y análisis SEO gratis,Analizar el SEO de una web,atrae a tu cliente,seo check web,500,100–1.000,alta
Herramientas SEO,Herramientas y análisis SEO gratis,Analizar el SEO de una web,atrae a tu cliente,seo herramientas,500,100–1.000,alta
Herramientas SEO,Herramientas y análisis SEO gratis,Analizar el SEO de una web,atrae a tu cliente,seo test,500,100–1.000,media
Herramientas SEO,Herramientas y análisis SEO gratis,Analizar el SEO de una web,atrae a tu cliente,seo tester online,500,100–1.000,alta
Herramientas SEO,Herramientas y análisis SEO gratis,Analizar el SEO de una web,atrae a tu cliente,seo validator online,500,100–1.000,alta
Herramientas SEO,Herramientas y análisis SEO gratis,Analizar el SEO de una web,atrae a tu cliente,ver el posicionamiento de mi web,500,100–1.000,alta
Herramientas SEO,Herramientas y análisis SEO gratis,Analizar el SEO de una web,atrae a tu cliente,ver posicionamiento de mi web,500,100–1.000,alta
Herramientas SEO,Herramientas y análisis SEO gratis,Analizar el SEO de una web,atrae a tu cliente,analisis de pagina web,50,10–100,alta
Herramientas SEO,Herramientas y análisis SEO gratis,Analizar el SEO de una web,atrae a tu cliente,analisis de pagina web google,50,10–100,media
Herramientas SEO,Herramientas y análisis SEO gratis,Analizar el SEO de una web,atrae a tu cliente,analisis de pagina web gratis,50,10–100,alta
Herramientas SEO,Herramientas y análisis SEO gratis,Analizar el SEO de una web,atrae a tu cliente,analisis de pagina web online,50,10–100,
Herramientas SEO,Herramientas y análisis SEO gratis,Analizar el SEO de una web,atrae a tu cliente,analisis de paginas web gratis,50,10–100,alta
Herramientas SEO,Herramientas y análisis SEO gratis,Analizar el SEO de una web,atrae a tu cliente,analisis de posicionamiento web,50,10–100,baja
Herramientas SEO,Herramientas y análisis SEO gratis,Analizar el SEO de una web,atrae a tu cliente,analisis de seo,50,10–100,alta
Herramientas SEO,Herramientas y análisis SEO gratis,Analizar el SEO de una web,atrae a tu cliente,analisis de seo gratis,50,10–100,
Herramientas SEO,Herramientas y análisis SEO gratis,Analizar el SEO de una web,atrae a tu cliente,analisis de web gratis,50,10–100,
Herramientas SEO,Herramientas y análisis SEO gratis,Analizar el SEO de una web,atrae a tu cliente,analisis pagina web,50,10–100,alta
Herramientas SEO,Herramientas y análisis SEO gratis,Analizar el SEO de una web,atrae a tu cliente,analisis pagina web google,50,10–100,baja
Herramientas SEO,Herramientas y análisis SEO gratis,Analizar el SEO de una web,atrae a tu cliente,analisis pagina web gratis,50,10–100,alta
Herramientas SEO,Herramientas y análisis SEO gratis,Analizar el SEO de una web,atrae a tu cliente,analisis posicionamiento seo,50,10–100,media
Herramientas SEO,Herramientas y análisis SEO gratis,Analizar el SEO de una web,atrae a tu cliente,analisis posicionamiento web,50,10–100,alta
Herramientas SEO,Herramientas y análisis SEO gratis,Analizar el SEO de una web,atrae a tu cliente,analisis seo competencia,50,10–100,
Herramientas SEO,Herramientas y análisis SEO gratis,Analizar el SEO de una web,atrae a tu cliente,analisis seo de mi web,50,10–100,
Herramientas SEO,Herramientas y análisis SEO gratis,Analizar el SEO de una web,atrae a tu cliente,analisis seo de una pagina,50,10–100,baja
Herramientas SEO,Herramientas y análisis SEO gratis,Analizar el SEO de una web,atrae a tu cliente,analisis seo de una pagina web,50,10–100,alta
Herramientas SEO,Herramientas y análisis SEO gratis,Analizar el SEO de una web,atrae a tu cliente,analisis seo de una web,50,10–100,alta
Herramientas SEO,Herramientas y análisis SEO gratis,Analizar el SEO de una web,atrae a tu cliente,analisis seo de web,50,10–100,alta
Herramientas SEO,Herramientas y análisis SEO gratis,Analizar el SEO de una web,atrae a tu cliente,analisis seo free,50,10–100,
Herramientas SEO,Herramientas y análisis SEO gratis,Analizar el SEO de una web,atrae a tu cliente,analisis seo gratis online,50,10–100,alta
Herramientas SEO,Herramientas y análisis SEO gratis,Analizar el SEO de una web,atrae a tu cliente,analisis seo gratuito,50,10–100,alta
Herramientas SEO,Herramientas y análisis SEO gratis,Analizar el SEO de una web,atrae a tu cliente,analisis seo on page,50,10–100,
Herramientas SEO,Herramientas y análisis SEO gratis,Analizar el SEO de una web,atrae a tu cliente,analisis seo online gratis,50,10–100,alta
Herramientas SEO,Herramientas y análisis SEO gratis,Analizar el SEO de una web,atrae a tu cliente,analisis seo pagina web,50,10–100,
Herramientas SEO,Herramientas y análisis SEO gratis,Analizar el SEO de una web,atrae a tu cliente,analisis seo pagina web gratis,50,10–100,media
Herramientas SEO,Herramientas y análisis SEO gratis,Analizar el SEO de una web,atrae a tu cliente,analisis seo que es,50,10–100,media
Herramientas SEO,Herramientas y análisis SEO gratis,Analizar el SEO de una web,atrae a tu cliente,analisis seo sitio web,50,10–100,
Herramientas SEO,Herramientas y análisis SEO gratis,Analizar el SEO de una web,atrae a tu cliente,analisis seo web online,50,10–100,
Herramientas SEO,Herramientas y análisis SEO gratis,Analizar el SEO de una web,atrae a tu cliente,analisis seo web online gratis,50,10–100,baja
Herramientas SEO,Herramientas y análisis SEO gratis,Analizar el SEO de una web,atrae a tu cliente,analisis serp,50,10–100,alta
Herramientas SEO,Herramientas y análisis SEO gratis,Analizar el SEO de una web,atrae a tu cliente,analisis web gratis,50,10–100,alta
Herramientas SEO,Herramientas y análisis SEO gratis,Analizar el SEO de una web,atrae a tu cliente,analisis web online gratis,50,10–100,alta
Herramientas SEO,Herramientas y análisis SEO gratis,Analizar el SEO de una web,atrae a tu cliente,analista seo que es,50,10–100,baja
Herramientas SEO,Herramientas y análisis SEO gratis,Analizar el SEO de una web,atrae a tu cliente,analizador de pagina web,50,10–100,alta
Herramientas SEO,Herramientas y análisis SEO gratis,Analizar el SEO de una web,atrae a tu cliente,analizador de paginas web,50,10–100,alta
Herramientas SEO,Herramientas y análisis SEO gratis,Analizar el SEO de una web,atrae a tu cliente,analizador de paginas web google,50,10–100,media
Herramientas SEO,Herramientas y análisis SEO gratis,Analizar el SEO de una web,atrae a tu cliente,analizador de paginas web gratis,50,10–100,
Herramientas SEO,Herramientas y análisis SEO gratis,Analizar el SEO de una web,atrae a tu cliente,analizador de seo,50,10–100,alta
Herramientas SEO,Herramientas y análisis SEO gratis,Analizar el SEO de una web,atrae a tu cliente,analizador de sitio web,50,10–100,alta
Herramientas SEO,Herramientas y análisis SEO gratis,Analizar el SEO de una web,atrae a tu cliente,analizador de sitios web,50,10–100,alta
Herramientas SEO,Herramientas y análisis SEO gratis,Analizar el SEO de una web,atrae a tu cliente,analizador de sitios web google,50,10–100,baja
Herramientas SEO,Herramientas y análisis SEO gratis,Analizar el SEO de una web,atrae a tu cliente,analizador paginas web,50,10–100,
Herramientas SEO,Herramientas y análisis SEO gratis,Analizar el SEO de una web,atrae a tu cliente,analizador seo gratis,50,10–100,
Herramientas SEO,Herramientas y análisis SEO gratis,Analizar el SEO de una web,atrae a tu cliente,analizador seo online,50,10–100,
Herramientas SEO,Herramientas y análisis SEO gratis,Analizar el SEO de una web,atrae a tu cliente,analizador seo web,50,10–100,baja
Herramientas SEO,Herramientas y análisis SEO gratis,Analizar el SEO de una web,atrae a tu cliente,analizador seo web online,50,10–100,
Herramientas SEO,Herramientas y análisis SEO gratis,Analizar el SEO de una web,atrae a tu cliente,analizar el seo de una web,50,10–100,
Herramientas SEO,Herramientas y análisis SEO gratis,Analizar el SEO de una web,atrae a tu cliente,analizar mi web online,50,10–100,baja
Herramientas SEO,Herramientas y análisis SEO gratis,Analizar el SEO de una web,atrae a tu cliente,analizar pagina,50,10–100,alta
Herramientas SEO,Herramientas y análisis SEO gratis,Analizar el SEO de una web,atrae a tu cliente,analizar pagina web google,50,10–100,baja
Herramientas SEO,Herramientas y análisis SEO gratis,Analizar el SEO de una web,atrae a tu cliente,analizar pagina web gratis,50,10–100,media
Herramientas SEO,Herramientas y análisis SEO gratis,Analizar el SEO de una web,atrae a tu cliente,analizar pagina web online,50,10–100,media
Herramientas SEO,Herramientas y análisis SEO gratis,Analizar el SEO de una web,atrae a tu cliente,analizar paginas web online,50,10–100,media
Herramientas SEO,Herramientas y análisis SEO gratis,Analizar el SEO de una web,atrae a tu cliente,analizar posicionamiento web,50,10–100,alta
Herramientas SEO,Herramientas y análisis SEO gratis,Analizar el SEO de una web,atrae a tu cliente,analizar seo,50,10–100,
Herramientas SEO,Herramientas y análisis SEO gratis,Analizar el SEO de una web,atrae a tu cliente,analizar seo de mi web,50,10–100,alta
Herramientas SEO,Herramientas y análisis SEO gratis,Analizar el SEO de una web,atrae a tu cliente,analizar seo de una web,50,10–100,
Herramientas SEO,Herramientas y análisis SEO gratis,Analizar el SEO de una web,atrae a tu cliente,analizar seo de una web gratis,50,10–100,
Herramientas SEO,Herramientas y análisis SEO gratis,Analizar el SEO de una web,atrae a tu cliente,analizar seo gratis,50,10–100,alta
Herramientas SEO,Herramientas y análisis SEO gratis,Analizar el SEO de una web,atrae a tu cliente,analizar seo online,50,10–100,media
Herramientas SEO,Herramientas y análisis SEO gratis,Analizar el SEO de una web,atrae a tu cliente,analizar seo online gratis,50,10–100,alta
Herramientas SEO,Herramientas y análisis SEO gratis,Analizar el SEO de una web,atrae a tu cliente,analizar seo pagina web,50,10–100,alta
Herramientas SEO,Herramientas y análisis SEO gratis,Analizar el SEO de una web,atrae a tu cliente,analizar seo web gratis,50,10–100,
Herramientas SEO,Herramientas y análisis SEO gratis,Analizar el SEO de una web,atrae a tu cliente,analizar seo web online,50,10–100,baja
Herramientas SEO,Herramientas y análisis SEO gratis,Analizar el SEO de una web,atrae a tu cliente,analizar sitio web,50,10–100,alta
Herramientas SEO,Herramientas y análisis SEO gratis,Analizar el SEO de una web,atrae a tu cliente,analizar sitio web google,50,10–100,baja
Herramientas SEO,Herramientas y análisis SEO gratis,Analizar el SEO de una web,atrae a tu cliente,analizar sitio web gratis,50,10–100,
Herramientas SEO,Herramientas y análisis SEO gratis,Analizar el SEO de una web,atrae a tu cliente,analizar sitio web online,50,10–100,
Herramientas SEO,Herramientas y análisis SEO gratis,Analizar el SEO de una web,atrae a tu cliente,analizar trafico de una web,50,10–100,alta
Herramientas SEO,Herramientas y análisis SEO gratis,Analizar el SEO de una web,atrae a tu cliente,analizar web gratis,50,10–100,alta
Herramientas SEO,Herramientas y análisis SEO gratis,Analizar el SEO de una web,atrae a tu cliente,analizar web seo online,50,10–100,alta
Herramientas SEO,Herramientas y análisis SEO gratis,Analizar el SEO de una web,atrae a tu cliente,análisis de páginas web,50,10–100,
Herramientas SEO,Herramientas y análisis SEO gratis,Analizar el SEO de una web,atrae a tu cliente,análisis de sitio web gratis,50,10–100,baja
Herramientas SEO,Herramientas y análisis SEO gratis,Analizar el SEO de una web,atrae a tu cliente,análisis página web gratis,50,10–100,alta
Herramientas SEO,Herramientas y análisis SEO gratis,Analizar el SEO de una web,atrae a tu cliente,análisis seo google,50,10–100,
Herramientas SEO,Herramientas y análisis SEO gratis,Analizar el SEO de una web,atrae a tu cliente,análisis seo web gratis,50,10–100,alta
Herramientas SEO,Herramientas y análisis SEO gratis,Analizar el SEO de una web,atrae a tu cliente,aplicacion seo,50,10–100,alta
Herramientas SEO,Herramientas y análisis SEO gratis,Analizar el SEO de una web,atrae a tu cliente,app para seo,50,10–100,baja
Herramientas SEO,Herramientas y análisis SEO gratis,Analizar el SEO de una web,atrae a tu cliente,chrome plugin seo,50,10–100,media
Herramientas SEO,Herramientas y análisis SEO gratis,Analizar el SEO de una web,atrae a tu cliente,comprobar posicion en google,50,10–100,
Herramientas SEO,Herramientas y análisis SEO gratis,Analizar el SEO de una web,atrae a tu cliente,comprobar posicionamiento seo,50,10–100,
Herramientas SEO,Herramientas y análisis SEO gratis,Analizar el SEO de una web,atrae a tu cliente,comprobar posicionamiento web,50,10–100,alta
Herramientas SEO,Herramientas y análisis SEO gratis,Analizar el SEO de una web,atrae a tu cliente,comprobar seo de mi web,50,10–100,
Herramientas SEO,Herramientas y análisis SEO gratis,Analizar el SEO de una web,atrae a tu cliente,comprobar seo de una pagina,50,10–100,alta
Herramientas SEO,Herramientas y análisis SEO gratis,Analizar el SEO de una web,atrae a tu cliente,comprobar seo de una web,50,10–100,alta
Herramientas SEO,Herramientas y análisis SEO gratis,Analizar el SEO de una web,atrae a tu cliente,comprobar seo online,50,10–100,
Herramientas SEO,Herramientas y análisis SEO gratis,Analizar el SEO de una web,atrae a tu cliente,comprobar seo pagina web,50,10–100,baja
Herramientas SEO,Herramientas y análisis SEO gratis,Analizar el SEO de una web,atrae a tu cliente,contador de caracteres para seo,50,10–100,media
Herramientas SEO,Herramientas y análisis SEO gratis,Analizar el SEO de una web,atrae a tu cliente,contador seo,50,10–100,media
Herramientas SEO,Herramientas y análisis SEO gratis,Analizar el SEO de una web,atrae a tu cliente,extension seo chrome,50,10–100,media
Herramientas SEO,Herramientas y análisis SEO gratis,Analizar el SEO de una web,atrae a tu cliente,extension seo google chrome,50,10–100,baja
Herramientas SEO,Herramientas y análisis SEO gratis,Analizar el SEO de una web,atrae a tu cliente,google chrome seo,50,10–100,baja
Herramientas SEO,Herramientas y análisis SEO gratis,Analizar el SEO de una web,atrae a tu cliente,google seo test,50,10–100,media
Herramientas SEO,Herramientas y análisis SEO gratis,Analizar el SEO de una web,atrae a tu cliente,google seo test online,50,10–100,baja
Herramientas SEO,Herramientas y análisis SEO gratis,Analizar el SEO de una web,atrae a tu cliente,herramienta analisis seo,50,10–100,baja
Herramientas SEO,Herramientas y análisis SEO gratis,Analizar el SEO de una web,atrae a tu cliente,herramienta analisis web,50,10–100,alta
Herramientas SEO,Herramientas y análisis SEO gratis,Analizar el SEO de una web,atrae a tu cliente,herramienta de posicionamiento,50,10–100,media
Herramientas SEO,Herramientas y análisis SEO gratis,Analizar el SEO de una web,atrae a tu cliente,herramienta google seo,50,10–100,media
Herramientas SEO,Herramientas y análisis SEO gratis,Analizar el SEO de una web,atrae a tu cliente,herramienta posicionamiento google,50,10–100,baja
Herramientas SEO,Herramientas y análisis SEO gratis,Analizar el SEO de una web,atrae a tu cliente,herramienta seo online,50,10–100,baja
Herramientas SEO,Herramientas y análisis SEO gratis,Analizar el SEO de una web,atrae a tu cliente,herramienta seo que es,50,10–100,media
Herramientas SEO,Herramientas y análisis SEO gratis,Analizar el SEO de una web,atrae a tu cliente,herramientas analisis seo gratis,50,10–100,
Herramientas SEO,Herramientas y análisis SEO gratis,Analizar el SEO de una web,atrae a tu cliente,herramientas analisis web gratis,50,10–100,baja
Herramientas SEO,Herramientas y análisis SEO gratis,Analizar el SEO de una web,atrae a tu cliente,herramientas de analisis de paginas web,50,10–100,baja
Herramientas SEO,Herramientas y análisis SEO gratis,Analizar el SEO de una web,atrae a tu cliente,herramientas de analisis seo,50,10–100,
Herramientas SEO,Herramientas y análisis SEO gratis,Analizar el SEO de una web,atrae a tu cliente,herramientas de analisis seo gratis,50,10–100,
Herramientas SEO,Herramientas y análisis SEO gratis,Analizar el SEO de una web,atrae a tu cliente,herramientas de analisis web,50,10–100,
Herramientas SEO,Herramientas y análisis SEO gratis,Analizar el SEO de una web,atrae a tu cliente,herramientas de análisis de sitios web,50,10–100,baja
Herramientas SEO,Herramientas y análisis SEO gratis,Analizar el SEO de una web,atrae a tu cliente,herramientas de google para paginas web,50,10–100,baja
Herramientas SEO,Herramientas y análisis SEO gratis,Analizar el SEO de una web,atrae a tu cliente,herramientas de google para seo,50,10–100,alta
Herramientas SEO,Herramientas y análisis SEO gratis,Analizar el SEO de una web,atrae a tu cliente,herramientas de la analitica web,50,10–100,baja
Herramientas SEO,Herramientas y análisis SEO gratis,Analizar el SEO de una web,atrae a tu cliente,herramientas de posicionamiento google,50,10–100,baja
Herramientas SEO,Herramientas y análisis SEO gratis,Analizar el SEO de una web,atrae a tu cliente,herramientas de posicionamiento seo,50,10–100,alta
Herramientas SEO,Herramientas y análisis SEO gratis,Analizar el SEO de una web,atrae a tu cliente,herramientas de posicionamiento web,50,10–100,baja
Herramientas SEO,Herramientas y análisis SEO gratis,Analizar el SEO de una web,atrae a tu cliente,herramientas de seo gratuitas,50,10–100,
Herramientas SEO,Herramientas y análisis SEO gratis,Analizar el SEO de una web,atrae a tu cliente,herramientas del seo,50,10–100,baja
Herramientas SEO,Herramientas y análisis SEO gratis,Analizar el SEO de una web,atrae a tu cliente,herramientas google para seo,50,10–100,baja
Herramientas SEO,Herramientas y análisis SEO gratis,Analizar el SEO de una web,atrae a tu cliente,herramientas gratuitas de seo,50,10–100,
Herramientas SEO,Herramientas y análisis SEO gratis,Analizar el SEO de una web,atrae a tu cliente,herramientas gratuitas para seo,50,10–100,
Herramientas SEO,Herramientas y análisis SEO gratis,Analizar el SEO de una web,atrae a tu cliente,herramientas para analisis seo,50,10–100,baja
Herramientas SEO,Herramientas y análisis SEO gratis,Analizar el SEO de una web,atrae a tu cliente,herramientas para analizar paginas web,50,10–100,baja
Herramientas SEO,Herramientas y análisis SEO gratis,Analizar el SEO de una web,atrae a tu cliente,herramientas para analizar páginas web,50,10–100,baja
Herramientas SEO,Herramientas y análisis SEO gratis,Analizar el SEO de una web,atrae a tu cliente,herramientas para analizar sitios web,50,10–100,alta
Herramientas SEO,Herramientas y análisis SEO gratis,Analizar el SEO de una web,atrae a tu cliente,herramientas para el seo,50,10–100,baja
Herramientas SEO,Herramientas y análisis SEO gratis,Analizar el SEO de una web,atrae a tu cliente,herramientas para hacer seo,50,10–100,baja
Herramientas SEO,Herramientas y análisis SEO gratis,Analizar el SEO de una web,atrae a tu cliente,herramientas para medir seo,50,10–100,
Herramientas SEO,Herramientas y análisis SEO gratis,Analizar el SEO de una web,atrae a tu cliente,herramientas para mejorar el seo,50,10–100,baja
Herramientas SEO,Herramientas y análisis SEO gratis,Analizar el SEO de una web,atrae a tu cliente,herramientas para posicionamiento seo,50,10–100,media
Herramientas SEO,Herramientas y análisis SEO gratis,Analizar el SEO de una web,atrae a tu cliente,herramientas para posicionamiento web,50,10–100,baja
Herramientas SEO,Herramientas y análisis SEO gratis,Analizar el SEO de una web,atrae a tu cliente,herramientas para seo gratis,50,10–100,alta
Herramientas SEO,Herramientas y análisis SEO gratis,Analizar el SEO de una web,atrae a tu cliente,herramientas posicionamiento,50,10–100,baja
Herramientas SEO,Herramientas y análisis SEO gratis,Analizar el SEO de una web,atrae a tu cliente,herramientas posicionamiento seo,50,10–100,
Herramientas SEO,Herramientas y análisis SEO gratis,Analizar el SEO de una web,atrae a tu cliente,herramientas posicionamiento seo gratis,50,10–100,baja
Herramientas SEO,Herramientas y análisis SEO gratis,Analizar el SEO de una web,atrae a tu cliente,herramientas posicionamiento web,50,10–100,baja
Herramientas SEO,Herramientas y análisis SEO gratis,Analizar el SEO de una web,atrae a tu cliente,herramientas seo baratas,50,10–100,baja
Herramientas SEO,Herramientas y análisis SEO gratis,Analizar el SEO de una web,atrae a tu cliente,herramientas seo de google,50,10–100,
Herramientas SEO,Herramientas y análisis SEO gratis,Analizar el SEO de una web,atrae a tu cliente,herramientas seo definicion,50,10–100,baja
Herramientas SEO,Herramientas y análisis SEO gratis,Analizar el SEO de una web,atrae a tu cliente,herramientas seo google,50,10–100,media
Herramientas SEO,Herramientas y análisis SEO gratis,Analizar el SEO de una web,atrae a tu cliente,herramientas seo on page,50,10–100,
Herramientas SEO,Herramientas y análisis SEO gratis,Analizar el SEO de una web,atrae a tu cliente,herramientas seo online,50,10–100,
Herramientas SEO,Herramientas y análisis SEO gratis,Analizar el SEO de una web,atrae a tu cliente,herramientas seo online gratis,50,10–100,baja
Herramientas SEO,Herramientas y análisis SEO gratis,Analizar el SEO de una web,atrae a tu cliente,herramientas seo para que sirve,50,10–100,baja
Herramientas SEO,Herramientas y análisis SEO gratis,Analizar el SEO de una web,atrae a tu cliente,herramientas seo para wordpress,50,10–100,baja
Herramientas SEO,Herramientas y análisis SEO gratis,Analizar el SEO de una web,atrae a tu cliente,herramientas seo que es,50,10–100,media
Herramientas SEO,Herramientas y análisis SEO gratis,Analizar el SEO de una web,atrae a tu cliente,herramientas seo que son,50,10–100,baja
Herramientas SEO,Herramientas y análisis SEO gratis,Analizar el SEO de una web,atrae a tu cliente,herramientas seo wordpress,50,10–100,
Herramientas SEO,Herramientas y análisis SEO gratis,Analizar el SEO de una web,atrae a tu cliente,herramientas top seo,50,10–100,media
Herramientas SEO,Herramientas y análisis SEO gratis,Analizar el SEO de una web,atrae a tu cliente,las mejores herramientas seo,50,10–100,media
Herramientas SEO,Herramientas y análisis SEO gratis,Analizar el SEO de una web,atrae a tu cliente,las mejores herramientas seo de posicionamiento en google,50,10–100,
Herramientas SEO,Herramientas y análisis SEO gratis,Analizar el SEO de una web,atrae a tu cliente,medir el seo de una web,50,10–100,
Herramientas SEO,Herramientas y análisis SEO gratis,Analizar el SEO de una web,atrae a tu cliente,medir posicionamiento seo,50,10–100,baja
Herramientas SEO,Herramientas y análisis SEO gratis,Analizar el SEO de una web,atrae a tu cliente,medir posicionamiento web,50,10–100,alta
Herramientas SEO,Herramientas y análisis SEO gratis,Analizar el SEO de una web,atrae a tu cliente,medir ranking pagina web,50,10–100,baja
Herramientas SEO,Herramientas y análisis SEO gratis,Analizar el SEO de una web,atrae a tu cliente,medir seo,50,10–100,alta
Herramientas SEO,Herramientas y análisis SEO gratis,Analizar el SEO de una web,atrae a tu cliente,medir seo de mi web,50,10–100,alta
Herramientas SEO,Herramientas y análisis SEO gratis,Analizar el SEO de una web,atrae a tu cliente,medir seo pagina web,50,10–100,
Herramientas SEO,Herramientas y análisis SEO gratis,Analizar el SEO de una web,atrae a tu cliente,medir seo web,50,10–100,alta
Herramientas SEO,Herramientas y análisis SEO gratis,Analizar el SEO de una web,atrae a tu cliente,mejorar el posicionamiento de mi web,50,10–100,baja
Herramientas SEO,Herramientas y análisis SEO gratis,Analizar el SEO de una web,atrae a tu cliente,mejores herramientas de seo,50,10–100,media
Herramientas SEO,Herramientas y análisis SEO gratis,Analizar el SEO de una web,atrae a tu cliente,mejores herramientas seo gratis,50,10–100,
Herramientas SEO,Herramientas y análisis SEO gratis,Analizar el SEO de una web,atrae a tu cliente,pagina para analizar paginas web,50,10–100,media
Herramientas SEO,Herramientas y análisis SEO gratis,Analizar el SEO de una web,atrae a tu cliente,paginas para analizar paginas web,50,10–100,media
Herramientas SEO,Herramientas y análisis SEO gratis,Analizar el SEO de una web,atrae a tu cliente,plugin ranking wordpress,50,10–100,baja
Herramientas SEO,Herramientas y análisis SEO gratis,Analizar el SEO de una web,atrae a tu cliente,plugin seo chrome,50,10–100,media
Herramientas SEO,Herramientas y análisis SEO gratis,Analizar el SEO de una web,atrae a tu cliente,plugin seo google chrome,50,10–100,baja
Herramientas SEO,Herramientas y análisis SEO gratis,Analizar el SEO de una web,atrae a tu cliente,posicion seo de mi web,50,10–100,baja
Herramientas SEO,Herramientas y análisis SEO gratis,Analizar el SEO de una web,atrae a tu cliente,posicionamiento de mi web,50,10–100,
Herramientas SEO,Herramientas y análisis SEO gratis,Analizar el SEO de una web,atrae a tu cliente,posicionamiento de mi web en google,50,10–100,baja
Herramientas SEO,Herramientas y análisis SEO gratis,Analizar el SEO de una web,atrae a tu cliente,programacion facil seo y marketing,50,10–100,baja
Herramientas SEO,Herramientas y análisis SEO gratis,Analizar el SEO de una web,atrae a tu cliente,programacion seo,50,10–100,baja
Herramientas SEO,Herramientas y análisis SEO gratis,Analizar el SEO de una web,atrae a tu cliente,programador seo,50,10–100,baja
Herramientas SEO,Herramientas y análisis SEO gratis,Analizar el SEO de una web,atrae a tu cliente,programas de seo,50,10–100,baja
Herramientas SEO,Herramientas y análisis SEO gratis,Analizar el SEO de una web,atrae a tu cliente,programas para seo,50,10–100,baja
Herramientas SEO,Herramientas y análisis SEO gratis,Analizar el SEO de una web,atrae a tu cliente,que es analisis seo,50,10–100,baja
Herramientas SEO,Herramientas y análisis SEO gratis,Analizar el SEO de una web,atrae a tu cliente,que es analista seo,50,10–100,baja
Herramientas SEO,Herramientas y análisis SEO gratis,Analizar el SEO de una web,atrae a tu cliente,que es el analisis seo,50,10–100,
Herramientas SEO,Herramientas y análisis SEO gratis,Analizar el SEO de una web,atrae a tu cliente,que es la herramienta seo,50,10–100,baja
Herramientas SEO,Herramientas y análisis SEO gratis,Analizar el SEO de una web,atrae a tu cliente,que es ranking coach,50,10–100,media
Herramientas SEO,Herramientas y análisis SEO gratis,Analizar el SEO de una web,atrae a tu cliente,que es rankingcoach,50,10–100,media
Herramientas SEO,Herramientas y análisis SEO gratis,Analizar el SEO de una web,atrae a tu cliente,que es seo en programacion,50,10–100,media
Herramientas SEO,Herramientas y análisis SEO gratis,Analizar el SEO de una web,atrae a tu cliente,que es un analisis seo,50,10–100,media
Herramientas SEO,Herramientas y análisis SEO gratis,Analizar el SEO de una web,atrae a tu cliente,que es un analista seo,50,10–100,baja
Herramientas SEO,Herramientas y análisis SEO gratis,Analizar el SEO de una web,atrae a tu cliente,que es una herramienta seo,50,10–100,media
Herramientas SEO,Herramientas y análisis SEO gratis,Analizar el SEO de una web,atrae a tu cliente,que hace un analista seo,50,10–100,baja
Herramientas SEO,Herramientas y análisis SEO gratis,Analizar el SEO de una web,atrae a tu cliente,que son herramientas seo,50,10–100,media
Herramientas SEO,Herramientas y análisis SEO gratis,Analizar el SEO de una web,atrae a tu cliente,qué es rankingcoach,50,10–100,media
Herramientas SEO,Herramientas y análisis SEO gratis,Analizar el SEO de una web,atrae a tu cliente,ranking check seo,50,10–100,
Herramientas SEO,Herramientas y análisis SEO gratis,Analizar el SEO de una web,atrae a tu cliente,ranking de mi pagina web en google,50,10–100,
Herramientas SEO,Herramientas y análisis SEO gratis,Analizar el SEO de una web,atrae a tu cliente,ranking posicionamiento web,50,10–100,baja
Herramientas SEO,Herramientas y análisis SEO gratis,Analizar el SEO de una web,atrae a tu cliente,ranking seo gratis,50,10–100,baja
Herramientas SEO,Herramientas y análisis SEO gratis,Analizar el SEO de una web,atrae a tu cliente,ranking wordpress,50,10–100,baja
Herramientas SEO,Herramientas y análisis SEO gratis,Analizar el SEO de una web,atrae a tu cliente,scan seo website,50,10–100,baja
Herramientas SEO,Herramientas y análisis SEO gratis,Analizar el SEO de una web,atrae a tu cliente,seo analisis online,50,10–100,alta
Herramientas SEO,Herramientas y análisis SEO gratis,Analizar el SEO de una web,atrae a tu cliente,seo contador,50,10–100,baja
Herramientas SEO,Herramientas y análisis SEO gratis,Analizar el SEO de una web,atrae a tu cliente,seo extension chrome,50,10–100,media
Herramientas SEO,Herramientas y análisis SEO gratis,Analizar el SEO de una web,atrae a tu cliente,seo for firefox,50,10–100,baja
Herramientas SEO,Herramientas y análisis SEO gratis,Analizar el SEO de una web,atrae a tu cliente,seo inspector chrome,50,10–100,baja
Herramientas SEO,Herramientas y análisis SEO gratis,Analizar el SEO de una web,atrae a tu cliente,seo meta chrome,50,10–100,baja
Herramientas SEO,Herramientas y análisis SEO gratis,Analizar el SEO de una web,atrae a tu cliente,seo programacion web,50,10–100,
Herramientas SEO,Herramientas y análisis SEO gratis,Analizar el SEO de una web,atrae a tu cliente,seo tekst check,50,10–100,baja
Herramientas SEO,Herramientas y análisis SEO gratis,Analizar el SEO de una web,atrae a tu cliente,seo tester online free,50,10–100,alta
Herramientas SEO,Herramientas y análisis SEO gratis,Analizar el SEO de una web,atrae a tu cliente,seo tester tool,50,10–100,media
Herramientas SEO,Herramientas y análisis SEO gratis,Analizar el SEO de una web,atrae a tu cliente,seo verify,50,10–100,media
Herramientas SEO,Herramientas y análisis SEO gratis,Analizar el SEO de una web,atrae a tu cliente,speedtest internet gratis,50,10–100,media
Herramientas SEO,Herramientas y análisis SEO gratis,Analizar el SEO de una web,atrae a tu cliente,speedtest pagina web,50,10–100,media
Herramientas SEO,Herramientas y análisis SEO gratis,Analizar el SEO de una web,atrae a tu cliente,suite seo tester online,50,10–100,baja
Herramientas SEO,Herramientas y análisis SEO gratis,Analizar el SEO de una web,atrae a tu cliente,surfer extension google chrome,50,10–100,baja
Herramientas SEO,Herramientas y análisis SEO gratis,Analizar el SEO de una web,atrae a tu cliente,test de navegacion,50,10–100,media
Herramientas SEO,Herramientas y análisis SEO gratis,Analizar el SEO de una web,atrae a tu cliente,test de seo,50,10–100,
Herramientas SEO,Herramientas y análisis SEO gratis,Analizar el SEO de una web,atrae a tu cliente,test seo free,50,10–100,
Herramientas SEO,Herramientas y análisis SEO gratis,Analizar el SEO de una web,atrae a tu cliente,test seo online free,50,10–100,alta
Herramientas SEO,Herramientas y análisis SEO gratis,Analizar el SEO de una web,atrae a tu cliente,test seo page,50,10–100,baja
Herramientas SEO,Herramientas y análisis SEO gratis,Analizar el SEO de una web,atrae a tu cliente,test seo page online,50,10–100,baja
Herramientas SEO,Herramientas y análisis SEO gratis,Analizar el SEO de una web,atrae a tu cliente,test seo pagina web,50,10–100,media
Herramientas SEO,Herramientas y análisis SEO gratis,Analizar el SEO de una web,atrae a tu cliente,test seo url,50,10–100,baja
Herramientas SEO,Herramientas y análisis SEO gratis,Analizar el SEO de una web,atrae a tu cliente,test seo web,50,10–100,alta
Herramientas SEO,Herramientas y análisis SEO gratis,Analizar el SEO de una web,atrae a tu cliente,test seo website google,50,10–100,baja
Herramientas SEO,Herramientas y análisis SEO gratis,Analizar el SEO de una web,atrae a tu cliente,ver el seo de una pagina web,50,10–100,baja
Herramientas SEO,Herramientas y análisis SEO gratis,Analizar el SEO de una web,atrae a tu cliente,ver posicionamiento de mi web en google,50,10–100,baja
Herramientas SEO,Herramientas y análisis SEO gratis,Analizar el SEO de una web,atrae a tu cliente,ver posicionamiento de mi web online,50,10–100,baja
Herramientas SEO,Herramientas y análisis SEO gratis,Analizar el SEO de una web,atrae a tu cliente,ver seo pagina web,50,10–100,
Herramientas SEO,Herramientas y análisis SEO gratis,Analizar el SEO de una web,atrae a tu cliente,verificar seo de una web,50,10–100,alta
Herramientas SEO,Herramientas y análisis SEO gratis,Analizar el SEO de una web,atrae a tu cliente,yoast seo chrome,50,10–100,baja
IA y automatización,Automatización con IA,Agentes de IA y automatización,servicio,n8n,50000,10.000–100.000,alta
IA y automatización,Automatización con IA,Agentes de IA y automatización,servicio,agentes de ia,5000,1.000–10.000,alta
IA y automatización,Automatización con IA,Agentes de IA y automatización,servicio,automatizacion con ia,500,100–1.000,
IA y automatización,Automatización con IA,Agentes de IA y automatización,servicio,automatizacion de marketing,500,100–1.000,alta
IA y automatización,Automatización con IA,Agentes de IA y automatización,servicio,automatización de procesos,500,100–1.000,alta
IA y automatización,Automatización con IA,Agentes de IA y automatización,servicio,automatización inteligente,500,100–1.000,alta
IA y automatización,Automatización con IA,Agentes de IA y automatización,servicio,automatizar sistemas,500,100–1.000,media
IA y automatización,Automatización con IA,Agentes de IA y automatización,servicio,chatgpt para empresas,500,100–1.000,alta
IA y automatización,Automatización con IA,Agentes de IA y automatización,servicio,consultoria inteligencia artificial,500,100–1.000,media
IA y automatización,Automatización con IA,Agentes de IA y automatización,servicio,empresa de ia,500,100–1.000,alta
IA y automatización,Automatización con IA,Agentes de IA y automatización,servicio,ia empresas,500,100–1.000,alta
IA y automatización,Automatización con IA,Agentes de IA y automatización,servicio,ia para empresas,500,100–1.000,alta
IA y automatización,Automatización con IA,Agentes de IA y automatización,servicio,inteligencia artificial empresas,500,100–1.000,alta
IA y automatización,Automatización con IA,Agentes de IA y automatización,servicio,inteligencia artificial para empresas,500,100–1.000,alta
IA y automatización,Automatización con IA,Agentes de IA y automatización,servicio,make automatizacion,500,100–1.000,alta
IA y automatización,Automatización con IA,Agentes de IA y automatización,servicio,marketing de automatizacion,500,100–1.000,alta
IA y automatización,Automatización con IA,Agentes de IA y automatización,servicio,n8n io,500,100–1.000,alta
IA y automatización,Automatización con IA,Agentes de IA y automatización,servicio,api n8n,50,10–100,media
IA y automatización,Automatización con IA,Agentes de IA y automatización,servicio,apple inteligencia artificial,50,10–100,media
IA y automatización,Automatización con IA,Agentes de IA y automatización,servicio,automatiza tu negocio,50,10–100,
IA y automatización,Automatización con IA,Agentes de IA y automatización,servicio,automatiza tus procesos,50,10–100,baja
IA y automatización,Automatización con IA,Agentes de IA y automatización,servicio,automatizacion crm,50,10–100,baja
IA y automatización,Automatización con IA,Agentes de IA y automatización,servicio,automatizacion de correo,50,10–100,
IA y automatización,Automatización con IA,Agentes de IA y automatización,servicio,automatizacion de email marketing,50,10–100,alta
IA y automatización,Automatización con IA,Agentes de IA y automatización,servicio,automatizacion de emails,50,10–100,
IA y automatización,Automatización con IA,Agentes de IA y automatización,servicio,automatizacion de marketing digital,50,10–100,baja
IA y automatización,Automatización con IA,Agentes de IA y automatización,servicio,automatizacion de procesos administrativos,50,10–100,alta
IA y automatización,Automatización con IA,Agentes de IA y automatización,servicio,automatizacion de procesos bpm,50,10–100,baja
IA y automatización,Automatización con IA,Agentes de IA y automatización,servicio,automatizacion de procesos contables,50,10–100,
IA y automatización,Automatización con IA,Agentes de IA y automatización,servicio,automatizacion de procesos de manufactura,50,10–100,baja
IA y automatización,Automatización con IA,Agentes de IA y automatización,servicio,automatizacion de procesos empresariales,50,10–100,alta
IA y automatización,Automatización con IA,Agentes de IA y automatización,servicio,automatizacion de procesos financieros,50,10–100,baja
IA y automatización,Automatización con IA,Agentes de IA y automatización,servicio,automatizacion de procesos industria quimica,50,10–100,media
IA y automatización,Automatización con IA,Agentes de IA y automatización,servicio,automatizacion de procesos informaticos,50,10–100,baja
IA y automatización,Automatización con IA,Agentes de IA y automatización,servicio,automatizacion email marketing,50,10–100,media
IA y automatización,Automatización con IA,Agentes de IA y automatización,servicio,automatizacion marketing,50,10–100,
IA y automatización,Automatización con IA,Agentes de IA y automatización,servicio,automatizacion marketing digital,50,10–100,
IA y automatización,Automatización con IA,Agentes de IA y automatización,servicio,automatización de informes,50,10–100,alta
IA y automatización,Automatización con IA,Agentes de IA y automatización,servicio,automatización de inteligencia artificial,50,10–100,baja
IA y automatización,Automatización con IA,Agentes de IA y automatización,servicio,automatización de procesos administrativos,50,10–100,alta
IA y automatización,Automatización con IA,Agentes de IA y automatización,servicio,automatización de procesos contables,50,10–100,
IA y automatización,Automatización con IA,Agentes de IA y automatización,servicio,automatización de procesos de negocio,50,10–100,alta
IA y automatización,Automatización con IA,Agentes de IA y automatización,servicio,automatización de procesos de producción,50,10–100,baja
IA y automatización,Automatización con IA,Agentes de IA y automatización,servicio,automatización de procesos digitales,50,10–100,baja
IA y automatización,Automatización con IA,Agentes de IA y automatización,servicio,automatización de procesos empresariales,50,10–100,alta
IA y automatización,Automatización con IA,Agentes de IA y automatización,servicio,automatización de procesos en una empresa,50,10–100,baja
IA y automatización,Automatización con IA,Agentes de IA y automatización,servicio,automatización de procesos financieros,50,10–100,baja
IA y automatización,Automatización con IA,Agentes de IA y automatización,servicio,automatización de procesos informáticos,50,10–100,baja
IA y automatización,Automatización con IA,Agentes de IA y automatización,servicio,automatización de procesos operativos,50,10–100,baja
IA y automatización,Automatización con IA,Agentes de IA y automatización,servicio,automatización de procesos productivos,50,10–100,
IA y automatización,Automatización con IA,Agentes de IA y automatización,servicio,automatización e inteligencia artificial,50,10–100,alta
IA y automatización,Automatización con IA,Agentes de IA y automatización,servicio,automatización inteligente de procesos,50,10–100,
IA y automatización,Automatización con IA,Agentes de IA y automatización,servicio,automatizar procesos,50,10–100,alta
IA y automatización,Automatización con IA,Agentes de IA y automatización,servicio,automatizar procesos administrativos,50,10–100,
IA y automatización,Automatización con IA,Agentes de IA y automatización,servicio,automatizar procesos de negocio,50,10–100,alta
IA y automatización,Automatización con IA,Agentes de IA y automatización,servicio,automatizar procesos operativos,50,10–100,baja
IA y automatización,Automatización con IA,Agentes de IA y automatización,servicio,bpm automatizacion de procesos,50,10–100,baja
IA y automatización,Automatización con IA,Agentes de IA y automatización,servicio,compañia local seo,50,10–100,baja
IA y automatización,Automatización con IA,Agentes de IA y automatización,servicio,consultoria de inteligencia artificial,50,10–100,alta
IA y automatización,Automatización con IA,Agentes de IA y automatización,servicio,ejemplos de inteligencia artificial en empresas,50,10–100,baja
IA y automatización,Automatización con IA,Agentes de IA y automatización,servicio,ejemplos de inteligencia artificial en las empresas,50,10–100,baja
IA y automatización,Automatización con IA,Agentes de IA y automatización,servicio,empresas de automatizacion de procesos,50,10–100,
IA y automatización,Automatización con IA,Agentes de IA y automatización,servicio,flujos de proceso de negocio power automate,50,10–100,baja
IA y automatización,Automatización con IA,Agentes de IA y automatización,servicio,flujos en power automate,50,10–100,baja
IA y automatización,Automatización con IA,Agentes de IA y automatización,servicio,ia empresarial,50,10–100,
IA y automatización,Automatización con IA,Agentes de IA y automatización,servicio,ia en el marketing,50,10–100,
IA y automatización,Automatización con IA,Agentes de IA y automatización,servicio,ia en empresas,50,10–100,
IA y automatización,Automatización con IA,Agentes de IA y automatización,servicio,ia en las empresas,50,10–100,alta
IA y automatización,Automatización con IA,Agentes de IA y automatización,servicio,ia en los negocios,50,10–100,
IA y automatización,Automatización con IA,Agentes de IA y automatización,servicio,ia para marketing,50,10–100,
IA y automatización,Automatización con IA,Agentes de IA y automatización,servicio,inteligencia artificial ejemplos empresas,50,10–100,baja
IA y automatización,Automatización con IA,Agentes de IA y automatización,servicio,inteligencia artificial empresarial,50,10–100,media
IA y automatización,Automatización con IA,Agentes de IA y automatización,servicio,inteligencia artificial en administración de empresas,50,10–100,baja
IA y automatización,Automatización con IA,Agentes de IA y automatización,servicio,inteligencia artificial en empresas,50,10–100,media
IA y automatización,Automatización con IA,Agentes de IA y automatización,servicio,inteligencia artificial en empresas ejemplos,50,10–100,media
IA y automatización,Automatización con IA,Agentes de IA y automatización,servicio,inteligencia artificial en la empresa,50,10–100,media
IA y automatización,Automatización con IA,Agentes de IA y automatización,servicio,inteligencia artificial en la gestion empresarial,50,10–100,media
IA y automatización,Automatización con IA,Agentes de IA y automatización,servicio,inteligencia artificial en las empresas ejemplos,50,10–100,baja
IA y automatización,Automatización con IA,Agentes de IA y automatización,servicio,inteligencia artificial en los negocios,50,10–100,
IA y automatización,Automatización con IA,Agentes de IA y automatización,servicio,inteligencia artificial en negocios,50,10–100,baja
IA y automatización,Automatización con IA,Agentes de IA y automatización,servicio,inteligencia artificial en una empresa,50,10–100,media
IA y automatización,Automatización con IA,Agentes de IA y automatización,servicio,inteligencia artificial para las empresas,50,10–100,baja
IA y automatización,Automatización con IA,Agentes de IA y automatización,servicio,inteligencia artificial para marketing,50,10–100,
IA y automatización,Automatización con IA,Agentes de IA y automatización,servicio,inteligencia artificial para marketing digital,50,10–100,
IA y automatización,Automatización con IA,Agentes de IA y automatización,servicio,inteligencia artificial para marketing y negocios,50,10–100,baja
IA y automatización,Automatización con IA,Agentes de IA y automatización,servicio,inteligencia empresarial y automatización de procesos,50,10–100,baja
IA y automatización,Automatización con IA,Agentes de IA y automatización,servicio,la inteligencia artificial en las empresas,50,10–100,baja
IA y automatización,Automatización con IA,Agentes de IA y automatización,servicio,las ia mas avanzadas,50,10–100,baja
IA y automatización,Automatización con IA,Agentes de IA y automatización,servicio,n8n excel,50,10–100,media
IA y automatización,Automatización con IA,Agentes de IA y automatización,servicio,n8n grafana,50,10–100,media
IA y automatización,Automatización con IA,Agentes de IA y automatización,servicio,n8n heroku,50,10–100,baja
IA y automatización,Automatización con IA,Agentes de IA y automatización,servicio,n8n home assistant,50,10–100,media
IA y automatización,Automatización con IA,Agentes de IA y automatización,servicio,n8n javascript,50,10–100,media
IA y automatización,Automatización con IA,Agentes de IA y automatización,servicio,n8n ldap,50,10–100,media
IA y automatización,Automatización con IA,Agentes de IA y automatización,servicio,n8n linux,50,10–100,media
IA y automatización,Automatización con IA,Agentes de IA y automatización,servicio,n8n mattermost,50,10–100,baja
IA y automatización,Automatización con IA,Agentes de IA y automatización,servicio,n8n mautic,50,10–100,baja
IA y automatización,Automatización con IA,Agentes de IA y automatización,servicio,n8n mysql,50,10–100,media
IA y automatización,Automatización con IA,Agentes de IA y automatización,servicio,n8n notion,50,10–100,media
IA y automatización,Automatización con IA,Agentes de IA y automatización,servicio,n8n odoo,50,10–100,media
IA y automatización,Automatización con IA,Agentes de IA y automatización,servicio,n8n openai,50,10–100,alta
IA y automatización,Automatización con IA,Agentes de IA y automatización,servicio,n8n seo,50,10–100,alta
IA y automatización,Automatización con IA,Agentes de IA y automatización,servicio,n8n sharepoint,50,10–100,media
IA y automatización,Automatización con IA,Agentes de IA y automatización,servicio,n8n telegram,50,10–100,media
IA y automatización,Automatización con IA,Agentes de IA y automatización,servicio,n8n update,50,10–100,media
IA y automatización,Automatización con IA,Agentes de IA y automatización,servicio,n8n windows,50,10–100,media
IA y automatización,Automatización con IA,Agentes de IA y automatización,servicio,n8n woocommerce,50,10–100,media
IA y automatización,Automatización con IA,Agentes de IA y automatización,servicio,n8n wordpress,50,10–100,media
IA y automatización,Automatización con IA,Agentes de IA y automatización,servicio,n8nio,50,10–100,alta
IA y automatización,Automatización con IA,Agentes de IA y automatización,servicio,principales empresas de inteligencia artificial,50,10–100,alta
IA y automatización,Automatización con IA,Agentes de IA y automatización,servicio,sistema de inteligencia artificial de google,50,10–100,baja
IA y automatización,Automatización con IA,Agentes de IA y automatización,servicio,whatsapp n8n,50,10–100,alta
IA y automatización,Automatización con IA,Agentes de IA y automatización,servicio,zapier n8n,50,10–100,alta
IA y automatización,Automatización con IA,Agentes de IA y automatización,servicio,agentes ia seo,0,<10,baja
IA y automatización,Automatización con IA,Agentes de IA y automatización,servicio,posicionamiento en inteligencia artificial,0,<10,baja
Medición,Analítica y KPIs SEO,"GA4, KPIs e informes",atrae a tu cliente,ga4,5000,1.000–10.000,media
Medición,Analítica y KPIs SEO,"GA4, KPIs e informes",atrae a tu cliente,google analytics 4,5000,1.000–10.000,media
Medición,Analítica y KPIs SEO,"GA4, KPIs e informes",atrae a tu cliente,analytics 4,500,100–1.000,media
Medición,Analítica y KPIs SEO,"GA4, KPIs e informes",atrae a tu cliente,adsense ga4,50,10–100,baja
Medición,Analítica y KPIs SEO,"GA4, KPIs e informes",atrae a tu cliente,amp google analytics 4,50,10–100,baja
Medición,Analítica y KPIs SEO,"GA4, KPIs e informes",atrae a tu cliente,analitica seo,50,10–100,media
Medición,Analítica y KPIs SEO,"GA4, KPIs e informes",atrae a tu cliente,analitica seo gratis,50,10–100,baja
Medición,Analítica y KPIs SEO,"GA4, KPIs e informes",atrae a tu cliente,analytics 4 google,50,10–100,media
Medición,Analítica y KPIs SEO,"GA4, KPIs e informes",atrae a tu cliente,analytics g4,50,10–100,media
Medición,Analítica y KPIs SEO,"GA4, KPIs e informes",atrae a tu cliente,analytics ga4,50,10–100,media
Medición,Analítica y KPIs SEO,"GA4, KPIs e informes",atrae a tu cliente,analytics google 4,50,10–100,media
Medición,Analítica y KPIs SEO,"GA4, KPIs e informes",atrae a tu cliente,analytics ua,50,10–100,media
Medición,Analítica y KPIs SEO,"GA4, KPIs e informes",atrae a tu cliente,analytics v4,50,10–100,baja
Medición,Analítica y KPIs SEO,"GA4, KPIs e informes",atrae a tu cliente,analytics version 4,50,10–100,baja
Medición,Analítica y KPIs SEO,"GA4, KPIs e informes",atrae a tu cliente,api ga4,50,10–100,media
Medición,Analítica y KPIs SEO,"GA4, KPIs e informes",atrae a tu cliente,api google analytics 4,50,10–100,baja
Medición,Analítica y KPIs SEO,"GA4, KPIs e informes",atrae a tu cliente,aumentar trafico organico,50,10–100,baja
Medición,Analítica y KPIs SEO,"GA4, KPIs e informes",atrae a tu cliente,conseguir trafico organico,50,10–100,baja
Medición,Analítica y KPIs SEO,"GA4, KPIs e informes",atrae a tu cliente,cookies ga4,50,10–100,baja
Medición,Analítica y KPIs SEO,"GA4, KPIs e informes",atrae a tu cliente,cross network ga4,50,10–100,media
Medición,Analítica y KPIs SEO,"GA4, KPIs e informes",atrae a tu cliente,cross network google analytics 4,50,10–100,baja
Medición,Analítica y KPIs SEO,"GA4, KPIs e informes",atrae a tu cliente,cuadro de mando seo,50,10–100,baja
Medición,Analítica y KPIs SEO,"GA4, KPIs e informes",atrae a tu cliente,dashboard ga4,50,10–100,media
Medición,Analítica y KPIs SEO,"GA4, KPIs e informes",atrae a tu cliente,data studio ga4,50,10–100,baja
Medición,Analítica y KPIs SEO,"GA4, KPIs e informes",atrae a tu cliente,data studio google analytics 4,50,10–100,baja
Medición,Analítica y KPIs SEO,"GA4, KPIs e informes",atrae a tu cliente,datalayer ga4,50,10–100,media
Medición,Analítica y KPIs SEO,"GA4, KPIs e informes",atrae a tu cliente,datalayer google analytics 4,50,10–100,baja
Medición,Analítica y KPIs SEO,"GA4, KPIs e informes",atrae a tu cliente,ga3 ga4,50,10–100,baja
Medición,Analítica y KPIs SEO,"GA4, KPIs e informes",atrae a tu cliente,ga4 adsense,50,10–100,baja
Medición,Analítica y KPIs SEO,"GA4, KPIs e informes",atrae a tu cliente,ga4 amp,50,10–100,baja
Medición,Analítica y KPIs SEO,"GA4, KPIs e informes",atrae a tu cliente,ga4 datastudio,50,10–100,baja
Medición,Analítica y KPIs SEO,"GA4, KPIs e informes",atrae a tu cliente,ga4 google,50,10–100,media
Medición,Analítica y KPIs SEO,"GA4, KPIs e informes",atrae a tu cliente,ga4 gtag,50,10–100,baja
Medición,Analítica y KPIs SEO,"GA4, KPIs e informes",atrae a tu cliente,ga4 session_start,50,10–100,baja
Medición,Analítica y KPIs SEO,"GA4, KPIs e informes",atrae a tu cliente,ga4 udemy,50,10–100,baja
Medición,Analítica y KPIs SEO,"GA4, KPIs e informes",atrae a tu cliente,ga4 userid,50,10–100,baja
Medición,Analítica y KPIs SEO,"GA4, KPIs e informes",atrae a tu cliente,ga4spy,50,10–100,media
Medición,Analítica y KPIs SEO,"GA4, KPIs e informes",atrae a tu cliente,google analytics 2023,50,10–100,baja
Medición,Analítica y KPIs SEO,"GA4, KPIs e informes",atrae a tu cliente,google analytics 4 mide y vencerás,50,10–100,
Medición,Analítica y KPIs SEO,"GA4, KPIs e informes",atrae a tu cliente,google analytics 4 utm,50,10–100,baja
Medición,Analítica y KPIs SEO,"GA4, KPIs e informes",atrae a tu cliente,google analytics 4.0,50,10–100,baja
Medición,Analítica y KPIs SEO,"GA4, KPIs e informes",atrae a tu cliente,google analytics desaparece,50,10–100,baja
Medición,Analítica y KPIs SEO,"GA4, KPIs e informes",atrae a tu cliente,google analytics no recoge datos,50,10–100,media
Medición,Analítica y KPIs SEO,"GA4, KPIs e informes",atrae a tu cliente,google analytics ua,50,10–100,media
Medición,Analítica y KPIs SEO,"GA4, KPIs e informes",atrae a tu cliente,google analytics universal,50,10–100,media
Medición,Analítica y KPIs SEO,"GA4, KPIs e informes",atrae a tu cliente,google tag manager analytics 4,50,10–100,baja
Medición,Analítica y KPIs SEO,"GA4, KPIs e informes",atrae a tu cliente,google tag manager google analytics 4,50,10–100,baja
Medición,Analítica y KPIs SEO,"GA4, KPIs e informes",atrae a tu cliente,gtag ga4,50,10–100,baja
Medición,Analítica y KPIs SEO,"GA4, KPIs e informes",atrae a tu cliente,items ga4,50,10–100,media
Medición,Analítica y KPIs SEO,"GA4, KPIs e informes",atrae a tu cliente,kpi de seo,50,10–100,baja
Medición,Analítica y KPIs SEO,"GA4, KPIs e informes",atrae a tu cliente,kpi para seo,50,10–100,baja
Medición,Analítica y KPIs SEO,"GA4, KPIs e informes",atrae a tu cliente,kpi seo marketing,50,10–100,baja
Medición,Analítica y KPIs SEO,"GA4, KPIs e informes",atrae a tu cliente,kpis seo,50,10–100,media
Medición,Analítica y KPIs SEO,"GA4, KPIs e informes",atrae a tu cliente,looker studio seo,50,10–100,baja
Medición,Analítica y KPIs SEO,"GA4, KPIs e informes",atrae a tu cliente,marketing digital mobile marketing seo y analítica web,50,10–100,alta
Medición,Analítica y KPIs SEO,"GA4, KPIs e informes",atrae a tu cliente,marketing digital mobile marketing seo y analítica web pdf,50,10–100,baja
Medición,Analítica y KPIs SEO,"GA4, KPIs e informes",atrae a tu cliente,metricas de seo,50,10–100,media
Medición,Analítica y KPIs SEO,"GA4, KPIs e informes",atrae a tu cliente,metricas para seo,50,10–100,baja
Medición,Analítica y KPIs SEO,"GA4, KPIs e informes",atrae a tu cliente,metricas seo,50,10–100,media
Medición,Analítica y KPIs SEO,"GA4, KPIs e informes",atrae a tu cliente,mide y venceras ga4,50,10–100,baja
Medición,Analítica y KPIs SEO,"GA4, KPIs e informes",atrae a tu cliente,nuevo google analytics,50,10–100,media
Medición,Analítica y KPIs SEO,"GA4, KPIs e informes",atrae a tu cliente,organic search google analytics que es,50,10–100,baja
Medición,Analítica y KPIs SEO,"GA4, KPIs e informes",atrae a tu cliente,que es organic search en analytics,50,10–100,media
Medición,Analítica y KPIs SEO,"GA4, KPIs e informes",atrae a tu cliente,que es organic search en google analytics,50,10–100,media
Medición,Analítica y KPIs SEO,"GA4, KPIs e informes",atrae a tu cliente,roi seo,50,10–100,media
Medición,Analítica y KPIs SEO,"GA4, KPIs e informes",atrae a tu cliente,seo data studio,50,10–100,baja
Medición,Analítica y KPIs SEO,"GA4, KPIs e informes",atrae a tu cliente,seo metricas,50,10–100,baja
Medición,Analítica y KPIs SEO,"GA4, KPIs e informes",atrae a tu cliente,seo rapport,50,10–100,baja
Medición,Analítica y KPIs SEO,"GA4, KPIs e informes",atrae a tu cliente,seo reporting,50,10–100,alta
Medición,Analítica y KPIs SEO,"GA4, KPIs e informes",atrae a tu cliente,seo y analítica web,50,10–100,baja
Medición,Analítica y KPIs SEO,"GA4, KPIs e informes",atrae a tu cliente,seo y google analytics,50,10–100,baja
Medición,Analítica y KPIs SEO,"GA4, KPIs e informes",atrae a tu cliente,session_start analytics,50,10–100,baja
Medición,Analítica y KPIs SEO,"GA4, KPIs e informes",atrae a tu cliente,tag ga4,50,10–100,baja
Medición,Analítica y KPIs SEO,"GA4, KPIs e informes",atrae a tu cliente,tag manager analytics 4,50,10–100,baja
Medición,Analítica y KPIs SEO,"GA4, KPIs e informes",atrae a tu cliente,tag manager ga4,50,10–100,media
Medición,Analítica y KPIs SEO,"GA4, KPIs e informes",atrae a tu cliente,tag manager google analytics 4,50,10–100,baja
Medición,Analítica y KPIs SEO,"GA4, KPIs e informes",atrae a tu cliente,trafico directo y organico,50,10–100,baja
Medición,Analítica y KPIs SEO,"GA4, KPIs e informes",atrae a tu cliente,trafico organico,50,10–100,media
Medición,Analítica y KPIs SEO,"GA4, KPIs e informes",atrae a tu cliente,trafico organico google analytics,50,10–100,baja
Medición,Analítica y KPIs SEO,"GA4, KPIs e informes",atrae a tu cliente,trafico organico instagram,50,10–100,baja
Medición,Analítica y KPIs SEO,"GA4, KPIs e informes",atrae a tu cliente,trafico organico marketing,50,10–100,alta
Medición,Analítica y KPIs SEO,"GA4, KPIs e informes",atrae a tu cliente,trafico organico que es,50,10–100,media
Medición,Analítica y KPIs SEO,"GA4, KPIs e informes",atrae a tu cliente,trafico organico seo,50,10–100,baja
Medición,Analítica y KPIs SEO,"GA4, KPIs e informes",atrae a tu cliente,trafico organico web,50,10–100,media
Medición,Analítica y KPIs SEO,"GA4, KPIs e informes",atrae a tu cliente,trafico web organico,50,10–100,
Medición,Analítica y KPIs SEO,"GA4, KPIs e informes",atrae a tu cliente,universal analytics 4,50,10–100,baja
Medición,Analítica y KPIs SEO,"GA4, KPIs e informes",atrae a tu cliente,userid ga4,50,10–100,media
Medición,Analítica y KPIs SEO,"GA4, KPIs e informes",atrae a tu cliente,utm ga4,50,10–100,media
Medición,Analítica y KPIs SEO,"GA4, KPIs e informes",atrae a tu cliente,utm google analytics 4,50,10–100,baja
Medición,Analítica y KPIs SEO,"GA4, KPIs e informes",atrae a tu cliente,atribucion seo,0,<10,baja
SEO técnico,Arquitectura y on-page técnico,Arquitectura web,servicio,arquitectura seo,50,10–100,media
SEO técnico,Arquitectura y on-page técnico,Arquitectura web,servicio,arquitectura seo transaccional,50,10–100,baja
SEO técnico,Arquitectura y on-page técnico,Arquitectura web,servicio,arquitectura web seo,50,10–100,media
SEO técnico,Arquitectura y on-page técnico,Arquitectura web,servicio,que es arquitectura web,50,10–100,media
SEO técnico,Arquitectura y on-page técnico,"Canonical, duplicados y redirecciones",atrae a tu cliente,redireccion 301,500,100–1.000,media
SEO técnico,Arquitectura y on-page técnico,"Canonical, duplicados y redirecciones",atrae a tu cliente,redirecciones,500,100–1.000,media
SEO técnico,Arquitectura y on-page técnico,"Canonical, duplicados y redirecciones",atrae a tu cliente,activar la redirección 301 de htaccess,50,10–100,media
SEO técnico,Arquitectura y on-page técnico,"Canonical, duplicados y redirecciones",atrae a tu cliente,canonical que es,50,10–100,media
SEO técnico,Arquitectura y on-page técnico,"Canonical, duplicados y redirecciones",atrae a tu cliente,canonical url que es,50,10–100,media
SEO técnico,Arquitectura y on-page técnico,"Canonical, duplicados y redirecciones",atrae a tu cliente,canonical yoast seo,50,10–100,media
SEO técnico,Arquitectura y on-page técnico,"Canonical, duplicados y redirecciones",atrae a tu cliente,comprobar contenido duplicado,50,10–100,media
SEO técnico,Arquitectura y on-page técnico,"Canonical, duplicados y redirecciones",atrae a tu cliente,contenido duplicado,50,10–100,media
SEO técnico,Arquitectura y on-page técnico,"Canonical, duplicados y redirecciones",atrae a tu cliente,contenido duplicado google,50,10–100,media
SEO técnico,Arquitectura y on-page técnico,"Canonical, duplicados y redirecciones",atrae a tu cliente,contenido duplicado herramienta,50,10–100,baja
SEO técnico,Arquitectura y on-page técnico,"Canonical, duplicados y redirecciones",atrae a tu cliente,contenido duplicado seo,50,10–100,media
SEO técnico,Arquitectura y on-page técnico,"Canonical, duplicados y redirecciones",atrae a tu cliente,contenido duplicado web,50,10–100,baja
SEO técnico,Arquitectura y on-page técnico,"Canonical, duplicados y redirecciones",atrae a tu cliente,crear redireccion 301 htaccess,50,10–100,baja
SEO técnico,Arquitectura y on-page técnico,"Canonical, duplicados y redirecciones",atrae a tu cliente,crear redireccion htaccess,50,10–100,media
SEO técnico,Arquitectura y on-page técnico,"Canonical, duplicados y redirecciones",atrae a tu cliente,detectar contenido duplicado,50,10–100,media
SEO técnico,Arquitectura y on-page técnico,"Canonical, duplicados y redirecciones",atrae a tu cliente,etiqueta canonical,50,10–100,alta
SEO técnico,Arquitectura y on-page técnico,"Canonical, duplicados y redirecciones",atrae a tu cliente,etiqueta canonical html,50,10–100,baja
SEO técnico,Arquitectura y on-page técnico,"Canonical, duplicados y redirecciones",atrae a tu cliente,etiqueta canonical seo,50,10–100,baja
SEO técnico,Arquitectura y on-page técnico,"Canonical, duplicados y redirecciones",atrae a tu cliente,etiqueta rel canonical,50,10–100,alta
SEO técnico,Arquitectura y on-page técnico,"Canonical, duplicados y redirecciones",atrae a tu cliente,etiquetas canonicas,50,10–100,media
SEO técnico,Arquitectura y on-page técnico,"Canonical, duplicados y redirecciones",atrae a tu cliente,hacer redireccion 301,50,10–100,media
SEO técnico,Arquitectura y on-page técnico,"Canonical, duplicados y redirecciones",atrae a tu cliente,hacer redirecciones en wordpress,50,10–100,alta
SEO técnico,Arquitectura y on-page técnico,"Canonical, duplicados y redirecciones",atrae a tu cliente,herramienta contenido duplicado,50,10–100,baja
SEO técnico,Arquitectura y on-page técnico,"Canonical, duplicados y redirecciones",atrae a tu cliente,htaccess redireccion,50,10–100,baja
SEO técnico,Arquitectura y on-page técnico,"Canonical, duplicados y redirecciones",atrae a tu cliente,htaccess redireccion 301,50,10–100,baja
SEO técnico,Arquitectura y on-page técnico,"Canonical, duplicados y redirecciones",atrae a tu cliente,página con redirección,50,10–100,baja
SEO técnico,Arquitectura y on-page técnico,"Canonical, duplicados y redirecciones",atrae a tu cliente,página con redirección search console,50,10–100,baja
SEO técnico,Arquitectura y on-page técnico,"Canonical, duplicados y redirecciones",atrae a tu cliente,que es contenido duplicado,50,10–100,baja
SEO técnico,Arquitectura y on-page técnico,"Canonical, duplicados y redirecciones",atrae a tu cliente,que es la url canonica,50,10–100,
SEO técnico,Arquitectura y on-page técnico,"Canonical, duplicados y redirecciones",atrae a tu cliente,que es una url canonica,50,10–100,
SEO técnico,Arquitectura y on-page técnico,"Canonical, duplicados y redirecciones",atrae a tu cliente,que es url canonica,50,10–100,baja
SEO técnico,Arquitectura y on-page técnico,"Canonical, duplicados y redirecciones",atrae a tu cliente,redireccion 301 htaccess,50,10–100,media
SEO técnico,Arquitectura y on-page técnico,"Canonical, duplicados y redirecciones",atrae a tu cliente,redireccion 301 htaccess wordpress,50,10–100,baja
SEO técnico,Arquitectura y on-page técnico,"Canonical, duplicados y redirecciones",atrae a tu cliente,redireccion 301 seo,50,10–100,baja
SEO técnico,Arquitectura y on-page técnico,"Canonical, duplicados y redirecciones",atrae a tu cliente,redireccion 301 wordpress,50,10–100,media
SEO técnico,Arquitectura y on-page técnico,"Canonical, duplicados y redirecciones",atrae a tu cliente,redireccion 302,50,10–100,media
SEO técnico,Arquitectura y on-page técnico,"Canonical, duplicados y redirecciones",atrae a tu cliente,redireccion htaccess,50,10–100,
SEO técnico,Arquitectura y on-page técnico,"Canonical, duplicados y redirecciones",atrae a tu cliente,redireccion htaccess 301,50,10–100,baja
SEO técnico,Arquitectura y on-page técnico,"Canonical, duplicados y redirecciones",atrae a tu cliente,redireccion permanente 301,50,10–100,
SEO técnico,Arquitectura y on-page técnico,"Canonical, duplicados y redirecciones",atrae a tu cliente,redireccionamiento 301 wordpress,50,10–100,media
SEO técnico,Arquitectura y on-page técnico,"Canonical, duplicados y redirecciones",atrae a tu cliente,redireccionar dominio wix,50,10–100,baja
SEO técnico,Arquitectura y on-page técnico,"Canonical, duplicados y redirecciones",atrae a tu cliente,redireccionar un dominio a otro htaccess,50,10–100,baja
SEO técnico,Arquitectura y on-page técnico,"Canonical, duplicados y redirecciones",atrae a tu cliente,redireccionar una url a otra htaccess,50,10–100,baja
SEO técnico,Arquitectura y on-page técnico,"Canonical, duplicados y redirecciones",atrae a tu cliente,redireccionar url a otra htaccess,50,10–100,baja
SEO técnico,Arquitectura y on-page técnico,"Canonical, duplicados y redirecciones",atrae a tu cliente,redirecciones en wordpress,50,10–100,
SEO técnico,Arquitectura y on-page técnico,"Canonical, duplicados y redirecciones",atrae a tu cliente,redirecciones seo,50,10–100,alta
SEO técnico,Arquitectura y on-page técnico,"Canonical, duplicados y redirecciones",atrae a tu cliente,redirecciones web,50,10–100,
SEO técnico,Arquitectura y on-page técnico,"Canonical, duplicados y redirecciones",atrae a tu cliente,redirecciones wordpress,50,10–100,alta
SEO técnico,Arquitectura y on-page técnico,"Canonical, duplicados y redirecciones",atrae a tu cliente,redirección de url,50,10–100,media
SEO técnico,Arquitectura y on-page técnico,"Canonical, duplicados y redirecciones",atrae a tu cliente,redirección htaccess,50,10–100,
SEO técnico,Arquitectura y on-page técnico,"Canonical, duplicados y redirecciones",atrae a tu cliente,seo contenido duplicado,50,10–100,baja
SEO técnico,Arquitectura y on-page técnico,"Canonical, duplicados y redirecciones",atrae a tu cliente,url canonica que es,50,10–100,alta
SEO técnico,Arquitectura y on-page técnico,"Canonical, duplicados y redirecciones",atrae a tu cliente,yoast redirect 301,50,10–100,baja
SEO técnico,Arquitectura y on-page técnico,"Canonical, duplicados y redirecciones",atrae a tu cliente,yoast seo htaccess,50,10–100,baja
SEO técnico,Arquitectura y on-page técnico,Datos estructurados y schema,atrae a tu cliente,datos estructurados google,500,100–1.000,media
SEO técnico,Arquitectura y on-page técnico,Datos estructurados y schema,atrae a tu cliente,schema markup,500,100–1.000,media
SEO técnico,Arquitectura y on-page técnico,Datos estructurados y schema,atrae a tu cliente,datos estructurados json,50,10–100,media
SEO técnico,Arquitectura y on-page técnico,Datos estructurados y schema,atrae a tu cliente,datos estructurados schema,50,10–100,media
SEO técnico,Arquitectura y on-page técnico,Datos estructurados y schema,atrae a tu cliente,datos estructurados semiestructurados y no estructurados,50,10–100,media
SEO técnico,Arquitectura y on-page técnico,Datos estructurados y schema,atrae a tu cliente,datos estructurados seo,50,10–100,media
SEO técnico,Arquitectura y on-page técnico,Datos estructurados y schema,atrae a tu cliente,datos estructurados wordpress,50,10–100,
SEO técnico,Arquitectura y on-page técnico,Datos estructurados y schema,atrae a tu cliente,google schema org,50,10–100,baja
SEO técnico,Arquitectura y on-page técnico,Datos estructurados y schema,atrae a tu cliente,herramienta datos estructurados google,50,10–100,media
SEO técnico,Arquitectura y on-page técnico,Datos estructurados y schema,atrae a tu cliente,herramienta de prueba de datos estructurados de google,50,10–100,media
SEO técnico,Arquitectura y on-page técnico,Datos estructurados y schema,atrae a tu cliente,plugin datos estructurados wordpress,50,10–100,baja
SEO técnico,Arquitectura y on-page técnico,Datos estructurados y schema,atrae a tu cliente,plugin schema wordpress,50,10–100,
SEO técnico,Arquitectura y on-page técnico,Datos estructurados y schema,atrae a tu cliente,que es rich snippets,50,10–100,media
SEO técnico,Arquitectura y on-page técnico,Datos estructurados y schema,atrae a tu cliente,que es schema org,50,10–100,media
SEO técnico,Arquitectura y on-page técnico,Datos estructurados y schema,atrae a tu cliente,que es un rich snippet,50,10–100,media
SEO técnico,Arquitectura y on-page técnico,Datos estructurados y schema,atrae a tu cliente,que son los datos estructurados seo,50,10–100,baja
SEO técnico,Arquitectura y on-page técnico,Datos estructurados y schema,atrae a tu cliente,que son los rich snippets,50,10–100,media
SEO técnico,Arquitectura y on-page técnico,Datos estructurados y schema,atrae a tu cliente,rich snippets que es,50,10–100,media
SEO técnico,Arquitectura y on-page técnico,Datos estructurados y schema,atrae a tu cliente,schema elementor,50,10–100,baja
SEO técnico,Arquitectura y on-page técnico,Datos estructurados y schema,atrae a tu cliente,schema org que es,50,10–100,media
SEO técnico,Arquitectura y on-page técnico,Datos estructurados y schema,atrae a tu cliente,schema org test,50,10–100,media
SEO técnico,Arquitectura y on-page técnico,Datos estructurados y schema,atrae a tu cliente,schema org wordpress,50,10–100,baja
SEO técnico,Arquitectura y on-page técnico,Datos estructurados y schema,atrae a tu cliente,schema pro wordpress,50,10–100,media
SEO técnico,Arquitectura y on-page técnico,Datos estructurados y schema,atrae a tu cliente,schema wordpress,50,10–100,media
SEO técnico,Arquitectura y on-page técnico,Datos estructurados y schema,atrae a tu cliente,schema wp,50,10–100,media
SEO técnico,Arquitectura y on-page técnico,Datos estructurados y schema,atrae a tu cliente,schema yoast,50,10–100,baja
SEO técnico,Arquitectura y on-page técnico,Datos estructurados y schema,atrae a tu cliente,schema yoast seo,50,10–100,baja
SEO técnico,Arquitectura y on-page técnico,Datos estructurados y schema,atrae a tu cliente,schema yoast wordpress,50,10–100,baja
SEO técnico,Arquitectura y on-page técnico,Datos estructurados y schema,atrae a tu cliente,test schema markup google,50,10–100,baja
SEO técnico,Arquitectura y on-page técnico,Datos estructurados y schema,atrae a tu cliente,test schema org,50,10–100,media
SEO técnico,Arquitectura y on-page técnico,Datos estructurados y schema,atrae a tu cliente,tipos de datos estructurados semiestructurados y no estructurados,50,10–100,media
SEO técnico,Arquitectura y on-page técnico,Datos estructurados y schema,atrae a tu cliente,wordpress schema org,50,10–100,baja
SEO técnico,Arquitectura y on-page técnico,Datos estructurados y schema,atrae a tu cliente,yoast faq schema,50,10–100,media
SEO técnico,Arquitectura y on-page técnico,Datos estructurados y schema,atrae a tu cliente,yoast schema,50,10–100,media
SEO técnico,Arquitectura y on-page técnico,Datos estructurados y schema,atrae a tu cliente,yoast schema org,50,10–100,baja
SEO técnico,Arquitectura y on-page técnico,Datos estructurados y schema,atrae a tu cliente,yoast seo schema org,50,10–100,baja
SEO técnico,Indexación y rastreo,Indexación,servicio,indexar pagina en google,500,100–1.000,media
SEO técnico,Indexación y rastreo,Indexación,servicio,google indexacion,50,10–100,media
SEO técnico,Indexación y rastreo,Indexación,servicio,google indexar web,50,10–100,media
SEO técnico,Indexación y rastreo,Indexación,servicio,google no indexa mi pagina,50,10–100,media
SEO técnico,Indexación y rastreo,Indexación,servicio,google no indexa mi web,50,10–100,media
SEO técnico,Indexación y rastreo,Indexación,servicio,google search console no indexa,50,10–100,media
SEO técnico,Indexación y rastreo,Indexación,servicio,hacer que google indexe mi web,50,10–100,baja
SEO técnico,Indexación y rastreo,Indexación,servicio,indexacion de google,50,10–100,alta
SEO técnico,Indexación y rastreo,Indexación,servicio,indexacion de paginas,50,10–100,media
SEO técnico,Indexación y rastreo,Indexación,servicio,indexacion de paginas web,50,10–100,media
SEO técnico,Indexación y rastreo,Indexación,servicio,indexacion en google,50,10–100,media
SEO técnico,Indexación y rastreo,Indexación,servicio,indexacion google,50,10–100,media
SEO técnico,Indexación y rastreo,Indexación,servicio,indexacion seo,50,10–100,media
SEO técnico,Indexación y rastreo,Indexación,servicio,indexacion web,50,10–100,media
SEO técnico,Indexación y rastreo,Indexación,servicio,indexación en buscadores,50,10–100,baja
SEO técnico,Indexación y rastreo,Indexación,servicio,indexar en google mi web,50,10–100,baja
SEO técnico,Indexación y rastreo,Indexación,servicio,indexar mi pagina en google,50,10–100,media
SEO técnico,Indexación y rastreo,Indexación,servicio,indexar mi pagina web en google,50,10–100,alta
SEO técnico,Indexación y rastreo,Indexación,servicio,indexar mi web,50,10–100,baja
SEO técnico,Indexación y rastreo,Indexación,servicio,indexar pagina,50,10–100,media
SEO técnico,Indexación y rastreo,Indexación,servicio,indexar pagina web,50,10–100,alta
SEO técnico,Indexación y rastreo,Indexación,servicio,indexar pagina web a google,50,10–100,baja
SEO técnico,Indexación y rastreo,Indexación,servicio,indexar pagina web en google,50,10–100,media
SEO técnico,Indexación y rastreo,Indexación,servicio,indexar pagina web google,50,10–100,media
SEO técnico,Indexación y rastreo,Indexación,servicio,indexar pagina wordpress en google,50,10–100,
SEO técnico,Indexación y rastreo,Indexación,servicio,indexar paginas,50,10–100,media
SEO técnico,Indexación y rastreo,Indexación,servicio,indexar paginas en google,50,10–100,media
SEO técnico,Indexación y rastreo,Indexación,servicio,indexar paginas google,50,10–100,media
SEO técnico,Indexación y rastreo,Indexación,servicio,indexar paginas web,50,10–100,media
SEO técnico,Indexación y rastreo,Indexación,servicio,indexar sitio web,50,10–100,
SEO técnico,Indexación y rastreo,Indexación,servicio,indexar sitio web en google,50,10–100,media
SEO técnico,Indexación y rastreo,Indexación,servicio,indexar una pagina web,50,10–100,alta
SEO técnico,Indexación y rastreo,Indexación,servicio,indexar web,50,10–100,media
SEO técnico,Indexación y rastreo,Indexación,servicio,indexar web en buscadores,50,10–100,baja
SEO técnico,Indexación y rastreo,Indexación,servicio,no index robots,50,10–100,media
SEO técnico,Indexación y rastreo,Indexación,servicio,no index yoast seo,50,10–100,baja
SEO técnico,Indexación y rastreo,Indexación,servicio,no indexar pagina wordpress,50,10–100,baja
SEO técnico,Indexación y rastreo,Indexación,servicio,pagina indexada,50,10–100,media
SEO técnico,Indexación y rastreo,Indexación,servicio,paginas indexadas en google,50,10–100,media
SEO técnico,Indexación y rastreo,Indexación,servicio,paginas indexadas google,50,10–100,media
SEO técnico,Indexación y rastreo,Indexación,servicio,paginas no indexadas,50,10–100,media
SEO técnico,Indexación y rastreo,Indexación,servicio,paginas no indexadas por google,50,10–100,media
SEO técnico,Indexación y rastreo,Indexación,servicio,páginas indexadas en google,50,10–100,media
SEO técnico,Indexación y rastreo,Indexación,servicio,saber si mi web esta indexada,50,10–100,baja
SEO técnico,Indexación y rastreo,Indexación,servicio,sitemap_index,50,10–100,baja
SEO técnico,Indexación y rastreo,Indexación,servicio,ver paginas indexadas en google,50,10–100,media
SEO técnico,Indexación y rastreo,Indexación,servicio,yoast seo no index,50,10–100,media
SEO técnico,Indexación y rastreo,"Rastreo, crawl budget y JavaScript",servicio,crawl budget,50,10–100,media
SEO técnico,Indexación y rastreo,"Rastreo, crawl budget y JavaScript",servicio,faceted navigation seo,50,10–100,baja
SEO técnico,Indexación y rastreo,"Rastreo, crawl budget y JavaScript",servicio,javascript seo,50,10–100,media
SEO técnico,Indexación y rastreo,"Rastreo, crawl budget y JavaScript",servicio,log analysis seo,50,10–100,baja
SEO técnico,Indexación y rastreo,"Rastreo, crawl budget y JavaScript",servicio,nuxt 3 seo,50,10–100,baja
SEO técnico,Indexación y rastreo,"Rastreo, crawl budget y JavaScript",servicio,nuxt js seo,50,10–100,media
SEO técnico,Indexación y rastreo,"Rastreo, crawl budget y JavaScript",servicio,nuxt seo,50,10–100,media
SEO técnico,Indexación y rastreo,"Rastreo, crawl budget y JavaScript",servicio,paginacion seo,50,10–100,media
SEO técnico,Indexación y rastreo,"Rastreo, crawl budget y JavaScript",servicio,seo con react,50,10–100,baja
SEO técnico,Indexación y rastreo,"Rastreo, crawl budget y JavaScript",servicio,seo en react,50,10–100,baja
SEO técnico,Indexación y rastreo,"Rastreo, crawl budget y JavaScript",servicio,seo javascript,50,10–100,media
SEO técnico,Indexación y rastreo,"Rastreo, crawl budget y JavaScript",servicio,seo js,50,10–100,media
SEO técnico,Indexación y rastreo,"Rastreo, crawl budget y JavaScript",servicio,seo nextjs,50,10–100,media
SEO técnico,Indexación y rastreo,"Rastreo, crawl budget y JavaScript",servicio,seo nuxt,50,10–100,baja
SEO técnico,Indexación y rastreo,"Rastreo, crawl budget y JavaScript",servicio,seo react,50,10–100,media
SEO técnico,Indexación y rastreo,"Rastreo, crawl budget y JavaScript",servicio,seo vue 3,50,10–100,baja
SEO técnico,Indexación y rastreo,"Rastreo, crawl budget y JavaScript",servicio,seo vuejs,50,10–100,baja
SEO técnico,Indexación y rastreo,"Rastreo, crawl budget y JavaScript",servicio,vue 3 seo,50,10–100,baja
SEO técnico,Indexación y rastreo,"Rastreo, crawl budget y JavaScript",servicio,vue js seo,50,10–100,baja
SEO técnico,Indexación y rastreo,"Rastreo, crawl budget y JavaScript",servicio,vue router seo,50,10–100,baja
SEO técnico,Indexación y rastreo,"Rastreo, crawl budget y JavaScript",servicio,analisis de logs seo,0,<10,baja
SEO técnico,Indexación y rastreo,"Rastreo, crawl budget y JavaScript",servicio,renderizado seo,0,<10,baja
SEO técnico,Indexación y rastreo,"Rastreo, crawl budget y JavaScript",servicio,seo headless,0,<10,baja
SEO técnico,Indexación y rastreo,Robots.txt y sitemaps,atrae a tu cliente,ejemplo sitemap,500,100–1.000,media
SEO técnico,Indexación y rastreo,Robots.txt y sitemaps,atrae a tu cliente,robots txt,500,100–1.000,media
SEO técnico,Indexación y rastreo,Robots.txt y sitemaps,atrae a tu cliente,robots txt robots txt,500,100–1.000,media
SEO técnico,Indexación y rastreo,Robots.txt y sitemaps,atrae a tu cliente,sitemap ejemplo,500,100–1.000,media
SEO técnico,Indexación y rastreo,Robots.txt y sitemaps,atrae a tu cliente,sitemap xml,500,100–1.000,media
SEO técnico,Indexación y rastreo,Robots.txt y sitemaps,atrae a tu cliente,sitemap xml wordpress,500,100–1.000,media
SEO técnico,Indexación y rastreo,Robots.txt y sitemaps,atrae a tu cliente,tester robots txt,500,100–1.000,media
SEO técnico,Indexación y rastreo,Robots.txt y sitemaps,atrae a tu cliente,archivo robots txt para que sirve,50,10–100,media
SEO técnico,Indexación y rastreo,Robots.txt y sitemaps,atrae a tu cliente,ejemplo de robots txt,50,10–100,media
SEO técnico,Indexación y rastreo,Robots.txt y sitemaps,atrae a tu cliente,ejemplo de sitemap,50,10–100,media
SEO técnico,Indexación y rastreo,Robots.txt y sitemaps,atrae a tu cliente,ejemplo de sitemap xml,50,10–100,media
SEO técnico,Indexación y rastreo,Robots.txt y sitemaps,atrae a tu cliente,ejemplo robots txt,50,10–100,media
SEO técnico,Indexación y rastreo,Robots.txt y sitemaps,atrae a tu cliente,ejemplo sitemap xml,50,10–100,media
SEO técnico,Indexación y rastreo,Robots.txt y sitemaps,atrae a tu cliente,ejemplos de robots txt,50,10–100,media
SEO técnico,Indexación y rastreo,Robots.txt y sitemaps,atrae a tu cliente,plugin robots txt wordpress,50,10–100,baja
SEO técnico,Indexación y rastreo,Robots.txt y sitemaps,atrae a tu cliente,plugin sitemap wordpress,50,10–100,alta
SEO técnico,Indexación y rastreo,Robots.txt y sitemaps,atrae a tu cliente,plugin wordpress sitemap,50,10–100,alta
SEO técnico,Indexación y rastreo,Robots.txt y sitemaps,atrae a tu cliente,que es el archivo robots txt,50,10–100,alta
SEO técnico,Indexación y rastreo,Robots.txt y sitemaps,atrae a tu cliente,que es un sitemap de google,50,10–100,baja
SEO técnico,Indexación y rastreo,Robots.txt y sitemaps,atrae a tu cliente,robot sitemap,50,10–100,media
SEO técnico,Indexación y rastreo,Robots.txt y sitemaps,atrae a tu cliente,robot txt google,50,10–100,media
SEO técnico,Indexación y rastreo,Robots.txt y sitemaps,atrae a tu cliente,robot txt online,50,10–100,baja
SEO técnico,Indexación y rastreo,Robots.txt y sitemaps,atrae a tu cliente,robot txt yoast seo,50,10–100,baja
SEO técnico,Indexación y rastreo,Robots.txt y sitemaps,atrae a tu cliente,robots txt *,50,10–100,baja
SEO técnico,Indexación y rastreo,Robots.txt y sitemaps,atrae a tu cliente,robots txt ejemplo,50,10–100,baja
SEO técnico,Indexación y rastreo,Robots.txt y sitemaps,atrae a tu cliente,robots txt en wordpress,50,10–100,baja
SEO técnico,Indexación y rastreo,Robots.txt y sitemaps,atrae a tu cliente,robots txt para que sirve,50,10–100,media
SEO técnico,Indexación y rastreo,Robots.txt y sitemaps,atrae a tu cliente,robots txt wordpress seo yoast,50,10–100,baja
SEO técnico,Indexación y rastreo,Robots.txt y sitemaps,atrae a tu cliente,robots txt yoast,50,10–100,media
SEO técnico,Indexación y rastreo,Robots.txt y sitemaps,atrae a tu cliente,root txt,50,10–100,baja
SEO técnico,Indexación y rastreo,Robots.txt y sitemaps,atrae a tu cliente,seo robot txt,50,10–100,alta
SEO técnico,Indexación y rastreo,Robots.txt y sitemaps,atrae a tu cliente,seo txt,50,10–100,baja
SEO técnico,Indexación y rastreo,Robots.txt y sitemaps,atrae a tu cliente,site map ejemplos,50,10–100,baja
SEO técnico,Indexación y rastreo,Robots.txt y sitemaps,atrae a tu cliente,site map yoast,50,10–100,baja
SEO técnico,Indexación y rastreo,Robots.txt y sitemaps,atrae a tu cliente,site map yoast seo,50,10–100,baja
SEO técnico,Indexación y rastreo,Robots.txt y sitemaps,atrae a tu cliente,sitemap de google,50,10–100,baja
SEO técnico,Indexación y rastreo,Robots.txt y sitemaps,atrae a tu cliente,sitemap de wordpress,50,10–100,alta
SEO técnico,Indexación y rastreo,Robots.txt y sitemaps,atrae a tu cliente,sitemap en robots txt,50,10–100,baja
SEO técnico,Indexación y rastreo,Robots.txt y sitemaps,atrae a tu cliente,sitemap en wordpress,50,10–100,alta
SEO técnico,Indexación y rastreo,Robots.txt y sitemaps,atrae a tu cliente,sitemap en yoast seo,50,10–100,media
SEO técnico,Indexación y rastreo,Robots.txt y sitemaps,atrae a tu cliente,sitemap para wordpress,50,10–100,media
SEO técnico,Indexación y rastreo,Robots.txt y sitemaps,atrae a tu cliente,sitemap rank math,50,10–100,media
SEO técnico,Indexación y rastreo,Robots.txt y sitemaps,atrae a tu cliente,sitemap robots txt,50,10–100,media
SEO técnico,Indexación y rastreo,Robots.txt y sitemaps,atrae a tu cliente,sitemap txt,50,10–100,media
SEO técnico,Indexación y rastreo,Robots.txt y sitemaps,atrae a tu cliente,sitemap wordpress google search console,50,10–100,baja
SEO técnico,Indexación y rastreo,Robots.txt y sitemaps,atrae a tu cliente,sitemap wordpress yoast,50,10–100,media
SEO técnico,Indexación y rastreo,Robots.txt y sitemaps,atrae a tu cliente,sitemap wp,50,10–100,media
SEO técnico,Indexación y rastreo,Robots.txt y sitemaps,atrae a tu cliente,sitemap xml ejemplo,50,10–100,media
SEO técnico,Indexación y rastreo,Robots.txt y sitemaps,atrae a tu cliente,sitemap xml google,50,10–100,media
SEO técnico,Indexación y rastreo,Robots.txt y sitemaps,atrae a tu cliente,sitemap xml yoast,50,10–100,media
SEO técnico,Indexación y rastreo,Robots.txt y sitemaps,atrae a tu cliente,sitemap xml yoast seo,50,10–100,baja
SEO técnico,Indexación y rastreo,Robots.txt y sitemaps,atrae a tu cliente,sitemap yoast,50,10–100,media
SEO técnico,Indexación y rastreo,Robots.txt y sitemaps,atrae a tu cliente,urlset,50,10–100,baja
SEO técnico,Indexación y rastreo,Robots.txt y sitemaps,atrae a tu cliente,web txt,50,10–100,media
SEO técnico,Indexación y rastreo,Robots.txt y sitemaps,atrae a tu cliente,wordpress xml,50,10–100,media
SEO técnico,Indexación y rastreo,Robots.txt y sitemaps,atrae a tu cliente,wordpress xml sitemap yoast,50,10–100,baja
SEO técnico,Indexación y rastreo,Robots.txt y sitemaps,atrae a tu cliente,wp sitemap,50,10–100,media
SEO técnico,Indexación y rastreo,Robots.txt y sitemaps,atrae a tu cliente,wp sitemap page,50,10–100,media
SEO técnico,Indexación y rastreo,Robots.txt y sitemaps,atrae a tu cliente,xml google,50,10–100,media
SEO técnico,Indexación y rastreo,Robots.txt y sitemaps,atrae a tu cliente,xml yoast,50,10–100,baja
SEO técnico,Indexación y rastreo,Robots.txt y sitemaps,atrae a tu cliente,yoast seo robots,50,10–100,baja
SEO técnico,Indexación y rastreo,Robots.txt y sitemaps,atrae a tu cliente,yoast seo robots txt,50,10–100,media
SEO técnico,Indexación y rastreo,Robots.txt y sitemaps,atrae a tu cliente,yoast seo xml,50,10–100,baja
SEO técnico,Indexación y rastreo,Robots.txt y sitemaps,atrae a tu cliente,yoast sitemap xml,50,10–100,baja
SEO técnico,Indexación y rastreo,Robots.txt y sitemaps,atrae a tu cliente,yoast xml,50,10–100,baja
SEO técnico,Indexación y rastreo,Robots.txt y sitemaps,atrae a tu cliente,yoast xml sitemap,50,10–100,media
SEO técnico,Migraciones,Migraciones SEO,servicio,migracion seo,500,100–1.000,media
SEO técnico,Migraciones,Migraciones SEO,servicio,htaccess redirigir a otro dominio,50,10–100,baja
SEO técnico,Migraciones,Migraciones SEO,servicio,migracion de wordpress,50,10–100,media
SEO técnico,Migraciones,Migraciones SEO,servicio,migracion manual wordpress,50,10–100,baja
SEO técnico,Migraciones,Migraciones SEO,servicio,migracion wordpress,50,10–100,
SEO técnico,Migraciones,Migraciones SEO,servicio,migraciones seo,50,10–100,media
SEO técnico,Migraciones,Migraciones SEO,servicio,migración wordpress,50,10–100,
SEO técnico,Migraciones,Migraciones SEO,servicio,migrar wix a otro hosting,50,10–100,baja
SEO técnico,Migraciones,Migraciones SEO,servicio,redireccion 301 de un dominio a otro,50,10–100,
SEO técnico,Migraciones,Migraciones SEO,servicio,cambiar de hosting seo,0,<10,baja
SEO técnico,Migraciones,Migraciones SEO,servicio,cambio de dominio seo,0,<10,baja
SEO técnico,Migraciones,Migraciones SEO,servicio,migracion web seo,0,<10,baja
SEO técnico,Migraciones,Migraciones SEO,servicio,migrar web sin perder posicionamiento,0,<10,baja
SEO técnico,SEO en CMS,"Wix, Webflow, Joomla y otros CMS",atrae a tu cliente,4seo joomla,50,10–100,baja
SEO técnico,SEO en CMS,"Wix, Webflow, Joomla y otros CMS",atrae a tu cliente,como hacer que mi pagina de wix aparezca en google,50,10–100,baja
SEO técnico,SEO en CMS,"Wix, Webflow, Joomla y otros CMS",atrae a tu cliente,ga4 joomla,50,10–100,baja
SEO técnico,SEO en CMS,"Wix, Webflow, Joomla y otros CMS",atrae a tu cliente,google analytics 4 joomla,50,10–100,baja
SEO técnico,SEO en CMS,"Wix, Webflow, Joomla y otros CMS",atrae a tu cliente,google analytics joomla 4,50,10–100,baja
SEO técnico,SEO en CMS,"Wix, Webflow, Joomla y otros CMS",atrae a tu cliente,joomla google analytics 4,50,10–100,baja
SEO técnico,SEO en CMS,"Wix, Webflow, Joomla y otros CMS",atrae a tu cliente,mejorar seo wix,50,10–100,baja
SEO técnico,SEO en CMS,"Wix, Webflow, Joomla y otros CMS",atrae a tu cliente,posicionamiento joomla,50,10–100,baja
SEO técnico,SEO en CMS,"Wix, Webflow, Joomla y otros CMS",atrae a tu cliente,posicionamiento seo en wix,50,10–100,media
SEO técnico,SEO en CMS,"Wix, Webflow, Joomla y otros CMS",atrae a tu cliente,posicionamiento seo joomla,50,10–100,baja
SEO técnico,SEO en CMS,"Wix, Webflow, Joomla y otros CMS",atrae a tu cliente,posicionar google sites,50,10–100,baja
SEO técnico,SEO en CMS,"Wix, Webflow, Joomla y otros CMS",atrae a tu cliente,seo con wix,50,10–100,
SEO técnico,SEO en CMS,"Wix, Webflow, Joomla y otros CMS",atrae a tu cliente,seo en joomla,50,10–100,media
SEO técnico,SEO en CMS,"Wix, Webflow, Joomla y otros CMS",atrae a tu cliente,seo en wix,50,10–100,media
SEO técnico,SEO en CMS,"Wix, Webflow, Joomla y otros CMS",atrae a tu cliente,seo joomla,50,10–100,media
SEO técnico,SEO en CMS,"Wix, Webflow, Joomla y otros CMS",atrae a tu cliente,seo joomla 4,50,10–100,baja
SEO técnico,SEO en CMS,"Wix, Webflow, Joomla y otros CMS",atrae a tu cliente,seo para google sites,50,10–100,baja
SEO técnico,SEO en CMS,"Wix, Webflow, Joomla y otros CMS",atrae a tu cliente,seo para joomla,50,10–100,baja
SEO técnico,SEO en CMS,"Wix, Webflow, Joomla y otros CMS",atrae a tu cliente,seo para wix,50,10–100,baja
SEO técnico,SEO en CMS,"Wix, Webflow, Joomla y otros CMS",atrae a tu cliente,seo webflow,50,10–100,baja
SEO técnico,SEO en CMS,"Wix, Webflow, Joomla y otros CMS",atrae a tu cliente,seo wix,50,10–100,media
SEO técnico,SEO en CMS,"Wix, Webflow, Joomla y otros CMS",atrae a tu cliente,squarespace es malo para seo,50,10–100,baja
SEO técnico,SEO en CMS,"Wix, Webflow, Joomla y otros CMS",atrae a tu cliente,wix posicionamiento seo,50,10–100,baja
SEO técnico,SEO en CMS,"WordPress, Yoast y Rank Math",control (geo-tracker),plugin seo wordpress,500,100–1.000,alta
SEO técnico,SEO en CMS,"WordPress, Yoast y Rank Math",control (geo-tracker),plugin seo wp,500,100–1.000,alta
SEO técnico,SEO en CMS,"WordPress, Yoast y Rank Math",control (geo-tracker),rank math,500,100–1.000,media
SEO técnico,SEO en CMS,"WordPress, Yoast y Rank Math",control (geo-tracker),rank math pro,500,100–1.000,alta
SEO técnico,SEO en CMS,"WordPress, Yoast y Rank Math",control (geo-tracker),rank math seo,500,100–1.000,alta
SEO técnico,SEO en CMS,"WordPress, Yoast y Rank Math",control (geo-tracker),seo en wordpress,500,100–1.000,alta
SEO técnico,SEO en CMS,"WordPress, Yoast y Rank Math",control (geo-tracker),seo yoast,500,100–1.000,media
SEO técnico,SEO en CMS,"WordPress, Yoast y Rank Math",control (geo-tracker),wordpress seo,500,100–1.000,alta
SEO técnico,SEO en CMS,"WordPress, Yoast y Rank Math",control (geo-tracker),yoast,500,100–1.000,alta
SEO técnico,SEO en CMS,"WordPress, Yoast y Rank Math",control (geo-tracker),yoast by seo,500,100–1.000,media
SEO técnico,SEO en CMS,"WordPress, Yoast y Rank Math",control (geo-tracker),yoast seo,500,100–1.000,media
SEO técnico,SEO en CMS,"WordPress, Yoast y Rank Math",control (geo-tracker),aio seo wordpress,50,10–100,baja
SEO técnico,SEO en CMS,"WordPress, Yoast y Rank Math",control (geo-tracker),aioseo wordpress,50,10–100,media
SEO técnico,SEO en CMS,"WordPress, Yoast y Rank Math",control (geo-tracker),ajustes yoast seo,50,10–100,baja
SEO técnico,SEO en CMS,"WordPress, Yoast y Rank Math",control (geo-tracker),all in one seo pack wordpress,50,10–100,alta
SEO técnico,SEO en CMS,"WordPress, Yoast y Rank Math",control (geo-tracker),all in one seo wordpress,50,10–100,alta
SEO técnico,SEO en CMS,"WordPress, Yoast y Rank Math",control (geo-tracker),all in seo pack,50,10–100,baja
SEO técnico,SEO en CMS,"WordPress, Yoast y Rank Math",control (geo-tracker),all in seo wordpress,50,10–100,
SEO técnico,SEO en CMS,"WordPress, Yoast y Rank Math",control (geo-tracker),all one seo,50,10–100,alta
SEO técnico,SEO en CMS,"WordPress, Yoast y Rank Math",control (geo-tracker),alternativa a yoast seo,50,10–100,
SEO técnico,SEO en CMS,"WordPress, Yoast y Rank Math",control (geo-tracker),alternative yoast seo,50,10–100,baja
SEO técnico,SEO en CMS,"WordPress, Yoast y Rank Math",control (geo-tracker),analytics 4 wordpress,50,10–100,baja
SEO técnico,SEO en CMS,"WordPress, Yoast y Rank Math",control (geo-tracker),apariencia en el buscador yoast seo,50,10–100,media
SEO técnico,SEO en CMS,"WordPress, Yoast y Rank Math",control (geo-tracker),beginner wordpress seo,50,10–100,baja
SEO técnico,SEO en CMS,"WordPress, Yoast y Rank Math",control (geo-tracker),black hat seo wordpress,50,10–100,baja
SEO técnico,SEO en CMS,"WordPress, Yoast y Rank Math",control (geo-tracker),configuracion yoast seo,50,10–100,media
SEO técnico,SEO en CMS,"WordPress, Yoast y Rank Math",control (geo-tracker),divi seo,50,10–100,baja
SEO técnico,SEO en CMS,"WordPress, Yoast y Rank Math",control (geo-tracker),divi seo optimization,50,10–100,baja
SEO técnico,SEO en CMS,"WordPress, Yoast y Rank Math",control (geo-tracker),divi wordpress seo,50,10–100,baja
SEO técnico,SEO en CMS,"WordPress, Yoast y Rank Math",control (geo-tracker),divi yoast,50,10–100,baja
SEO técnico,SEO en CMS,"WordPress, Yoast y Rank Math",control (geo-tracker),divi yoast seo,50,10–100,baja
SEO técnico,SEO en CMS,"WordPress, Yoast y Rank Math",control (geo-tracker),drupal yoast,50,10–100,baja
SEO técnico,SEO en CMS,"WordPress, Yoast y Rank Math",control (geo-tracker),drupal yoast seo,50,10–100,media
SEO técnico,SEO en CMS,"WordPress, Yoast y Rank Math",control (geo-tracker),el mejor plugin seo para wordpress,50,10–100,
SEO técnico,SEO en CMS,"WordPress, Yoast y Rank Math",control (geo-tracker),elementor seo,50,10–100,baja
SEO técnico,SEO en CMS,"WordPress, Yoast y Rank Math",control (geo-tracker),elementor seo wordpress,50,10–100,baja
SEO técnico,SEO en CMS,"WordPress, Yoast y Rank Math",control (geo-tracker),elementor seo yoast,50,10–100,baja
SEO técnico,SEO en CMS,"WordPress, Yoast y Rank Math",control (geo-tracker),elementor y seo,50,10–100,baja
SEO técnico,SEO en CMS,"WordPress, Yoast y Rank Math",control (geo-tracker),elementor yoast,50,10–100,media
SEO técnico,SEO en CMS,"WordPress, Yoast y Rank Math",control (geo-tracker),elementor yoast seo,50,10–100,media
SEO técnico,SEO en CMS,"WordPress, Yoast y Rank Math",control (geo-tracker),flatsome seo,50,10–100,baja
SEO técnico,SEO en CMS,"WordPress, Yoast y Rank Math",control (geo-tracker),ga4 wordpress,50,10–100,
SEO técnico,SEO en CMS,"WordPress, Yoast y Rank Math",control (geo-tracker),google analytics 4 wordpress,50,10–100,media
SEO técnico,SEO en CMS,"WordPress, Yoast y Rank Math",control (geo-tracker),google analytics by yoast,50,10–100,baja
SEO técnico,SEO en CMS,"WordPress, Yoast y Rank Math",control (geo-tracker),hacer seo en wordpress,50,10–100,baja
SEO técnico,SEO en CMS,"WordPress, Yoast y Rank Math",control (geo-tracker),instalar yoast seo wordpress,50,10–100,baja
SEO técnico,SEO en CMS,"WordPress, Yoast y Rank Math",control (geo-tracker),logo yoast seo,50,10–100,media
SEO técnico,SEO en CMS,"WordPress, Yoast y Rank Math",control (geo-tracker),los mejores plugins seo para wordpress,50,10–100,baja
SEO técnico,SEO en CMS,"WordPress, Yoast y Rank Math",control (geo-tracker),mejor plugin de seo para wordpress,50,10–100,
SEO técnico,SEO en CMS,"WordPress, Yoast y Rank Math",control (geo-tracker),mejor plugin para seo wordpress,50,10–100,baja
SEO técnico,SEO en CMS,"WordPress, Yoast y Rank Math",control (geo-tracker),mejor plugin seo wordpress,50,10–100,
SEO técnico,SEO en CMS,"WordPress, Yoast y Rank Math",control (geo-tracker),mejor plugin seo wordpress 2022,50,10–100,baja
SEO técnico,SEO en CMS,"WordPress, Yoast y Rank Math",control (geo-tracker),mejor seo para wordpress,50,10–100,baja
SEO técnico,SEO en CMS,"WordPress, Yoast y Rank Math",control (geo-tracker),mejorar el seo en wordpress,50,10–100,baja
SEO técnico,SEO en CMS,"WordPress, Yoast y Rank Math",control (geo-tracker),mejorar posicionamiento seo wordpress,50,10–100,baja
SEO técnico,SEO en CMS,"WordPress, Yoast y Rank Math",control (geo-tracker),mejorar seo wordpress,50,10–100,alta
SEO técnico,SEO en CMS,"WordPress, Yoast y Rank Math",control (geo-tracker),mejores plugins seo,50,10–100,media
SEO técnico,SEO en CMS,"WordPress, Yoast y Rank Math",control (geo-tracker),my yoast,50,10–100,baja
SEO técnico,SEO en CMS,"WordPress, Yoast y Rank Math",control (geo-tracker),onum wordpress,50,10–100,baja
SEO técnico,SEO en CMS,"WordPress, Yoast y Rank Math",control (geo-tracker),optimizacion seo wordpress,50,10–100,alta
SEO técnico,SEO en CMS,"WordPress, Yoast y Rank Math",control (geo-tracker),para que sirve yoast seo,50,10–100,media
SEO técnico,SEO en CMS,"WordPress, Yoast y Rank Math",control (geo-tracker),plug in seo,50,10–100,baja
SEO técnico,SEO en CMS,"WordPress, Yoast y Rank Math",control (geo-tracker),plug in seo wordpress,50,10–100,baja
SEO técnico,SEO en CMS,"WordPress, Yoast y Rank Math",control (geo-tracker),plug in yoast,50,10–100,baja
SEO técnico,SEO en CMS,"WordPress, Yoast y Rank Math",control (geo-tracker),plug in yoast seo,50,10–100,media
SEO técnico,SEO en CMS,"WordPress, Yoast y Rank Math",control (geo-tracker),plugin all in one seo,50,10–100,media
SEO técnico,SEO en CMS,"WordPress, Yoast y Rank Math",control (geo-tracker),plugin de seo,50,10–100,media
SEO técnico,SEO en CMS,"WordPress, Yoast y Rank Math",control (geo-tracker),plugin para seo,50,10–100,baja
SEO técnico,SEO en CMS,"WordPress, Yoast y Rank Math",control (geo-tracker),plugin para seo en wordpress,50,10–100,
SEO técnico,SEO en CMS,"WordPress, Yoast y Rank Math",control (geo-tracker),plugin para seo wordpress,50,10–100,alta
SEO técnico,SEO en CMS,"WordPress, Yoast y Rank Math",control (geo-tracker),plugin posicionamiento seo wordpress,50,10–100,media
SEO técnico,SEO en CMS,"WordPress, Yoast y Rank Math",control (geo-tracker),plugin rank math,50,10–100,media
SEO técnico,SEO en CMS,"WordPress, Yoast y Rank Math",control (geo-tracker),plugin rank math seo,50,10–100,baja
SEO técnico,SEO en CMS,"WordPress, Yoast y Rank Math",control (geo-tracker),plugin seo blogger,50,10–100,baja
SEO técnico,SEO en CMS,"WordPress, Yoast y Rank Math",control (geo-tracker),plugin seo gratis,50,10–100,baja
SEO técnico,SEO en CMS,"WordPress, Yoast y Rank Math",control (geo-tracker),plugin seo joomla,50,10–100,baja
SEO técnico,SEO en CMS,"WordPress, Yoast y Rank Math",control (geo-tracker),plugin seo para wordpress,50,10–100,baja
SEO técnico,SEO en CMS,"WordPress, Yoast y Rank Math",control (geo-tracker),plugin seo wordpress gratis,50,10–100,alta
SEO técnico,SEO en CMS,"WordPress, Yoast y Rank Math",control (geo-tracker),plugin wordpress posicionamiento google,50,10–100,baja
SEO técnico,SEO en CMS,"WordPress, Yoast y Rank Math",control (geo-tracker),plugin wordpress seo google,50,10–100,baja
SEO técnico,SEO en CMS,"WordPress, Yoast y Rank Math",control (geo-tracker),plugin wordpress yoast seo,50,10–100,alta
SEO técnico,SEO en CMS,"WordPress, Yoast y Rank Math",control (geo-tracker),plugin yoast,50,10–100,alta
SEO técnico,SEO en CMS,"WordPress, Yoast y Rank Math",control (geo-tracker),plugin yoast seo,50,10–100,media
SEO técnico,SEO en CMS,"WordPress, Yoast y Rank Math",control (geo-tracker),plugin yoast seo premium,50,10–100,
SEO técnico,SEO en CMS,"WordPress, Yoast y Rank Math",control (geo-tracker),plugin yoast seo wordpress,50,10–100,alta
SEO técnico,SEO en CMS,"WordPress, Yoast y Rank Math",control (geo-tracker),plugin yoast wordpress,50,10–100,alta
SEO técnico,SEO en CMS,"WordPress, Yoast y Rank Math",control (geo-tracker),plugins de seo para wordpress,50,10–100,
SEO técnico,SEO en CMS,"WordPress, Yoast y Rank Math",control (geo-tracker),polylang yoast,50,10–100,baja
SEO técnico,SEO en CMS,"WordPress, Yoast y Rank Math",control (geo-tracker),polylang yoast seo,50,10–100,baja
SEO técnico,SEO en CMS,"WordPress, Yoast y Rank Math",control (geo-tracker),posicionamiento seo con wordpress,50,10–100,alta
SEO técnico,SEO en CMS,"WordPress, Yoast y Rank Math",control (geo-tracker),posicionamiento seo wordpress,50,10–100,alta
SEO técnico,SEO en CMS,"WordPress, Yoast y Rank Math",control (geo-tracker),posicionamiento web con wordpress,50,10–100,baja
SEO técnico,SEO en CMS,"WordPress, Yoast y Rank Math",control (geo-tracker),posicionamiento web wordpress,50,10–100,media
SEO técnico,SEO en CMS,"WordPress, Yoast y Rank Math",control (geo-tracker),posicionamiento wordpress,50,10–100,baja
SEO técnico,SEO en CMS,"WordPress, Yoast y Rank Math",control (geo-tracker),posicionar pagina web wordpress,50,10–100,baja
SEO técnico,SEO en CMS,"WordPress, Yoast y Rank Math",control (geo-tracker),posicionar web wordpress en google,50,10–100,baja
SEO técnico,SEO en CMS,"WordPress, Yoast y Rank Math",control (geo-tracker),posicionar wordpress en google,50,10–100,
SEO técnico,SEO en CMS,"WordPress, Yoast y Rank Math",control (geo-tracker),premium seo pack,50,10–100,media
SEO técnico,SEO en CMS,"WordPress, Yoast y Rank Math",control (geo-tracker),que es el titulo seo en wordpress,50,10–100,baja
SEO técnico,SEO en CMS,"WordPress, Yoast y Rank Math",control (geo-tracker),que es el yoast seo,50,10–100,baja
SEO técnico,SEO en CMS,"WordPress, Yoast y Rank Math",control (geo-tracker),que es meta description en wordpress,50,10–100,media
SEO técnico,SEO en CMS,"WordPress, Yoast y Rank Math",control (geo-tracker),que es seo en wordpress,50,10–100,media
SEO técnico,SEO en CMS,"WordPress, Yoast y Rank Math",control (geo-tracker),que es seo wordpress,50,10–100,media
SEO técnico,SEO en CMS,"WordPress, Yoast y Rank Math",control (geo-tracker),que es slug en yoast seo,50,10–100,baja
SEO técnico,SEO en CMS,"WordPress, Yoast y Rank Math",control (geo-tracker),que es una meta description en wordpress,50,10–100,baja
SEO técnico,SEO en CMS,"WordPress, Yoast y Rank Math",control (geo-tracker),que es yoast,50,10–100,media
SEO técnico,SEO en CMS,"WordPress, Yoast y Rank Math",control (geo-tracker),que es yoast seo,50,10–100,alta
SEO técnico,SEO en CMS,"WordPress, Yoast y Rank Math",control (geo-tracker),rank math divi,50,10–100,baja
SEO técnico,SEO en CMS,"WordPress, Yoast y Rank Math",control (geo-tracker),rank math seo pro,50,10–100,
SEO técnico,SEO en CMS,"WordPress, Yoast y Rank Math",control (geo-tracker),rank math seo wordpress,50,10–100,alta
SEO técnico,SEO en CMS,"WordPress, Yoast y Rank Math",control (geo-tracker),rank math wordpress seo,50,10–100,baja
SEO técnico,SEO en CMS,"WordPress, Yoast y Rank Math",control (geo-tracker),rank math yoast,50,10–100,baja
SEO técnico,SEO en CMS,"WordPress, Yoast y Rank Math",control (geo-tracker),rank math yoast seo,50,10–100,baja
SEO técnico,SEO en CMS,"WordPress, Yoast y Rank Math",control (geo-tracker),rank seo wordpress,50,10–100,media
SEO técnico,SEO en CMS,"WordPress, Yoast y Rank Math",control (geo-tracker),ryte yoast,50,10–100,baja
SEO técnico,SEO en CMS,"WordPress, Yoast y Rank Math",control (geo-tracker),seo basico wordpress,50,10–100,media
SEO técnico,SEO en CMS,"WordPress, Yoast y Rank Math",control (geo-tracker),seo con divi,50,10–100,baja
SEO técnico,SEO en CMS,"WordPress, Yoast y Rank Math",control (geo-tracker),seo con elementor,50,10–100,baja
SEO técnico,SEO en CMS,"WordPress, Yoast y Rank Math",control (geo-tracker),seo con wordpress,50,10–100,baja
SEO técnico,SEO en CMS,"WordPress, Yoast y Rank Math",control (geo-tracker),seo de wordpress,50,10–100,alta
SEO técnico,SEO en CMS,"WordPress, Yoast y Rank Math",control (geo-tracker),seo divi,50,10–100,baja
SEO técnico,SEO en CMS,"WordPress, Yoast y Rank Math",control (geo-tracker),seo divi wordpress,50,10–100,
SEO técnico,SEO en CMS,"WordPress, Yoast y Rank Math",control (geo-tracker),seo elementor,50,10–100,baja
SEO técnico,SEO en CMS,"WordPress, Yoast y Rank Math",control (geo-tracker),seo elementor wordpress,50,10–100,baja
SEO técnico,SEO en CMS,"WordPress, Yoast y Rank Math",control (geo-tracker),seo en divi,50,10–100,baja
SEO técnico,SEO en CMS,"WordPress, Yoast y Rank Math",control (geo-tracker),seo en elementor,50,10–100,media
SEO técnico,SEO en CMS,"WordPress, Yoast y Rank Math",control (geo-tracker),seo en imagenes wordpress,50,10–100,baja
SEO técnico,SEO en CMS,"WordPress, Yoast y Rank Math",control (geo-tracker),seo google wordpress,50,10–100,baja
SEO técnico,SEO en CMS,"WordPress, Yoast y Rank Math",control (geo-tracker),seo gratis wordpress,50,10–100,baja
SEO técnico,SEO en CMS,"WordPress, Yoast y Rank Math",control (geo-tracker),seo imagenes wordpress,50,10–100,alta
SEO técnico,SEO en CMS,"WordPress, Yoast y Rank Math",control (geo-tracker),seo manager wordpress,50,10–100,baja
SEO técnico,SEO en CMS,"WordPress, Yoast y Rank Math",control (geo-tracker),seo on page wordpress,50,10–100,alta
SEO técnico,SEO en CMS,"WordPress, Yoast y Rank Math",control (geo-tracker),seo pack,50,10–100,media
SEO técnico,SEO en CMS,"WordPress, Yoast y Rank Math",control (geo-tracker),seo pack wordpress,50,10–100,baja
SEO técnico,SEO en CMS,"WordPress, Yoast y Rank Math",control (geo-tracker),seo pagina web wordpress,50,10–100,baja
SEO técnico,SEO en CMS,"WordPress, Yoast y Rank Math",control (geo-tracker),seo para wordpress,50,10–100,media
SEO técnico,SEO en CMS,"WordPress, Yoast y Rank Math",control (geo-tracker),seo premium,50,10–100,media
SEO técnico,SEO en CMS,"WordPress, Yoast y Rank Math",control (geo-tracker),seo rank math,50,10–100,alta
SEO técnico,SEO en CMS,"WordPress, Yoast y Rank Math",control (geo-tracker),seo wordpress,50,10–100,alta
SEO técnico,SEO en CMS,"WordPress, Yoast y Rank Math",control (geo-tracker),seo wordpress 2022,50,10–100,baja
SEO técnico,SEO en CMS,"WordPress, Yoast y Rank Math",control (geo-tracker),seo wordpress elementor,50,10–100,baja
SEO técnico,SEO en CMS,"WordPress, Yoast y Rank Math",control (geo-tracker),seo wordpress gratis,50,10–100,baja
SEO técnico,SEO en CMS,"WordPress, Yoast y Rank Math",control (geo-tracker),seo wp,50,10–100,baja
SEO técnico,SEO en CMS,"WordPress, Yoast y Rank Math",control (geo-tracker),seo y wordpress,50,10–100,baja
SEO técnico,SEO en CMS,"WordPress, Yoast y Rank Math",control (geo-tracker),seopress wordpress,50,10–100,media
SEO técnico,SEO en CMS,"WordPress, Yoast y Rank Math",control (geo-tracker),seopressor,50,10–100,baja
SEO técnico,SEO en CMS,"WordPress, Yoast y Rank Math",control (geo-tracker),seosve wordpress,50,10–100,baja
SEO técnico,SEO en CMS,"WordPress, Yoast y Rank Math",control (geo-tracker),seowordpress,50,10–100,alta
SEO técnico,SEO en CMS,"WordPress, Yoast y Rank Math",control (geo-tracker),setup seo wordpress,50,10–100,baja
SEO técnico,SEO en CMS,"WordPress, Yoast y Rank Math",control (geo-tracker),slug seo yoast,50,10–100,baja
SEO técnico,SEO en CMS,"WordPress, Yoast y Rank Math",control (geo-tracker),slug yoast,50,10–100,baja
SEO técnico,SEO en CMS,"WordPress, Yoast y Rank Math",control (geo-tracker),slug yoast seo,50,10–100,baja
SEO técnico,SEO en CMS,"WordPress, Yoast y Rank Math",control (geo-tracker),tips seo wordpress,50,10–100,baja
SEO técnico,SEO en CMS,"WordPress, Yoast y Rank Math",control (geo-tracker),translatepress yoast seo,50,10–100,baja
SEO técnico,SEO en CMS,"WordPress, Yoast y Rank Math",control (geo-tracker),typo3 yoast,50,10–100,baja
SEO técnico,SEO en CMS,"WordPress, Yoast y Rank Math",control (geo-tracker),variable yoast seo,50,10–100,media
SEO técnico,SEO en CMS,"WordPress, Yoast y Rank Math",control (geo-tracker),wordpress y seo,50,10–100,baja
SEO técnico,SEO en CMS,"WordPress, Yoast y Rank Math",control (geo-tracker),wp all import yoast seo,50,10–100,media
SEO técnico,SEO en CMS,"WordPress, Yoast y Rank Math",control (geo-tracker),wp seo,50,10–100,media
SEO técnico,SEO en CMS,"WordPress, Yoast y Rank Math",control (geo-tracker),wp yoast,50,10–100,alta
SEO técnico,SEO en CMS,"WordPress, Yoast y Rank Math",control (geo-tracker),wpml seo,50,10–100,media
SEO técnico,SEO en CMS,"WordPress, Yoast y Rank Math",control (geo-tracker),wpml yoast,50,10–100,baja
SEO técnico,SEO en CMS,"WordPress, Yoast y Rank Math",control (geo-tracker),wpml yoast seo,50,10–100,baja
SEO técnico,SEO en CMS,"WordPress, Yoast y Rank Math",control (geo-tracker),yoast analytics,50,10–100,baja
SEO técnico,SEO en CMS,"WordPress, Yoast y Rank Math",control (geo-tracker),yoast contact,50,10–100,baja
SEO técnico,SEO en CMS,"WordPress, Yoast y Rank Math",control (geo-tracker),yoast demo,50,10–100,baja
SEO técnico,SEO en CMS,"WordPress, Yoast y Rank Math",control (geo-tracker),yoast divi,50,10–100,baja
SEO técnico,SEO en CMS,"WordPress, Yoast y Rank Math",control (geo-tracker),yoast drupal,50,10–100,media
SEO técnico,SEO en CMS,"WordPress, Yoast y Rank Math",control (geo-tracker),yoast elementor,50,10–100,baja
SEO técnico,SEO en CMS,"WordPress, Yoast y Rank Math",control (geo-tracker),yoast forum,50,10–100,baja
SEO técnico,SEO en CMS,"WordPress, Yoast y Rank Math",control (geo-tracker),yoast gdpr,50,10–100,baja
SEO técnico,SEO en CMS,"WordPress, Yoast y Rank Math",control (geo-tracker),yoast helper,50,10–100,media
SEO técnico,SEO en CMS,"WordPress, Yoast y Rank Math",control (geo-tracker),yoast indexnow,50,10–100,media
SEO técnico,SEO en CMS,"WordPress, Yoast y Rank Math",control (geo-tracker),yoast joomla,50,10–100,baja
SEO técnico,SEO en CMS,"WordPress, Yoast y Rank Math",control (geo-tracker),yoast kosten,50,10–100,baja
SEO técnico,SEO en CMS,"WordPress, Yoast y Rank Math",control (geo-tracker),yoast online,50,10–100,baja
SEO técnico,SEO en CMS,"WordPress, Yoast y Rank Math",control (geo-tracker),yoast polylang,50,10–100,baja
SEO técnico,SEO en CMS,"WordPress, Yoast y Rank Math",control (geo-tracker),yoast premium,50,10–100,
SEO técnico,SEO en CMS,"WordPress, Yoast y Rank Math",control (geo-tracker),yoast premium kosten,50,10–100,baja
SEO técnico,SEO en CMS,"WordPress, Yoast y Rank Math",control (geo-tracker),yoast premium wordpress,50,10–100,baja
SEO técnico,SEO en CMS,"WordPress, Yoast y Rank Math",control (geo-tracker),yoast que es,50,10–100,media
SEO técnico,SEO en CMS,"WordPress, Yoast y Rank Math",control (geo-tracker),yoast rankmath,50,10–100,baja
SEO técnico,SEO en CMS,"WordPress, Yoast y Rank Math",control (geo-tracker),yoast ryte,50,10–100,baja
SEO técnico,SEO en CMS,"WordPress, Yoast y Rank Math",control (geo-tracker),yoast seo & qtranslate x,50,10–100,baja
SEO técnico,SEO en CMS,"WordPress, Yoast y Rank Math",control (geo-tracker),yoast seo 18.0,50,10–100,baja
SEO técnico,SEO en CMS,"WordPress, Yoast y Rank Math",control (geo-tracker),yoast seo 18.3,50,10–100,baja
SEO técnico,SEO en CMS,"WordPress, Yoast y Rank Math",control (geo-tracker),yoast seo 19.1,50,10–100,baja
SEO técnico,SEO en CMS,"WordPress, Yoast y Rank Math",control (geo-tracker),yoast seo 404,50,10–100,media
SEO técnico,SEO en CMS,"WordPress, Yoast y Rank Math",control (geo-tracker),yoast seo all in one,50,10–100,baja
SEO técnico,SEO en CMS,"WordPress, Yoast y Rank Math",control (geo-tracker),yoast seo amp,50,10–100,baja
SEO técnico,SEO en CMS,"WordPress, Yoast y Rank Math",control (geo-tracker),yoast seo blogger,50,10–100,baja
SEO técnico,SEO en CMS,"WordPress, Yoast y Rank Math",control (geo-tracker),yoast seo como funciona,50,10–100,baja
SEO técnico,SEO en CMS,"WordPress, Yoast y Rank Math",control (geo-tracker),yoast seo con elementor,50,10–100,baja
SEO técnico,SEO en CMS,"WordPress, Yoast y Rank Math",control (geo-tracker),yoast seo divi,50,10–100,baja
SEO técnico,SEO en CMS,"WordPress, Yoast y Rank Math",control (geo-tracker),yoast seo elementor,50,10–100,baja
SEO técnico,SEO en CMS,"WordPress, Yoast y Rank Math",control (geo-tracker),yoast seo español,50,10–100,
SEO técnico,SEO en CMS,"WordPress, Yoast y Rank Math",control (geo-tracker),yoast seo faq,50,10–100,baja
SEO técnico,SEO en CMS,"WordPress, Yoast y Rank Math",control (geo-tracker),yoast seo gdpr,50,10–100,baja
SEO técnico,SEO en CMS,"WordPress, Yoast y Rank Math",control (geo-tracker),yoast seo google,50,10–100,baja
SEO técnico,SEO en CMS,"WordPress, Yoast y Rank Math",control (geo-tracker),yoast seo google tag manager,50,10–100,baja
SEO técnico,SEO en CMS,"WordPress, Yoast y Rank Math",control (geo-tracker),yoast seo google verifizierungscode,50,10–100,baja
SEO técnico,SEO en CMS,"WordPress, Yoast y Rank Math",control (geo-tracker),yoast seo gratis,50,10–100,
SEO técnico,SEO en CMS,"WordPress, Yoast y Rank Math",control (geo-tracker),yoast seo html,50,10–100,baja
SEO técnico,SEO en CMS,"WordPress, Yoast y Rank Math",control (geo-tracker),yoast seo joomla,50,10–100,baja
SEO técnico,SEO en CMS,"WordPress, Yoast y Rank Math",control (geo-tracker),yoast seo kosten,50,10–100,baja
SEO técnico,SEO en CMS,"WordPress, Yoast y Rank Math",control (geo-tracker),yoast seo no funciona,50,10–100,baja
SEO técnico,SEO en CMS,"WordPress, Yoast y Rank Math",control (geo-tracker),yoast seo online,50,10–100,media
SEO técnico,SEO en CMS,"WordPress, Yoast y Rank Math",control (geo-tracker),yoast seo para que sirve,50,10–100,alta
SEO técnico,SEO en CMS,"WordPress, Yoast y Rank Math",control (geo-tracker),yoast seo pdf,50,10–100,baja
SEO técnico,SEO en CMS,"WordPress, Yoast y Rank Math",control (geo-tracker),yoast seo php,50,10–100,media
SEO técnico,SEO en CMS,"WordPress, Yoast y Rank Math",control (geo-tracker),yoast seo polylang,50,10–100,baja
SEO técnico,SEO en CMS,"WordPress, Yoast y Rank Math",control (geo-tracker),yoast seo premium,50,10–100,
SEO técnico,SEO en CMS,"WordPress, Yoast y Rank Math",control (geo-tracker),yoast seo premium 18.0,50,10–100,baja
SEO técnico,SEO en CMS,"WordPress, Yoast y Rank Math",control (geo-tracker),yoast seo premium 2022,50,10–100,baja
SEO técnico,SEO en CMS,"WordPress, Yoast y Rank Math",control (geo-tracker),yoast seo premium discount,50,10–100,baja
SEO técnico,SEO en CMS,"WordPress, Yoast y Rank Math",control (geo-tracker),yoast seo premium key,50,10–100,baja
SEO técnico,SEO en CMS,"WordPress, Yoast y Rank Math",control (geo-tracker),yoast seo premium merece la pena,50,10–100,baja
SEO técnico,SEO en CMS,"WordPress, Yoast y Rank Math",control (geo-tracker),yoast seo premium wordpress,50,10–100,baja
SEO técnico,SEO en CMS,"WordPress, Yoast y Rank Math",control (geo-tracker),yoast seo pro,50,10–100,alta
SEO técnico,SEO en CMS,"WordPress, Yoast y Rank Math",control (geo-tracker),yoast seo que es,50,10–100,media
SEO técnico,SEO en CMS,"WordPress, Yoast y Rank Math",control (geo-tracker),yoast seo rss,50,10–100,baja
SEO técnico,SEO en CMS,"WordPress, Yoast y Rank Math",control (geo-tracker),yoast seo titel,50,10–100,baja
SEO técnico,SEO en CMS,"WordPress, Yoast y Rank Math",control (geo-tracker),yoast seo wordpress,50,10–100,alta
SEO técnico,SEO en CMS,"WordPress, Yoast y Rank Math",control (geo-tracker),yoast seo wpml,50,10–100,media
SEO técnico,SEO en CMS,"WordPress, Yoast y Rank Math",control (geo-tracker),yoast typo3,50,10–100,baja
SEO técnico,SEO en CMS,"WordPress, Yoast y Rank Math",control (geo-tracker),yoast video,50,10–100,baja
SEO técnico,SEO en CMS,"WordPress, Yoast y Rank Math",control (geo-tracker),yoast website,50,10–100,baja
SEO técnico,SEO en CMS,"WordPress, Yoast y Rank Math",control (geo-tracker),yoast wordpress,50,10–100,alta
SEO técnico,SEO en CMS,"WordPress, Yoast y Rank Math",control (geo-tracker),yoast wp,50,10–100,alta
SEO técnico,SEO en CMS,"WordPress, Yoast y Rank Math",control (geo-tracker),yoast wpml,50,10–100,media
SEO técnico,SEO técnico (general),SEO técnico y avanzado,servicio,seo tecnico,500,100–1.000,media
SEO técnico,SEO técnico (general),SEO técnico y avanzado,servicio,seo técnico,500,100–1.000,media
SEO técnico,SEO técnico (general),SEO técnico y avanzado,servicio,enterprise seo,50,10–100,media
SEO técnico,SEO técnico (general),SEO técnico y avanzado,servicio,posicionamiento seo avanzado,50,10–100,media
SEO técnico,SEO técnico (general),SEO técnico y avanzado,servicio,python para seo,50,10–100,media
SEO técnico,SEO técnico (general),SEO técnico y avanzado,servicio,que es el seo tecnico,50,10–100,media
SEO técnico,SEO técnico (general),SEO técnico y avanzado,servicio,que es seo tecnico,50,10–100,media
SEO técnico,SEO técnico (general),SEO técnico y avanzado,servicio,scraping seo,50,10–100,media
SEO técnico,SEO técnico (general),SEO técnico y avanzado,servicio,seo avanzado,50,10–100,alta
SEO técnico,SEO técnico (general),SEO técnico y avanzado,servicio,seo avanzado casi todo lo que sé sobre posicionamiento web,50,10–100,
SEO técnico,SEO técnico (general),SEO técnico y avanzado,servicio,seo avanzado pdf,50,10–100,baja
SEO técnico,SEO técnico (general),SEO técnico y avanzado,servicio,seo enterprise,50,10–100,media
SEO técnico,SEO técnico (general),SEO técnico y avanzado,servicio,seo programatico,50,10–100,media
SEO técnico,SEO técnico (general),SEO técnico y avanzado,servicio,seo tecnicas avanzadas,50,10–100,
SEO técnico,SEO técnico (general),SEO técnico y avanzado,servicio,seo tecnico avanzado,50,10–100,baja
SEO técnico,SEO técnico (general),SEO técnico y avanzado,servicio,seo tecnico que es,50,10–100,media
SEO técnico,SEO técnico (general),SEO técnico y avanzado,servicio,tecnico en seo,50,10–100,alta
SEO técnico,SEO técnico (general),SEO técnico y avanzado,servicio,tecnico seo,50,10–100,alta
SEO técnico,SEO técnico (general),SEO técnico y avanzado,servicio,técnico seo,50,10–100,alta
SEO técnico,SEO técnico (general),SEO técnico y avanzado,servicio,paginas programaticas,0,<10,baja
SEO técnico,SEO técnico (general),SEO técnico y avanzado,servicio,seo a escala,0,<10,baja
SEO técnico,SEO técnico (general),SEO técnico y avanzado,servicio,seo con python,0,<10,baja
SEO técnico,SEO técnico (general),SEO técnico y avanzado,servicio,seo para webs grandes,0,<10,baja
SEO técnico,WPO y Core Web Vitals,Core Web Vitals y velocidad,atrae a tu cliente,core web vitals,500,100–1.000,media
SEO técnico,WPO y Core Web Vitals,Core Web Vitals y velocidad,atrae a tu cliente,medir velocidad web,500,100–1.000,media
SEO técnico,WPO y Core Web Vitals,Core Web Vitals y velocidad,atrae a tu cliente,test de velocidad web,500,100–1.000,media
SEO técnico,WPO y Core Web Vitals,Core Web Vitals y velocidad,atrae a tu cliente,test de velocidad website,500,100–1.000,media
SEO técnico,WPO y Core Web Vitals,Core Web Vitals y velocidad,atrae a tu cliente,test velocidad web,500,100–1.000,media
SEO técnico,WPO y Core Web Vitals,Core Web Vitals y velocidad,atrae a tu cliente,test velocidad website,500,100–1.000,media
SEO técnico,WPO y Core Web Vitals,Core Web Vitals y velocidad,atrae a tu cliente,velocidad de carga,500,100–1.000,media
SEO técnico,WPO y Core Web Vitals,Core Web Vitals y velocidad,atrae a tu cliente,velocidad de carga web,500,100–1.000,media
SEO técnico,WPO y Core Web Vitals,Core Web Vitals y velocidad,atrae a tu cliente,velocidad web,500,100–1.000,media
SEO técnico,WPO y Core Web Vitals,Core Web Vitals y velocidad,atrae a tu cliente,velocidad web google,500,100–1.000,media
SEO técnico,WPO y Core Web Vitals,Core Web Vitals y velocidad,atrae a tu cliente,web velocidad,500,100–1.000,media
SEO técnico,WPO y Core Web Vitals,Core Web Vitals y velocidad,atrae a tu cliente,webvitals,500,100–1.000,media
SEO técnico,WPO y Core Web Vitals,Core Web Vitals y velocidad,atrae a tu cliente,wpo,500,100–1.000,media
SEO técnico,WPO y Core Web Vitals,Core Web Vitals y velocidad,atrae a tu cliente,acelerar carga de paginas web,50,10–100,baja
SEO técnico,WPO y Core Web Vitals,Core Web Vitals y velocidad,atrae a tu cliente,analisis velocidad web,50,10–100,media
SEO técnico,WPO y Core Web Vitals,Core Web Vitals y velocidad,atrae a tu cliente,analizar tiempo de carga web,50,10–100,baja
SEO técnico,WPO y Core Web Vitals,Core Web Vitals y velocidad,atrae a tu cliente,analizar velocidad carga web,50,10–100,media
SEO técnico,WPO y Core Web Vitals,Core Web Vitals y velocidad,atrae a tu cliente,analizar velocidad de pagina web,50,10–100,baja
SEO técnico,WPO y Core Web Vitals,Core Web Vitals y velocidad,atrae a tu cliente,analizar velocidad pagina web,50,10–100,alta
SEO técnico,WPO y Core Web Vitals,Core Web Vitals y velocidad,atrae a tu cliente,analizar velocidad web,50,10–100,media
SEO técnico,WPO y Core Web Vitals,Core Web Vitals y velocidad,atrae a tu cliente,calcular velocidad web,50,10–100,media
SEO técnico,WPO y Core Web Vitals,Core Web Vitals y velocidad,atrae a tu cliente,carga de pagina web,50,10–100,baja
SEO técnico,WPO y Core Web Vitals,Core Web Vitals y velocidad,atrae a tu cliente,carga pagina web,50,10–100,media
SEO técnico,WPO y Core Web Vitals,Core Web Vitals y velocidad,atrae a tu cliente,comprobar tiempo de carga web,50,10–100,
SEO técnico,WPO y Core Web Vitals,Core Web Vitals y velocidad,atrae a tu cliente,comprobar velocidad carga web,50,10–100,media
SEO técnico,WPO y Core Web Vitals,Core Web Vitals y velocidad,atrae a tu cliente,comprobar velocidad de carga,50,10–100,media
SEO técnico,WPO y Core Web Vitals,Core Web Vitals y velocidad,atrae a tu cliente,comprobar velocidad de carga de una web,50,10–100,media
SEO técnico,WPO y Core Web Vitals,Core Web Vitals y velocidad,atrae a tu cliente,comprobar velocidad de carga web,50,10–100,media
SEO técnico,WPO y Core Web Vitals,Core Web Vitals y velocidad,atrae a tu cliente,comprobar velocidad de mi web,50,10–100,media
SEO técnico,WPO y Core Web Vitals,Core Web Vitals y velocidad,atrae a tu cliente,comprobar velocidad de pagina web,50,10–100,media
SEO técnico,WPO y Core Web Vitals,Core Web Vitals y velocidad,atrae a tu cliente,comprobar velocidad de una web,50,10–100,media
SEO técnico,WPO y Core Web Vitals,Core Web Vitals y velocidad,atrae a tu cliente,comprobar velocidad de web,50,10–100,
SEO técnico,WPO y Core Web Vitals,Core Web Vitals y velocidad,atrae a tu cliente,comprobar velocidad pagina web,50,10–100,media
SEO técnico,WPO y Core Web Vitals,Core Web Vitals y velocidad,atrae a tu cliente,comprobar velocidad web,50,10–100,media
SEO técnico,WPO y Core Web Vitals,Core Web Vitals y velocidad,atrae a tu cliente,comprobar velocidad web google,50,10–100,media
SEO técnico,WPO y Core Web Vitals,Core Web Vitals y velocidad,atrae a tu cliente,core web vitals de google,50,10–100,alta
SEO técnico,WPO y Core Web Vitals,Core Web Vitals y velocidad,atrae a tu cliente,extension chrome velocidad videos,50,10–100,media
SEO técnico,WPO y Core Web Vitals,Core Web Vitals y velocidad,atrae a tu cliente,gmetrix velocidad web,50,10–100,media
SEO técnico,WPO y Core Web Vitals,Core Web Vitals y velocidad,atrae a tu cliente,google test de velocidad web,50,10–100,baja
SEO técnico,WPO y Core Web Vitals,Core Web Vitals y velocidad,atrae a tu cliente,google test velocidad web,50,10–100,media
SEO técnico,WPO y Core Web Vitals,Core Web Vitals y velocidad,atrae a tu cliente,google velocidad carga web,50,10–100,baja
SEO técnico,WPO y Core Web Vitals,Core Web Vitals y velocidad,atrae a tu cliente,google velocidad de carga,50,10–100,media
SEO técnico,WPO y Core Web Vitals,Core Web Vitals y velocidad,atrae a tu cliente,herramientas para medir la velocidad de carga de una web,50,10–100,baja
SEO técnico,WPO y Core Web Vitals,Core Web Vitals y velocidad,atrae a tu cliente,herramientas para medir la velocidad de una pagina web,50,10–100,baja
SEO técnico,WPO y Core Web Vitals,Core Web Vitals y velocidad,atrae a tu cliente,herramientas para medir rendimiento de paginas web,50,10–100,baja
SEO técnico,WPO y Core Web Vitals,Core Web Vitals y velocidad,atrae a tu cliente,herramientas velocidad web,50,10–100,media
SEO técnico,WPO y Core Web Vitals,Core Web Vitals y velocidad,atrae a tu cliente,internet velocidad de carga,50,10–100,media
SEO técnico,WPO y Core Web Vitals,Core Web Vitals y velocidad,atrae a tu cliente,largest contentful paint mejorar,50,10–100,baja
SEO técnico,WPO y Core Web Vitals,Core Web Vitals y velocidad,atrae a tu cliente,lcp google,50,10–100,media
SEO técnico,WPO y Core Web Vitals,Core Web Vitals y velocidad,atrae a tu cliente,medidor de velocidad de paginas web,50,10–100,baja
SEO técnico,WPO y Core Web Vitals,Core Web Vitals y velocidad,atrae a tu cliente,medidor de velocidad pagina web,50,10–100,baja
SEO técnico,WPO y Core Web Vitals,Core Web Vitals y velocidad,atrae a tu cliente,medidor de velocidad pagina web google,50,10–100,baja
SEO técnico,WPO y Core Web Vitals,Core Web Vitals y velocidad,atrae a tu cliente,medidor de velocidad web,50,10–100,media
SEO técnico,WPO y Core Web Vitals,Core Web Vitals y velocidad,atrae a tu cliente,medidor de velocidad web google,50,10–100,baja
SEO técnico,WPO y Core Web Vitals,Core Web Vitals y velocidad,atrae a tu cliente,medir carga de pagina web,50,10–100,
SEO técnico,WPO y Core Web Vitals,Core Web Vitals y velocidad,atrae a tu cliente,medir carga web,50,10–100,media
SEO técnico,WPO y Core Web Vitals,Core Web Vitals y velocidad,atrae a tu cliente,medir el tiempo de carga de una web,50,10–100,baja
SEO técnico,WPO y Core Web Vitals,Core Web Vitals y velocidad,atrae a tu cliente,medir la velocidad de carga de un sitio web,50,10–100,baja
SEO técnico,WPO y Core Web Vitals,Core Web Vitals y velocidad,atrae a tu cliente,medir la velocidad de la pagina web,50,10–100,baja
SEO técnico,WPO y Core Web Vitals,Core Web Vitals y velocidad,atrae a tu cliente,medir la velocidad de mi pagina web,50,10–100,baja
SEO técnico,WPO y Core Web Vitals,Core Web Vitals y velocidad,atrae a tu cliente,medir la velocidad de mi sitio web,50,10–100,baja
SEO técnico,WPO y Core Web Vitals,Core Web Vitals y velocidad,atrae a tu cliente,medir la velocidad de mi web,50,10–100,baja
SEO técnico,WPO y Core Web Vitals,Core Web Vitals y velocidad,atrae a tu cliente,medir la velocidad de un sitio web,50,10–100,alta
SEO técnico,WPO y Core Web Vitals,Core Web Vitals y velocidad,atrae a tu cliente,medir la velocidad de una pagina web,50,10–100,media
SEO técnico,WPO y Core Web Vitals,Core Web Vitals y velocidad,atrae a tu cliente,medir la velocidad de una web,50,10–100,media
SEO técnico,WPO y Core Web Vitals,Core Web Vitals y velocidad,atrae a tu cliente,medir rendimiento de pagina web,50,10–100,
SEO técnico,WPO y Core Web Vitals,Core Web Vitals y velocidad,atrae a tu cliente,medir rendimiento pagina web,50,10–100,alta
SEO técnico,WPO y Core Web Vitals,Core Web Vitals y velocidad,atrae a tu cliente,medir tiempo carga web,50,10–100,media
SEO técnico,WPO y Core Web Vitals,Core Web Vitals y velocidad,atrae a tu cliente,medir tiempo de carga de una web,50,10–100,
SEO técnico,WPO y Core Web Vitals,Core Web Vitals y velocidad,atrae a tu cliente,medir tiempo de carga pagina web,50,10–100,media
SEO técnico,WPO y Core Web Vitals,Core Web Vitals y velocidad,atrae a tu cliente,medir tiempo de carga web,50,10–100,
SEO técnico,WPO y Core Web Vitals,Core Web Vitals y velocidad,atrae a tu cliente,medir velocidad carga pagina web,50,10–100,media
SEO técnico,WPO y Core Web Vitals,Core Web Vitals y velocidad,atrae a tu cliente,medir velocidad carga web,50,10–100,media
SEO técnico,WPO y Core Web Vitals,Core Web Vitals y velocidad,atrae a tu cliente,medir velocidad de carga,50,10–100,media
SEO técnico,WPO y Core Web Vitals,Core Web Vitals y velocidad,atrae a tu cliente,medir velocidad de carga de pagina web,50,10–100,baja
SEO técnico,WPO y Core Web Vitals,Core Web Vitals y velocidad,atrae a tu cliente,medir velocidad de carga de un sitio web,50,10–100,baja
SEO técnico,WPO y Core Web Vitals,Core Web Vitals y velocidad,atrae a tu cliente,medir velocidad de carga de una pagina,50,10–100,
SEO técnico,WPO y Core Web Vitals,Core Web Vitals y velocidad,atrae a tu cliente,medir velocidad de carga de una web,50,10–100,alta
SEO técnico,WPO y Core Web Vitals,Core Web Vitals y velocidad,atrae a tu cliente,medir velocidad de la web,50,10–100,media
SEO técnico,WPO y Core Web Vitals,Core Web Vitals y velocidad,atrae a tu cliente,medir velocidad de mi pagina web,50,10–100,baja
SEO técnico,WPO y Core Web Vitals,Core Web Vitals y velocidad,atrae a tu cliente,medir velocidad de mi sitio web,50,10–100,baja
SEO técnico,WPO y Core Web Vitals,Core Web Vitals y velocidad,atrae a tu cliente,medir velocidad de mi web,50,10–100,media
SEO técnico,WPO y Core Web Vitals,Core Web Vitals y velocidad,atrae a tu cliente,medir velocidad de pagina,50,10–100,baja
SEO técnico,WPO y Core Web Vitals,Core Web Vitals y velocidad,atrae a tu cliente,medir velocidad de pagina web,50,10–100,media
SEO técnico,WPO y Core Web Vitals,Core Web Vitals y velocidad,atrae a tu cliente,medir velocidad de pagina web google,50,10–100,baja
SEO técnico,WPO y Core Web Vitals,Core Web Vitals y velocidad,atrae a tu cliente,medir velocidad de sitio web,50,10–100,
SEO técnico,WPO y Core Web Vitals,Core Web Vitals y velocidad,atrae a tu cliente,medir velocidad de un sitio web,50,10–100,alta
SEO técnico,WPO y Core Web Vitals,Core Web Vitals y velocidad,atrae a tu cliente,medir velocidad de una pagina,50,10–100,alta
SEO técnico,WPO y Core Web Vitals,Core Web Vitals y velocidad,atrae a tu cliente,medir velocidad de una pagina web,50,10–100,baja
SEO técnico,WPO y Core Web Vitals,Core Web Vitals y velocidad,atrae a tu cliente,medir velocidad google,50,10–100,media
SEO técnico,WPO y Core Web Vitals,Core Web Vitals y velocidad,atrae a tu cliente,medir velocidad pagina web,50,10–100,media
SEO técnico,WPO y Core Web Vitals,Core Web Vitals y velocidad,atrae a tu cliente,medir velocidad pagina web google,50,10–100,baja
SEO técnico,WPO y Core Web Vitals,Core Web Vitals y velocidad,atrae a tu cliente,medir velocidad sitio web,50,10–100,media
SEO técnico,WPO y Core Web Vitals,Core Web Vitals y velocidad,atrae a tu cliente,medir velocidad web google,50,10–100,media
SEO técnico,WPO y Core Web Vitals,Core Web Vitals y velocidad,atrae a tu cliente,mi pagina web carga muy lento,50,10–100,
SEO técnico,WPO y Core Web Vitals,Core Web Vitals y velocidad,atrae a tu cliente,pagina de carga,50,10–100,media
SEO técnico,WPO y Core Web Vitals,Core Web Vitals y velocidad,atrae a tu cliente,pagina web lenta,50,10–100,baja
SEO técnico,WPO y Core Web Vitals,Core Web Vitals y velocidad,atrae a tu cliente,paginas para medir la velocidad de mi web,50,10–100,media
SEO técnico,WPO y Core Web Vitals,Core Web Vitals y velocidad,atrae a tu cliente,planificador de rendimiento de google ads,50,10–100,baja
SEO técnico,WPO y Core Web Vitals,Core Web Vitals y velocidad,atrae a tu cliente,planificador de rendimiento google ads,50,10–100,media
SEO técnico,WPO y Core Web Vitals,Core Web Vitals y velocidad,atrae a tu cliente,planificador rendimiento google ads,50,10–100,baja
SEO técnico,WPO y Core Web Vitals,Core Web Vitals y velocidad,atrae a tu cliente,posicionamiento en la web para el emprendimiento,50,10–100,
SEO técnico,WPO y Core Web Vitals,Core Web Vitals y velocidad,atrae a tu cliente,posicionamiento seo wpo,50,10–100,baja
SEO técnico,WPO y Core Web Vitals,Core Web Vitals y velocidad,atrae a tu cliente,probar velocidad de pagina web,50,10–100,baja
SEO técnico,WPO y Core Web Vitals,Core Web Vitals y velocidad,atrae a tu cliente,probar velocidad pagina web,50,10–100,baja
SEO técnico,WPO y Core Web Vitals,Core Web Vitals y velocidad,atrae a tu cliente,probar velocidad web,50,10–100,media
SEO técnico,WPO y Core Web Vitals,Core Web Vitals y velocidad,atrae a tu cliente,prueba de velocidad de pagina web,50,10–100,baja
SEO técnico,WPO y Core Web Vitals,Core Web Vitals y velocidad,atrae a tu cliente,prueba de velocidad pagina web,50,10–100,media
SEO técnico,WPO y Core Web Vitals,Core Web Vitals y velocidad,atrae a tu cliente,prueba de velocidad web,50,10–100,media
SEO técnico,WPO y Core Web Vitals,Core Web Vitals y velocidad,atrae a tu cliente,prueba velocidad web,50,10–100,media
SEO técnico,WPO y Core Web Vitals,Core Web Vitals y velocidad,atrae a tu cliente,pruebas de rendimiento pagina web,50,10–100,baja
SEO técnico,WPO y Core Web Vitals,Core Web Vitals y velocidad,atrae a tu cliente,que es el wpo,50,10–100,media
SEO técnico,WPO y Core Web Vitals,Core Web Vitals y velocidad,atrae a tu cliente,rapidez pagina web,50,10–100,media
SEO técnico,WPO y Core Web Vitals,Core Web Vitals y velocidad,atrae a tu cliente,rapidez web,50,10–100,media
SEO técnico,WPO y Core Web Vitals,Core Web Vitals y velocidad,atrae a tu cliente,rendimiento de pagina web,50,10–100,baja
SEO técnico,WPO y Core Web Vitals,Core Web Vitals y velocidad,atrae a tu cliente,rendimiento de una pagina web,50,10–100,alta
SEO técnico,WPO y Core Web Vitals,Core Web Vitals y velocidad,atrae a tu cliente,rendimiento pagina web,50,10–100,media
SEO técnico,WPO y Core Web Vitals,Core Web Vitals y velocidad,atrae a tu cliente,rendimiento pagina web google,50,10–100,media
SEO técnico,WPO y Core Web Vitals,Core Web Vitals y velocidad,atrae a tu cliente,speed test carga,50,10–100,baja
SEO técnico,WPO y Core Web Vitals,Core Web Vitals y velocidad,atrae a tu cliente,speed test pagina web,50,10–100,media
SEO técnico,WPO y Core Web Vitals,Core Web Vitals y velocidad,atrae a tu cliente,speed test sitio web,50,10–100,media
SEO técnico,WPO y Core Web Vitals,Core Web Vitals y velocidad,atrae a tu cliente,test carga pagina web,50,10–100,baja
SEO técnico,WPO y Core Web Vitals,Core Web Vitals y velocidad,atrae a tu cliente,test carga web,50,10–100,media
SEO técnico,WPO y Core Web Vitals,Core Web Vitals y velocidad,atrae a tu cliente,test de carga de pagina web,50,10–100,
SEO técnico,WPO y Core Web Vitals,Core Web Vitals y velocidad,atrae a tu cliente,test de carga web,50,10–100,media
SEO técnico,WPO y Core Web Vitals,Core Web Vitals y velocidad,atrae a tu cliente,test de velocidad carga web,50,10–100,media
SEO técnico,WPO y Core Web Vitals,Core Web Vitals y velocidad,atrae a tu cliente,test de velocidad chrome,50,10–100,baja
SEO técnico,WPO y Core Web Vitals,Core Web Vitals y velocidad,atrae a tu cliente,test de velocidad de carga de pagina web,50,10–100,media
SEO técnico,WPO y Core Web Vitals,Core Web Vitals y velocidad,atrae a tu cliente,test de velocidad de carga web,50,10–100,alta
SEO técnico,WPO y Core Web Vitals,Core Web Vitals y velocidad,atrae a tu cliente,test de velocidad de google chrome,50,10–100,media
SEO técnico,WPO y Core Web Vitals,Core Web Vitals y velocidad,atrae a tu cliente,test de velocidad de mi pagina web,50,10–100,media
SEO técnico,WPO y Core Web Vitals,Core Web Vitals y velocidad,atrae a tu cliente,test de velocidad de mi sitio web,50,10–100,baja
SEO técnico,WPO y Core Web Vitals,Core Web Vitals y velocidad,atrae a tu cliente,test de velocidad de mi web,50,10–100,media
SEO técnico,WPO y Core Web Vitals,Core Web Vitals y velocidad,atrae a tu cliente,test de velocidad de pagina web google,50,10–100,baja
SEO técnico,WPO y Core Web Vitals,Core Web Vitals y velocidad,atrae a tu cliente,test de velocidad de una pagina web,50,10–100,media
SEO técnico,WPO y Core Web Vitals,Core Web Vitals y velocidad,atrae a tu cliente,test de velocidad de una web,50,10–100,media
SEO técnico,WPO y Core Web Vitals,Core Web Vitals y velocidad,atrae a tu cliente,test de velocidad en chrome,50,10–100,baja
SEO técnico,WPO y Core Web Vitals,Core Web Vitals y velocidad,atrae a tu cliente,test de velocidad google chrome,50,10–100,baja
SEO técnico,WPO y Core Web Vitals,Core Web Vitals y velocidad,atrae a tu cliente,test de velocidad google pagina web,50,10–100,baja
SEO técnico,WPO y Core Web Vitals,Core Web Vitals y velocidad,atrae a tu cliente,test de velocidad google web,50,10–100,media
SEO técnico,WPO y Core Web Vitals,Core Web Vitals y velocidad,atrae a tu cliente,test de velocidad html5,50,10–100,media
SEO técnico,WPO y Core Web Vitals,Core Web Vitals y velocidad,atrae a tu cliente,test de velocidad pagina web,50,10–100,media
SEO técnico,WPO y Core Web Vitals,Core Web Vitals y velocidad,atrae a tu cliente,test de velocidad pagina web google,50,10–100,baja
SEO técnico,WPO y Core Web Vitals,Core Web Vitals y velocidad,atrae a tu cliente,test de velocidad paginas web,50,10–100,baja
SEO técnico,WPO y Core Web Vitals,Core Web Vitals y velocidad,atrae a tu cliente,test de velocidad para paginas web,50,10–100,alta
SEO técnico,WPO y Core Web Vitals,Core Web Vitals y velocidad,atrae a tu cliente,test de velocidad sitio web,50,10–100,baja
SEO técnico,WPO y Core Web Vitals,Core Web Vitals y velocidad,atrae a tu cliente,test de velocidad sitio web google,50,10–100,baja
SEO técnico,WPO y Core Web Vitals,Core Web Vitals y velocidad,atrae a tu cliente,test de velocidad web google,50,10–100,media
SEO técnico,WPO y Core Web Vitals,Core Web Vitals y velocidad,atrae a tu cliente,test rendimiento web,50,10–100,media
SEO técnico,WPO y Core Web Vitals,Core Web Vitals y velocidad,atrae a tu cliente,test velocidad carga web,50,10–100,media
SEO técnico,WPO y Core Web Vitals,Core Web Vitals y velocidad,atrae a tu cliente,test velocidad carga web google,50,10–100,baja
SEO técnico,WPO y Core Web Vitals,Core Web Vitals y velocidad,atrae a tu cliente,test velocidad de carga pagina web,50,10–100,baja
SEO técnico,WPO y Core Web Vitals,Core Web Vitals y velocidad,atrae a tu cliente,test velocidad de carga web,50,10–100,baja
SEO técnico,WPO y Core Web Vitals,Core Web Vitals y velocidad,atrae a tu cliente,test velocidad de mi web,50,10–100,media
SEO técnico,WPO y Core Web Vitals,Core Web Vitals y velocidad,atrae a tu cliente,test velocidad de pagina web,50,10–100,media
SEO técnico,WPO y Core Web Vitals,Core Web Vitals y velocidad,atrae a tu cliente,test velocidad de web,50,10–100,baja
SEO técnico,WPO y Core Web Vitals,Core Web Vitals y velocidad,atrae a tu cliente,test velocidad google web,50,10–100,media
SEO técnico,WPO y Core Web Vitals,Core Web Vitals y velocidad,atrae a tu cliente,test velocidad html5,50,10–100,media
SEO técnico,WPO y Core Web Vitals,Core Web Vitals y velocidad,atrae a tu cliente,test velocidad pagina web,50,10–100,media
SEO técnico,WPO y Core Web Vitals,Core Web Vitals y velocidad,atrae a tu cliente,test velocidad pagina web google,50,10–100,baja
SEO técnico,WPO y Core Web Vitals,Core Web Vitals y velocidad,atrae a tu cliente,test velocidad sitio web,50,10–100,media
SEO técnico,WPO y Core Web Vitals,Core Web Vitals y velocidad,atrae a tu cliente,test velocidad web google,50,10–100,media
SEO técnico,WPO y Core Web Vitals,Core Web Vitals y velocidad,atrae a tu cliente,test velocidad web pingdom,50,10–100,baja
SEO técnico,WPO y Core Web Vitals,Core Web Vitals y velocidad,atrae a tu cliente,test velocidad web wordpress,50,10–100,baja
SEO técnico,WPO y Core Web Vitals,Core Web Vitals y velocidad,atrae a tu cliente,test velocidad wordpress,50,10–100,baja
SEO técnico,WPO y Core Web Vitals,Core Web Vitals y velocidad,atrae a tu cliente,test web velocidad,50,10–100,
SEO técnico,WPO y Core Web Vitals,Core Web Vitals y velocidad,atrae a tu cliente,tiempo carga pagina web,50,10–100,media
SEO técnico,WPO y Core Web Vitals,Core Web Vitals y velocidad,atrae a tu cliente,tiempo carga web,50,10–100,media
SEO técnico,WPO y Core Web Vitals,Core Web Vitals y velocidad,atrae a tu cliente,tiempo de carga de mi web,50,10–100,baja
SEO técnico,WPO y Core Web Vitals,Core Web Vitals y velocidad,atrae a tu cliente,tiempo de carga de pagina web,50,10–100,media
SEO técnico,WPO y Core Web Vitals,Core Web Vitals y velocidad,atrae a tu cliente,tiempo de carga de un sitio web,50,10–100,media
SEO técnico,WPO y Core Web Vitals,Core Web Vitals y velocidad,atrae a tu cliente,tiempo de carga de una pagina,50,10–100,media
SEO técnico,WPO y Core Web Vitals,Core Web Vitals y velocidad,atrae a tu cliente,tiempo de carga de una web,50,10–100,
SEO técnico,WPO y Core Web Vitals,Core Web Vitals y velocidad,atrae a tu cliente,tiempo de carga de web,50,10–100,
SEO técnico,WPO y Core Web Vitals,Core Web Vitals y velocidad,atrae a tu cliente,tiempo de carga sitio web,50,10–100,baja
SEO técnico,WPO y Core Web Vitals,Core Web Vitals y velocidad,atrae a tu cliente,tiempo de carga web,50,10–100,media
SEO técnico,WPO y Core Web Vitals,Core Web Vitals y velocidad,atrae a tu cliente,tiempo de carga web google,50,10–100,baja
SEO técnico,WPO y Core Web Vitals,Core Web Vitals y velocidad,atrae a tu cliente,velocidad carga,50,10–100,media
SEO técnico,WPO y Core Web Vitals,Core Web Vitals y velocidad,atrae a tu cliente,velocidad carga google,50,10–100,media
SEO técnico,WPO y Core Web Vitals,Core Web Vitals y velocidad,atrae a tu cliente,velocidad carga internet,50,10–100,media
SEO técnico,WPO y Core Web Vitals,Core Web Vitals y velocidad,atrae a tu cliente,velocidad carga pagina,50,10–100,media
SEO técnico,WPO y Core Web Vitals,Core Web Vitals y velocidad,atrae a tu cliente,velocidad carga pagina web,50,10–100,media
SEO técnico,WPO y Core Web Vitals,Core Web Vitals y velocidad,atrae a tu cliente,velocidad carga web,50,10–100,media
SEO técnico,WPO y Core Web Vitals,Core Web Vitals y velocidad,atrae a tu cliente,velocidad carga web google,50,10–100,media
SEO técnico,WPO y Core Web Vitals,Core Web Vitals y velocidad,atrae a tu cliente,velocidad de carga de internet,50,10–100,media
SEO técnico,WPO y Core Web Vitals,Core Web Vitals y velocidad,atrae a tu cliente,velocidad de carga de la web,50,10–100,baja
SEO técnico,WPO y Core Web Vitals,Core Web Vitals y velocidad,atrae a tu cliente,velocidad de carga de mi internet,50,10–100,baja
SEO técnico,WPO y Core Web Vitals,Core Web Vitals y velocidad,atrae a tu cliente,velocidad de carga de mi web,50,10–100,alta
SEO técnico,WPO y Core Web Vitals,Core Web Vitals y velocidad,atrae a tu cliente,velocidad de carga de pagina,50,10–100,media
SEO técnico,WPO y Core Web Vitals,Core Web Vitals y velocidad,atrae a tu cliente,velocidad de carga de pagina web,50,10–100,media
SEO técnico,WPO y Core Web Vitals,Core Web Vitals y velocidad,atrae a tu cliente,velocidad de carga de pagina web google,50,10–100,media
SEO técnico,WPO y Core Web Vitals,Core Web Vitals y velocidad,atrae a tu cliente,velocidad de carga de sitio web,50,10–100,baja
SEO técnico,WPO y Core Web Vitals,Core Web Vitals y velocidad,atrae a tu cliente,velocidad de carga de un sitio web,50,10–100,baja
SEO técnico,WPO y Core Web Vitals,Core Web Vitals y velocidad,atrae a tu cliente,velocidad de carga de web,50,10–100,alta
SEO técnico,WPO y Core Web Vitals,Core Web Vitals y velocidad,atrae a tu cliente,velocidad de carga en internet,50,10–100,baja
SEO técnico,WPO y Core Web Vitals,Core Web Vitals y velocidad,atrae a tu cliente,velocidad de carga google,50,10–100,media
SEO técnico,WPO y Core Web Vitals,Core Web Vitals y velocidad,atrae a tu cliente,velocidad de carga normal,50,10–100,media
SEO técnico,WPO y Core Web Vitals,Core Web Vitals y velocidad,atrae a tu cliente,velocidad de carga sitio web,50,10–100,baja
SEO técnico,WPO y Core Web Vitals,Core Web Vitals y velocidad,atrae a tu cliente,velocidad de carga web google,50,10–100,media
SEO técnico,WPO y Core Web Vitals,Core Web Vitals y velocidad,atrae a tu cliente,velocidad de carga wordpress,50,10–100,baja
SEO técnico,WPO y Core Web Vitals,Core Web Vitals y velocidad,atrae a tu cliente,velocidad de conexion carga,50,10–100,media
SEO técnico,WPO y Core Web Vitals,Core Web Vitals y velocidad,atrae a tu cliente,velocidad de conexion carga ps5,50,10–100,media
SEO técnico,WPO y Core Web Vitals,Core Web Vitals y velocidad,atrae a tu cliente,velocidad de la pagina,50,10–100,media
SEO técnico,WPO y Core Web Vitals,Core Web Vitals y velocidad,atrae a tu cliente,velocidad de la pagina web,50,10–100,media
SEO técnico,WPO y Core Web Vitals,Core Web Vitals y velocidad,atrae a tu cliente,velocidad de la web,50,10–100,media
SEO técnico,WPO y Core Web Vitals,Core Web Vitals y velocidad,atrae a tu cliente,velocidad de mi pagina,50,10–100,baja
SEO técnico,WPO y Core Web Vitals,Core Web Vitals y velocidad,atrae a tu cliente,velocidad de mi pagina web,50,10–100,alta
SEO técnico,WPO y Core Web Vitals,Core Web Vitals y velocidad,atrae a tu cliente,velocidad de mi sitio,50,10–100,baja
SEO técnico,WPO y Core Web Vitals,Core Web Vitals y velocidad,atrae a tu cliente,velocidad de mi sitio web,50,10–100,media
SEO técnico,WPO y Core Web Vitals,Core Web Vitals y velocidad,atrae a tu cliente,velocidad de mi web,50,10–100,media
SEO técnico,WPO y Core Web Vitals,Core Web Vitals y velocidad,atrae a tu cliente,velocidad de pagina,50,10–100,media
SEO técnico,WPO y Core Web Vitals,Core Web Vitals y velocidad,atrae a tu cliente,velocidad de pagina google,50,10–100,baja
SEO técnico,WPO y Core Web Vitals,Core Web Vitals y velocidad,atrae a tu cliente,velocidad de pagina web,50,10–100,media
SEO técnico,WPO y Core Web Vitals,Core Web Vitals y velocidad,atrae a tu cliente,velocidad de pagina web google,50,10–100,media
SEO técnico,WPO y Core Web Vitals,Core Web Vitals y velocidad,atrae a tu cliente,velocidad de sitio,50,10–100,baja
SEO técnico,WPO y Core Web Vitals,Core Web Vitals y velocidad,atrae a tu cliente,velocidad de sitio web,50,10–100,media
SEO técnico,WPO y Core Web Vitals,Core Web Vitals y velocidad,atrae a tu cliente,velocidad de sitio web google,50,10–100,baja
SEO técnico,WPO y Core Web Vitals,Core Web Vitals y velocidad,atrae a tu cliente,velocidad de tu web,50,10–100,media
SEO técnico,WPO y Core Web Vitals,Core Web Vitals y velocidad,atrae a tu cliente,velocidad de un sitio web,50,10–100,media
SEO técnico,WPO y Core Web Vitals,Core Web Vitals y velocidad,atrae a tu cliente,velocidad de una pagina,50,10–100,
SEO técnico,WPO y Core Web Vitals,Core Web Vitals y velocidad,atrae a tu cliente,velocidad de web google,50,10–100,media
SEO técnico,WPO y Core Web Vitals,Core Web Vitals y velocidad,atrae a tu cliente,velocidad del sitio,50,10–100,media
SEO técnico,WPO y Core Web Vitals,Core Web Vitals y velocidad,atrae a tu cliente,velocidad del sitio web,50,10–100,media
SEO técnico,WPO y Core Web Vitals,Core Web Vitals y velocidad,atrae a tu cliente,velocidad google web,50,10–100,media
SEO técnico,WPO y Core Web Vitals,Core Web Vitals y velocidad,atrae a tu cliente,velocidad pagina,50,10–100,media
SEO técnico,WPO y Core Web Vitals,Core Web Vitals y velocidad,atrae a tu cliente,velocidad pagina google,50,10–100,media
SEO técnico,WPO y Core Web Vitals,Core Web Vitals y velocidad,atrae a tu cliente,velocidad pagina web,50,10–100,media
SEO técnico,WPO y Core Web Vitals,Core Web Vitals y velocidad,atrae a tu cliente,velocidad pagina web google,50,10–100,media
SEO técnico,WPO y Core Web Vitals,Core Web Vitals y velocidad,atrae a tu cliente,velocidad pagina web wordpress,50,10–100,baja
SEO técnico,WPO y Core Web Vitals,Core Web Vitals y velocidad,atrae a tu cliente,velocidad paginas web,50,10–100,baja
SEO técnico,WPO y Core Web Vitals,Core Web Vitals y velocidad,atrae a tu cliente,velocidad sitio google,50,10–100,baja
SEO técnico,WPO y Core Web Vitals,Core Web Vitals y velocidad,atrae a tu cliente,velocidad sitio web google,50,10–100,media
SEO técnico,WPO y Core Web Vitals,Core Web Vitals y velocidad,atrae a tu cliente,velocidad web gtmetrix,50,10–100,baja
SEO técnico,WPO y Core Web Vitals,Core Web Vitals y velocidad,atrae a tu cliente,velocidad web pingdom,50,10–100,media
SEO técnico,WPO y Core Web Vitals,Core Web Vitals y velocidad,atrae a tu cliente,velocidad web test,50,10–100,media
SEO técnico,WPO y Core Web Vitals,Core Web Vitals y velocidad,atrae a tu cliente,velocidad wordpress,50,10–100,baja
SEO técnico,WPO y Core Web Vitals,Core Web Vitals y velocidad,atrae a tu cliente,ver la velocidad de carga de mi web,50,10–100,
SEO técnico,WPO y Core Web Vitals,Core Web Vitals y velocidad,atrae a tu cliente,ver la velocidad de mi web,50,10–100,alta
SEO técnico,WPO y Core Web Vitals,Core Web Vitals y velocidad,atrae a tu cliente,ver tiempo de carga de una web,50,10–100,baja
SEO técnico,WPO y Core Web Vitals,Core Web Vitals y velocidad,atrae a tu cliente,ver velocidad de carga de una web,50,10–100,baja
SEO técnico,WPO y Core Web Vitals,Core Web Vitals y velocidad,atrae a tu cliente,ver velocidad de pagina web,50,10–100,baja
SEO técnico,WPO y Core Web Vitals,Core Web Vitals y velocidad,atrae a tu cliente,ver velocidad de una web,50,10–100,media
SEO técnico,WPO y Core Web Vitals,Core Web Vitals y velocidad,atrae a tu cliente,ver velocidad de web,50,10–100,media
SEO técnico,WPO y Core Web Vitals,Core Web Vitals y velocidad,atrae a tu cliente,ver velocidad web,50,10–100,media
SEO técnico,WPO y Core Web Vitals,Core Web Vitals y velocidad,atrae a tu cliente,webcorevitals,50,10–100,baja
SEO técnico,WPO y Core Web Vitals,Core Web Vitals y velocidad,atrae a tu cliente,webvital,50,10–100,media
Servicios SEO,Agencia SEO,Agencia y empresa SEO,atrae a tu cliente,agencia seo,5000,1.000–10.000,media
Servicios SEO,Agencia SEO,Agencia y empresa SEO,atrae a tu cliente,agenciaseo,5000,1.000–10.000,media
Servicios SEO,Agencia SEO,Agencia y empresa SEO,atrae a tu cliente,agencia de contenidos,500,100–1.000,media
Servicios SEO,Agencia SEO,Agencia y empresa SEO,atrae a tu cliente,agencia de creacion de contenido,500,100–1.000,alta
Servicios SEO,Agencia SEO,Agencia y empresa SEO,atrae a tu cliente,agencia de marketing digital seo,500,100–1.000,media
Servicios SEO,Agencia SEO,Agencia y empresa SEO,atrae a tu cliente,agencia de posicionament web,500,100–1.000,alta
Servicios SEO,Agencia SEO,Agencia y empresa SEO,atrae a tu cliente,agencia de posicionamiento seo,500,100–1.000,media
Servicios SEO,Agencia SEO,Agencia y empresa SEO,atrae a tu cliente,agencia de posicionamiento web,500,100–1.000,alta
Servicios SEO,Agencia SEO,Agencia y empresa SEO,atrae a tu cliente,agencia de seo,500,100–1.000,media
Servicios SEO,Agencia SEO,Agencia y empresa SEO,atrae a tu cliente,agencia especializada en seo,500,100–1.000,alta
Servicios SEO,Agencia SEO,Agencia y empresa SEO,atrae a tu cliente,agencia marketing contenido,500,100–1.000,media
Servicios SEO,Agencia SEO,Agencia y empresa SEO,atrae a tu cliente,agencia posicionamiento,500,100–1.000,media
Servicios SEO,Agencia SEO,Agencia y empresa SEO,atrae a tu cliente,agencia posicionamiento seo,500,100–1.000,media
Servicios SEO,Agencia SEO,Agencia y empresa SEO,atrae a tu cliente,agencia posicionamiento web,500,100–1.000,media
Servicios SEO,Agencia SEO,Agencia y empresa SEO,atrae a tu cliente,agencia web seo,500,100–1.000,media
Servicios SEO,Agencia SEO,Agencia y empresa SEO,atrae a tu cliente,agencias de contenidos,500,100–1.000,media
Servicios SEO,Agencia SEO,Agencia y empresa SEO,atrae a tu cliente,agencias de posicionamiento seo,500,100–1.000,media
Servicios SEO,Agencia SEO,Agencia y empresa SEO,atrae a tu cliente,agencias de seo,500,100–1.000,media
Servicios SEO,Agencia SEO,Agencia y empresa SEO,atrae a tu cliente,agencias posicionamiento seo,500,100–1.000,media
Servicios SEO,Agencia SEO,Agencia y empresa SEO,atrae a tu cliente,agenciaseo eu,500,100–1.000,media
Servicios SEO,Agencia SEO,Agencia y empresa SEO,atrae a tu cliente,campaña sem,500,100–1.000,alta
Servicios SEO,Agencia SEO,Agencia y empresa SEO,atrae a tu cliente,campaña seo,500,100–1.000,alta
Servicios SEO,Agencia SEO,Agencia y empresa SEO,atrae a tu cliente,contratar seo,500,100–1.000,media
Servicios SEO,Agencia SEO,Agencia y empresa SEO,atrae a tu cliente,diseño web seo,500,100–1.000,media
Servicios SEO,Agencia SEO,Agencia y empresa SEO,atrae a tu cliente,empresa de seo,500,100–1.000,media
Servicios SEO,Agencia SEO,Agencia y empresa SEO,atrae a tu cliente,empresa posicionamiento,500,100–1.000,alta
Servicios SEO,Agencia SEO,Agencia y empresa SEO,atrae a tu cliente,empresa seo,500,100–1.000,alta
Servicios SEO,Agencia SEO,Agencia y empresa SEO,atrae a tu cliente,empresas de posicionamiento,500,100–1.000,
Servicios SEO,Agencia SEO,Agencia y empresa SEO,atrae a tu cliente,empresas de posicionamiento en google,500,100–1.000,alta
Servicios SEO,Agencia SEO,Agencia y empresa SEO,atrae a tu cliente,empresas de posicionamiento seo,500,100–1.000,alta
Servicios SEO,Agencia SEO,Agencia y empresa SEO,atrae a tu cliente,empresas de posicionamiento web,500,100–1.000,media
Servicios SEO,Agencia SEO,Agencia y empresa SEO,atrae a tu cliente,empresas de seo,500,100–1.000,media
Servicios SEO,Agencia SEO,Agencia y empresa SEO,atrae a tu cliente,empresas posicionamiento seo,500,100–1.000,media
Servicios SEO,Agencia SEO,Agencia y empresa SEO,atrae a tu cliente,empresas posicionamiento web,500,100–1.000,media
Servicios SEO,Agencia SEO,Agencia y empresa SEO,atrae a tu cliente,empresas seo,500,100–1.000,alta
Servicios SEO,Agencia SEO,Agencia y empresa SEO,atrae a tu cliente,mejor agencia seo,500,100–1.000,media
Servicios SEO,Agencia SEO,Agencia y empresa SEO,atrae a tu cliente,mejores agencias seo,500,100–1.000,media
Servicios SEO,Agencia SEO,Agencia y empresa SEO,atrae a tu cliente,posicionamiento sem,500,100–1.000,alta
Servicios SEO,Agencia SEO,Agencia y empresa SEO,atrae a tu cliente,que es el seo y el sem,500,100–1.000,media
Servicios SEO,Agencia SEO,Agencia y empresa SEO,atrae a tu cliente,sem posicionamiento,500,100–1.000,alta
Servicios SEO,Agencia SEO,Agencia y empresa SEO,atrae a tu cliente,seo agencia,500,100–1.000,alta
Servicios SEO,Agencia SEO,Agencia y empresa SEO,atrae a tu cliente,seo empresa,500,100–1.000,alta
Servicios SEO,Agencia SEO,Agencia y empresa SEO,atrae a tu cliente,seo para empresas,500,100–1.000,alta
Servicios SEO,Agencia SEO,Agencia y empresa SEO,atrae a tu cliente,seo servicio,500,100–1.000,alta
Servicios SEO,Agencia SEO,Agencia y empresa SEO,atrae a tu cliente,seo servicios,500,100–1.000,alta
Servicios SEO,Agencia SEO,Agencia y empresa SEO,atrae a tu cliente,servicio de posicionamiento seo,500,100–1.000,media
Servicios SEO,Agencia SEO,Agencia y empresa SEO,atrae a tu cliente,servicio posicionamiento web,500,100–1.000,media
Servicios SEO,Agencia SEO,Agencia y empresa SEO,atrae a tu cliente,servicios de posicionamiento web,500,100–1.000,media
Servicios SEO,Agencia SEO,Agencia y empresa SEO,atrae a tu cliente,servicios de seo,500,100–1.000,media
Servicios SEO,Agencia SEO,Agencia y empresa SEO,atrae a tu cliente,servicios posicionamiento seo,500,100–1.000,alta
Servicios SEO,Agencia SEO,Agencia y empresa SEO,atrae a tu cliente,servicios seo,500,100–1.000,alta
Servicios SEO,Agencia SEO,Agencia y empresa SEO,atrae a tu cliente,agencia big seo,50,10–100,
Servicios SEO,Agencia SEO,Agencia y empresa SEO,atrae a tu cliente,agencia contenido,50,10–100,alta
Servicios SEO,Agencia SEO,Agencia y empresa SEO,atrae a tu cliente,agencia contenido digital,50,10–100,
Servicios SEO,Agencia SEO,Agencia y empresa SEO,atrae a tu cliente,agencia contenidos,50,10–100,alta
Servicios SEO,Agencia SEO,Agencia y empresa SEO,atrae a tu cliente,agencia contenidos digitales,50,10–100,
Servicios SEO,Agencia SEO,Agencia y empresa SEO,atrae a tu cliente,agencia content marketing,50,10–100,media
Servicios SEO,Agencia SEO,Agencia y empresa SEO,atrae a tu cliente,agencia creacion de contenido,50,10–100,
Servicios SEO,Agencia SEO,Agencia y empresa SEO,atrae a tu cliente,agencia creacion de contenidos,50,10–100,baja
Servicios SEO,Agencia SEO,Agencia y empresa SEO,atrae a tu cliente,agencia creadores de contenido,50,10–100,alta
Servicios SEO,Agencia SEO,Agencia y empresa SEO,atrae a tu cliente,agencia de branding y seo,50,10–100,media
Servicios SEO,Agencia SEO,Agencia y empresa SEO,atrae a tu cliente,agencia de contenido digital,50,10–100,
Servicios SEO,Agencia SEO,Agencia y empresa SEO,atrae a tu cliente,agencia de contenidos digitales,50,10–100,
Servicios SEO,Agencia SEO,Agencia y empresa SEO,atrae a tu cliente,agencia de content marketing,50,10–100,media
Servicios SEO,Agencia SEO,Agencia y empresa SEO,atrae a tu cliente,agencia de creacion de contenidos,50,10–100,baja
Servicios SEO,Agencia SEO,Agencia y empresa SEO,atrae a tu cliente,agencia de creadores de contenido,50,10–100,alta
Servicios SEO,Agencia SEO,Agencia y empresa SEO,atrae a tu cliente,agencia de generacion de contenidos,50,10–100,baja
Servicios SEO,Agencia SEO,Agencia y empresa SEO,atrae a tu cliente,agencia de marketing digital seo analytics,50,10–100,baja
Servicios SEO,Agencia SEO,Agencia y empresa SEO,atrae a tu cliente,agencia de marketing en buscadores,50,10–100,media
Servicios SEO,Agencia SEO,Agencia y empresa SEO,atrae a tu cliente,agencia de marketing interno,50,10–100,baja
Servicios SEO,Agencia SEO,Agencia y empresa SEO,atrae a tu cliente,agencia de marketing sem,50,10–100,baja
Servicios SEO,Agencia SEO,Agencia y empresa SEO,atrae a tu cliente,agencia de marketing seo,50,10–100,alta
Servicios SEO,Agencia SEO,Agencia y empresa SEO,atrae a tu cliente,agencia de marketing social,50,10–100,baja
Servicios SEO,Agencia SEO,Agencia y empresa SEO,atrae a tu cliente,agencia de posicionamiento de marca,50,10–100,
Servicios SEO,Agencia SEO,Agencia y empresa SEO,atrae a tu cliente,agencia de posicionamiento en buscadores,50,10–100,baja
Servicios SEO,Agencia SEO,Agencia y empresa SEO,atrae a tu cliente,agencia de posicionamiento en google,50,10–100,media
Servicios SEO,Agencia SEO,Agencia y empresa SEO,atrae a tu cliente,agencia de posicionamiento organico,50,10–100,baja
Servicios SEO,Agencia SEO,Agencia y empresa SEO,atrae a tu cliente,agencia de posicionamiento sem,50,10–100,media
Servicios SEO,Agencia SEO,Agencia y empresa SEO,atrae a tu cliente,agencia de posicionamiento web seo,50,10–100,media
Servicios SEO,Agencia SEO,Agencia y empresa SEO,atrae a tu cliente,agencia de redaccion de contenidos,50,10–100,baja
Servicios SEO,Agencia SEO,Agencia y empresa SEO,atrae a tu cliente,agencia de seo oleiros,50,10–100,baja
Servicios SEO,Agencia SEO,Agencia y empresa SEO,atrae a tu cliente,agencia de seo seosea agencia google partner,50,10–100,baja
Servicios SEO,Agencia SEO,Agencia y empresa SEO,atrae a tu cliente,agencia de servicios seo,50,10–100,baja
Servicios SEO,Agencia SEO,Agencia y empresa SEO,atrae a tu cliente,agencia digital b2b,50,10–100,media
Servicios SEO,Agencia SEO,Agencia y empresa SEO,atrae a tu cliente,agencia digital seo,50,10–100,
Servicios SEO,Agencia SEO,Agencia y empresa SEO,atrae a tu cliente,agencia diseño web seo,50,10–100,media
Servicios SEO,Agencia SEO,Agencia y empresa SEO,atrae a tu cliente,agencia especializada seo,50,10–100,media
Servicios SEO,Agencia SEO,Agencia y empresa SEO,atrae a tu cliente,agencia marketing digital seo,50,10–100,media
Servicios SEO,Agencia SEO,Agencia y empresa SEO,atrae a tu cliente,agencia marketing sem,50,10–100,baja
Servicios SEO,Agencia SEO,Agencia y empresa SEO,atrae a tu cliente,agencia marketing seo,50,10–100,baja
Servicios SEO,Agencia SEO,Agencia y empresa SEO,atrae a tu cliente,agencia marketing social,50,10–100,baja
Servicios SEO,Agencia SEO,Agencia y empresa SEO,atrae a tu cliente,agencia optimización web,50,10–100,baja
Servicios SEO,Agencia SEO,Agencia y empresa SEO,atrae a tu cliente,agencia para posicionamiento web,50,10–100,media
Servicios SEO,Agencia SEO,Agencia y empresa SEO,atrae a tu cliente,agencia para seo,50,10–100,
Servicios SEO,Agencia SEO,Agencia y empresa SEO,atrae a tu cliente,agencia posicionamiento de pago,50,10–100,media
Servicios SEO,Agencia SEO,Agencia y empresa SEO,atrae a tu cliente,agencia posicionamiento en buscadores,50,10–100,baja
Servicios SEO,Agencia SEO,Agencia y empresa SEO,atrae a tu cliente,agencia posicionamiento en google,50,10–100,baja
Servicios SEO,Agencia SEO,Agencia y empresa SEO,atrae a tu cliente,agencia posicionamiento en motores de busqueda,50,10–100,baja
Servicios SEO,Agencia SEO,Agencia y empresa SEO,atrae a tu cliente,agencia posicionamiento google,50,10–100,alta
Servicios SEO,Agencia SEO,Agencia y empresa SEO,atrae a tu cliente,agencia posicionamiento online,50,10–100,baja
Servicios SEO,Agencia SEO,Agencia y empresa SEO,atrae a tu cliente,agencia posicionamiento sem,50,10–100,media
Servicios SEO,Agencia SEO,Agencia y empresa SEO,atrae a tu cliente,agencia posicionamiento web seo,50,10–100,
Servicios SEO,Agencia SEO,Agencia y empresa SEO,atrae a tu cliente,agencia seo baleares,50,10–100,media
Servicios SEO,Agencia SEO,Agencia y empresa SEO,atrae a tu cliente,agencia seo cabra,50,10–100,baja
Servicios SEO,Agencia SEO,Agencia y empresa SEO,atrae a tu cliente,agencia seo de posicionamiento web,50,10–100,
Servicios SEO,Agencia SEO,Agencia y empresa SEO,atrae a tu cliente,agencia seo dobuss,50,10–100,media
Servicios SEO,Agencia SEO,Agencia y empresa SEO,atrae a tu cliente,agencia seo dominiozero,50,10–100,baja
Servicios SEO,Agencia SEO,Agencia y empresa SEO,atrae a tu cliente,agencia seo en san fernando,50,10–100,baja
Servicios SEO,Agencia SEO,Agencia y empresa SEO,atrae a tu cliente,agencia seo en sant cugat,50,10–100,baja
Servicios SEO,Agencia SEO,Agencia y empresa SEO,atrae a tu cliente,agencia seo en sant cugat del vallès,50,10–100,baja
Servicios SEO,Agencia SEO,Agencia y empresa SEO,atrae a tu cliente,agencia seo especializada,50,10–100,alta
Servicios SEO,Agencia SEO,Agencia y empresa SEO,atrae a tu cliente,agencia seo eu,50,10–100,media
Servicios SEO,Agencia SEO,Agencia y empresa SEO,atrae a tu cliente,agencia seo google,50,10–100,baja
Servicios SEO,Agencia SEO,Agencia y empresa SEO,atrae a tu cliente,agencia seo gran canaria,50,10–100,
Servicios SEO,Agencia SEO,Agencia y empresa SEO,atrae a tu cliente,agencia seo isocialweb,50,10–100,baja
Servicios SEO,Agencia SEO,Agencia y empresa SEO,atrae a tu cliente,agencia seo marketing,50,10–100,alta
Servicios SEO,Agencia SEO,Agencia y empresa SEO,atrae a tu cliente,agencia seo oleiros,50,10–100,baja
Servicios SEO,Agencia SEO,Agencia y empresa SEO,atrae a tu cliente,agencia seo online,50,10–100,alta
Servicios SEO,Agencia SEO,Agencia y empresa SEO,atrae a tu cliente,agencia seo organico,50,10–100,baja
Servicios SEO,Agencia SEO,Agencia y empresa SEO,atrae a tu cliente,agencia seo país vasco,50,10–100,baja
Servicios SEO,Agencia SEO,Agencia y empresa SEO,atrae a tu cliente,agencia seo posicionamiento,50,10–100,baja
Servicios SEO,Agencia SEO,Agencia y empresa SEO,atrae a tu cliente,agencia seo posicionamiento web,50,10–100,
Servicios SEO,Agencia SEO,Agencia y empresa SEO,atrae a tu cliente,agencia seo que es,50,10–100,media
Servicios SEO,Agencia SEO,Agencia y empresa SEO,atrae a tu cliente,agencia seo recomendada,50,10–100,baja
Servicios SEO,Agencia SEO,Agencia y empresa SEO,atrae a tu cliente,agencia seo recomendada trei es,50,10–100,baja
Servicios SEO,Agencia SEO,Agencia y empresa SEO,atrae a tu cliente,agencia seo site,50,10–100,baja
Servicios SEO,Agencia SEO,Agencia y empresa SEO,atrae a tu cliente,agencia seo tancra,50,10–100,baja
Servicios SEO,Agencia SEO,Agencia y empresa SEO,atrae a tu cliente,agencia wpo,50,10–100,media
Servicios SEO,Agencia SEO,Agencia y empresa SEO,atrae a tu cliente,agencias de posicionamiento,50,10–100,media
Servicios SEO,Agencia SEO,Agencia y empresa SEO,atrae a tu cliente,blog agencia seo,50,10–100,baja
Servicios SEO,Agencia SEO,Agencia y empresa SEO,atrae a tu cliente,buscador sem,50,10–100,baja
Servicios SEO,Agencia SEO,Agencia y empresa SEO,atrae a tu cliente,buscadores sem,50,10–100,media
Servicios SEO,Agencia SEO,Agencia y empresa SEO,atrae a tu cliente,busqueda sem,50,10–100,baja
Servicios SEO,Agencia SEO,Agencia y empresa SEO,atrae a tu cliente,campaña de posicionamiento,50,10–100,media
Servicios SEO,Agencia SEO,Agencia y empresa SEO,atrae a tu cliente,campaña de seo,50,10–100,media
Servicios SEO,Agencia SEO,Agencia y empresa SEO,atrae a tu cliente,campaña posicionamiento,50,10–100,baja
Servicios SEO,Agencia SEO,Agencia y empresa SEO,atrae a tu cliente,campaña posicionamiento web,50,10–100,baja
Servicios SEO,Agencia SEO,Agencia y empresa SEO,atrae a tu cliente,campaña seo ejemplo,50,10–100,alta
Servicios SEO,Agencia SEO,Agencia y empresa SEO,atrae a tu cliente,campañas de posicionamiento,50,10–100,media
Servicios SEO,Agencia SEO,Agencia y empresa SEO,atrae a tu cliente,campañas de posicionamiento online,50,10–100,baja
Servicios SEO,Agencia SEO,Agencia y empresa SEO,atrae a tu cliente,campañas de posicionamiento sem,50,10–100,baja
Servicios SEO,Agencia SEO,Agencia y empresa SEO,atrae a tu cliente,campañas de posicionamiento seo,50,10–100,baja
Servicios SEO,Agencia SEO,Agencia y empresa SEO,atrae a tu cliente,campañas de posicionamiento web,50,10–100,baja
Servicios SEO,Agencia SEO,Agencia y empresa SEO,atrae a tu cliente,campañas google analytics,50,10–100,baja
Servicios SEO,Agencia SEO,Agencia y empresa SEO,atrae a tu cliente,contenido para agencia de marketing,50,10–100,baja
Servicios SEO,Agencia SEO,Agencia y empresa SEO,atrae a tu cliente,contratar agencia seo,50,10–100,media
Servicios SEO,Agencia SEO,Agencia y empresa SEO,atrae a tu cliente,contratar posicionamiento seo,50,10–100,alta
Servicios SEO,Agencia SEO,Agencia y empresa SEO,atrae a tu cliente,contratar posicionamiento web,50,10–100,media
Servicios SEO,Agencia SEO,Agencia y empresa SEO,atrae a tu cliente,contratar redactor seo,50,10–100,media
Servicios SEO,Agencia SEO,Agencia y empresa SEO,atrae a tu cliente,contratar seo economico,50,10–100,
Servicios SEO,Agencia SEO,Agencia y empresa SEO,atrae a tu cliente,contratar seo google,50,10–100,media
Servicios SEO,Agencia SEO,Agencia y empresa SEO,atrae a tu cliente,contratar servicio seo,50,10–100,alta
Servicios SEO,Agencia SEO,Agencia y empresa SEO,atrae a tu cliente,contratar una agencia seo,50,10–100,media
Servicios SEO,Agencia SEO,Agencia y empresa SEO,atrae a tu cliente,desarrollo seo,50,10–100,media
Servicios SEO,Agencia SEO,Agencia y empresa SEO,atrae a tu cliente,desarrollo web y seo,50,10–100,media
Servicios SEO,Agencia SEO,Agencia y empresa SEO,atrae a tu cliente,diseño de pagina web con posicionamiento,50,10–100,baja
Servicios SEO,Agencia SEO,Agencia y empresa SEO,atrae a tu cliente,diseño de paginas web y posicionamiento,50,10–100,
Servicios SEO,Agencia SEO,Agencia y empresa SEO,atrae a tu cliente,diseño paginas web y posicionamiento,50,10–100,baja
Servicios SEO,Agencia SEO,Agencia y empresa SEO,atrae a tu cliente,diseño palabras clave,50,10–100,baja
Servicios SEO,Agencia SEO,Agencia y empresa SEO,atrae a tu cliente,diseño posicionamiento web,50,10–100,baja
Servicios SEO,Agencia SEO,Agencia y empresa SEO,atrae a tu cliente,diseño seo,50,10–100,baja
Servicios SEO,Agencia SEO,Agencia y empresa SEO,atrae a tu cliente,diseño web con posicionamiento,50,10–100,baja
Servicios SEO,Agencia SEO,Agencia y empresa SEO,atrae a tu cliente,diseño web con seo,50,10–100,media
Servicios SEO,Agencia SEO,Agencia y empresa SEO,atrae a tu cliente,diseño web posicionamiento seo,50,10–100,baja
Servicios SEO,Agencia SEO,Agencia y empresa SEO,atrae a tu cliente,diseño web posicionamiento web,50,10–100,baja
Servicios SEO,Agencia SEO,Agencia y empresa SEO,atrae a tu cliente,diseño web y posicionamiento,50,10–100,media
Servicios SEO,Agencia SEO,Agencia y empresa SEO,atrae a tu cliente,diseño web y posicionamiento en buscadores,50,10–100,media
Servicios SEO,Agencia SEO,Agencia y empresa SEO,atrae a tu cliente,diseño web y posicionamiento seo,50,10–100,media
Servicios SEO,Agencia SEO,Agencia y empresa SEO,atrae a tu cliente,diseño web y posicionamiento web,50,10–100,baja
Servicios SEO,Agencia SEO,Agencia y empresa SEO,atrae a tu cliente,diseño y posicionamiento de paginas web,50,10–100,
Servicios SEO,Agencia SEO,Agencia y empresa SEO,atrae a tu cliente,ejemplos de seo en empresas,50,10–100,baja
Servicios SEO,Agencia SEO,Agencia y empresa SEO,atrae a tu cliente,el seo y el sem,50,10–100,baja
Servicios SEO,Agencia SEO,Agencia y empresa SEO,atrae a tu cliente,empresa de content marketing,50,10–100,baja
Servicios SEO,Agencia SEO,Agencia y empresa SEO,atrae a tu cliente,empresa de marketing digital seo,50,10–100,baja
Servicios SEO,Agencia SEO,Agencia y empresa SEO,atrae a tu cliente,empresa de otimização de sites,50,10–100,baja
Servicios SEO,Agencia SEO,Agencia y empresa SEO,atrae a tu cliente,empresa de posicionamiento en internet,50,10–100,
Servicios SEO,Agencia SEO,Agencia y empresa SEO,atrae a tu cliente,empresa de posicionamiento google,50,10–100,baja
Servicios SEO,Agencia SEO,Agencia y empresa SEO,atrae a tu cliente,empresa de posicionamiento online,50,10–100,baja
Servicios SEO,Agencia SEO,Agencia y empresa SEO,atrae a tu cliente,empresa posicionamiento en buscadores,50,10–100,baja
Servicios SEO,Agencia SEO,Agencia y empresa SEO,atrae a tu cliente,empresa posicionamiento sem,50,10–100,baja
Servicios SEO,Agencia SEO,Agencia y empresa SEO,atrae a tu cliente,empresa posicionamiento seo baleares,50,10–100,media
Servicios SEO,Agencia SEO,Agencia y empresa SEO,atrae a tu cliente,empresa posicionamiento web baleares,50,10–100,baja
Servicios SEO,Agencia SEO,Agencia y empresa SEO,atrae a tu cliente,empresas de contenido digital,50,10–100,
Servicios SEO,Agencia SEO,Agencia y empresa SEO,atrae a tu cliente,empresas de contenidos,50,10–100,baja
Servicios SEO,Agencia SEO,Agencia y empresa SEO,atrae a tu cliente,empresas de creacion de contenido,50,10–100,
Servicios SEO,Agencia SEO,Agencia y empresa SEO,atrae a tu cliente,empresas de marketing famosas,50,10–100,media
Servicios SEO,Agencia SEO,Agencia y empresa SEO,atrae a tu cliente,empresas de posicionamiento en buscadores,50,10–100,media
Servicios SEO,Agencia SEO,Agencia y empresa SEO,atrae a tu cliente,empresas de posicionamiento en internet,50,10–100,
Servicios SEO,Agencia SEO,Agencia y empresa SEO,atrae a tu cliente,empresas de redacción de contenidos,50,10–100,baja
Servicios SEO,Agencia SEO,Agencia y empresa SEO,atrae a tu cliente,empresas marketing social,50,10–100,baja
Servicios SEO,Agencia SEO,Agencia y empresa SEO,atrae a tu cliente,empresas para posicionamiento web,50,10–100,alta
Servicios SEO,Agencia SEO,Agencia y empresa SEO,atrae a tu cliente,expertos en diseño web seo,50,10–100,baja
Servicios SEO,Agencia SEO,Agencia y empresa SEO,atrae a tu cliente,herramientas seo de pago,50,10–100,media
Servicios SEO,Agencia SEO,Agencia y empresa SEO,atrae a tu cliente,implementar seo,50,10–100,baja
Servicios SEO,Agencia SEO,Agencia y empresa SEO,atrae a tu cliente,la agencia seo,50,10–100,media
Servicios SEO,Agencia SEO,Agencia y empresa SEO,atrae a tu cliente,la mejor agencia de posicionamiento web,50,10–100,baja
Servicios SEO,Agencia SEO,Agencia y empresa SEO,atrae a tu cliente,la mejor agencia de seo,50,10–100,baja
Servicios SEO,Agencia SEO,Agencia y empresa SEO,atrae a tu cliente,la mejor agencia seo,50,10–100,baja
Servicios SEO,Agencia SEO,Agencia y empresa SEO,atrae a tu cliente,las mejores agencias de seo,50,10–100,baja
Servicios SEO,Agencia SEO,Agencia y empresa SEO,atrae a tu cliente,las mejores agencias seo,50,10–100,
Servicios SEO,Agencia SEO,Agencia y empresa SEO,atrae a tu cliente,mantenimiento seo,50,10–100,media
Servicios SEO,Agencia SEO,Agencia y empresa SEO,atrae a tu cliente,mantenimiento web y seo,50,10–100,media
Servicios SEO,Agencia SEO,Agencia y empresa SEO,atrae a tu cliente,marketing de buscadores sem,50,10–100,baja
Servicios SEO,Agencia SEO,Agencia y empresa SEO,atrae a tu cliente,marketing de servicios christopher lovelock,50,10–100,baja
Servicios SEO,Agencia SEO,Agencia y empresa SEO,atrae a tu cliente,marketing digital agencia seo,50,10–100,baja
Servicios SEO,Agencia SEO,Agencia y empresa SEO,atrae a tu cliente,marketing digital para empresas b2b,50,10–100,baja
Servicios SEO,Agencia SEO,Agencia y empresa SEO,atrae a tu cliente,marketing digital sem,50,10–100,alta
Servicios SEO,Agencia SEO,Agencia y empresa SEO,atrae a tu cliente,marketing en buscadores sem,50,10–100,baja
Servicios SEO,Agencia SEO,Agencia y empresa SEO,atrae a tu cliente,marketing en servicios de salud,50,10–100,baja
Servicios SEO,Agencia SEO,Agencia y empresa SEO,atrae a tu cliente,marketing sem,50,10–100,alta
Servicios SEO,Agencia SEO,Agencia y empresa SEO,atrae a tu cliente,mejor agencia seo santiago,50,10–100,media
Servicios SEO,Agencia SEO,Agencia y empresa SEO,atrae a tu cliente,mejor empresa de posicionamiento seo,50,10–100,
Servicios SEO,Agencia SEO,Agencia y empresa SEO,atrae a tu cliente,mejor empresa de posicionamiento web,50,10–100,media
Servicios SEO,Agencia SEO,Agencia y empresa SEO,atrae a tu cliente,mejor empresa para posicionamiento web,50,10–100,media
Servicios SEO,Agencia SEO,Agencia y empresa SEO,atrae a tu cliente,mejor empresa posicionamiento web,50,10–100,
Servicios SEO,Agencia SEO,Agencia y empresa SEO,atrae a tu cliente,mejor empresa seo,50,10–100,alta
Servicios SEO,Agencia SEO,Agencia y empresa SEO,atrae a tu cliente,mejores agencias sem,50,10–100,media
Servicios SEO,Agencia SEO,Agencia y empresa SEO,atrae a tu cliente,mejores empresas de posicionamiento web,50,10–100,media
Servicios SEO,Agencia SEO,Agencia y empresa SEO,atrae a tu cliente,mejores empresas posicionamiento seo,50,10–100,
Servicios SEO,Agencia SEO,Agencia y empresa SEO,atrae a tu cliente,mejores empresas seo,50,10–100,alta
Servicios SEO,Agencia SEO,Agencia y empresa SEO,atrae a tu cliente,palabras clave de publicidad,50,10–100,baja
Servicios SEO,Agencia SEO,Agencia y empresa SEO,atrae a tu cliente,palabras clave en publicidad,50,10–100,baja
Servicios SEO,Agencia SEO,Agencia y empresa SEO,atrae a tu cliente,palabras clave negativas sem,50,10–100,media
Servicios SEO,Agencia SEO,Agencia y empresa SEO,atrae a tu cliente,palabras clave sem,50,10–100,baja
Servicios SEO,Agencia SEO,Agencia y empresa SEO,atrae a tu cliente,palabras claves de publicidad,50,10–100,baja
Servicios SEO,Agencia SEO,Agencia y empresa SEO,atrae a tu cliente,palabras claves en publicidad,50,10–100,baja
Servicios SEO,Agencia SEO,Agencia y empresa SEO,atrae a tu cliente,paquetes seo,50,10–100,baja
Servicios SEO,Agencia SEO,Agencia y empresa SEO,atrae a tu cliente,por qué contratar una agencia seo,50,10–100,baja
Servicios SEO,Agencia SEO,Agencia y empresa SEO,atrae a tu cliente,porque es importante el marketing en las empresas,50,10–100,media
Servicios SEO,Agencia SEO,Agencia y empresa SEO,atrae a tu cliente,porque es importante el marketing para las empresas,50,10–100,baja
Servicios SEO,Agencia SEO,Agencia y empresa SEO,atrae a tu cliente,porque es importante el marketing para una empresa,50,10–100,baja
Servicios SEO,Agencia SEO,Agencia y empresa SEO,atrae a tu cliente,posicion sem,50,10–100,media
Servicios SEO,Agencia SEO,Agencia y empresa SEO,atrae a tu cliente,posicionamiento buscadores servicio,50,10–100,baja
Servicios SEO,Agencia SEO,Agencia y empresa SEO,atrae a tu cliente,posicionamiento de pago,50,10–100,media
Servicios SEO,Agencia SEO,Agencia y empresa SEO,atrae a tu cliente,posicionamiento de servicio,50,10–100,baja
Servicios SEO,Agencia SEO,Agencia y empresa SEO,atrae a tu cliente,posicionamiento del servicio,50,10–100,baja
Servicios SEO,Agencia SEO,Agencia y empresa SEO,atrae a tu cliente,posicionamiento organico y pagado,50,10–100,media
Servicios SEO,Agencia SEO,Agencia y empresa SEO,atrae a tu cliente,posicionamiento pagado,50,10–100,baja
Servicios SEO,Agencia SEO,Agencia y empresa SEO,atrae a tu cliente,posicionamiento sem google,50,10–100,baja
Servicios SEO,Agencia SEO,Agencia y empresa SEO,atrae a tu cliente,posicionamiento sem que es,50,10–100,media
Servicios SEO,Agencia SEO,Agencia y empresa SEO,atrae a tu cliente,posicionamiento seo agencia,50,10–100,baja
Servicios SEO,Agencia SEO,Agencia y empresa SEO,atrae a tu cliente,posicionamiento seo para empresas,50,10–100,media
Servicios SEO,Agencia SEO,Agencia y empresa SEO,atrae a tu cliente,posicionamiento web de una empresa,50,10–100,baja
Servicios SEO,Agencia SEO,Agencia y empresa SEO,atrae a tu cliente,posicionamiento web empresas,50,10–100,alta
Servicios SEO,Agencia SEO,Agencia y empresa SEO,atrae a tu cliente,posicionamiento web para empresas,50,10–100,media
Servicios SEO,Agencia SEO,Agencia y empresa SEO,atrae a tu cliente,posicionamiento web sem,50,10–100,media
Servicios SEO,Agencia SEO,Agencia y empresa SEO,atrae a tu cliente,posicionamiento y diseño web,50,10–100,media
Servicios SEO,Agencia SEO,Agencia y empresa SEO,atrae a tu cliente,publicidad de sem,50,10–100,baja
Servicios SEO,Agencia SEO,Agencia y empresa SEO,atrae a tu cliente,publicidad en buscadores sem,50,10–100,
Servicios SEO,Agencia SEO,Agencia y empresa SEO,atrae a tu cliente,publicidad sem,50,10–100,alta
Servicios SEO,Agencia SEO,Agencia y empresa SEO,atrae a tu cliente,publicidad seo,50,10–100,media
Servicios SEO,Agencia SEO,Agencia y empresa SEO,atrae a tu cliente,punto rojo agencia seo,50,10–100,baja
Servicios SEO,Agencia SEO,Agencia y empresa SEO,atrae a tu cliente,que es el posicionamiento sem,50,10–100,alta
Servicios SEO,Agencia SEO,Agencia y empresa SEO,atrae a tu cliente,que es el sem y el seo,50,10–100,media
Servicios SEO,Agencia SEO,Agencia y empresa SEO,atrae a tu cliente,que es el seo de una empresa,50,10–100,media
Servicios SEO,Agencia SEO,Agencia y empresa SEO,atrae a tu cliente,que es mejor seo o sem,50,10–100,media
Servicios SEO,Agencia SEO,Agencia y empresa SEO,atrae a tu cliente,que es seo en una empresa,50,10–100,
Servicios SEO,Agencia SEO,Agencia y empresa SEO,atrae a tu cliente,que es seo o sem,50,10–100,media
Servicios SEO,Agencia SEO,Agencia y empresa SEO,atrae a tu cliente,que es seo y que es sem,50,10–100,alta
Servicios SEO,Agencia SEO,Agencia y empresa SEO,atrae a tu cliente,que es ser seo de una empresa,50,10–100,media
Servicios SEO,Agencia SEO,Agencia y empresa SEO,atrae a tu cliente,que es un sem en marketing,50,10–100,baja
Servicios SEO,Agencia SEO,Agencia y empresa SEO,atrae a tu cliente,que es un seo en una empresa,50,10–100,media
Servicios SEO,Agencia SEO,Agencia y empresa SEO,atrae a tu cliente,que es una agencia de contenido,50,10–100,baja
Servicios SEO,Agencia SEO,Agencia y empresa SEO,atrae a tu cliente,que es una agencia seo,50,10–100,alta
Servicios SEO,Agencia SEO,Agencia y empresa SEO,atrae a tu cliente,que es una campaña seo,50,10–100,baja
Servicios SEO,Agencia SEO,Agencia y empresa SEO,atrae a tu cliente,que significa seo de una empresa,50,10–100,baja
Servicios SEO,Agencia SEO,Agencia y empresa SEO,atrae a tu cliente,que significa seo en una empresa,50,10–100,alta
Servicios SEO,Agencia SEO,Agencia y empresa SEO,atrae a tu cliente,que son buscadores sem,50,10–100,media
Servicios SEO,Agencia SEO,Agencia y empresa SEO,atrae a tu cliente,sem en marketing,50,10–100,alta
Servicios SEO,Agencia SEO,Agencia y empresa SEO,atrae a tu cliente,sem pagina web,50,10–100,media
Servicios SEO,Agencia SEO,Agencia y empresa SEO,atrae a tu cliente,sem palabras clave,50,10–100,baja
Servicios SEO,Agencia SEO,Agencia y empresa SEO,atrae a tu cliente,sem posicionamiento web,50,10–100,media
Servicios SEO,Agencia SEO,Agencia y empresa SEO,atrae a tu cliente,sem que es en marketing,50,10–100,media
Servicios SEO,Agencia SEO,Agencia y empresa SEO,atrae a tu cliente,sem que es marketing,50,10–100,baja
Servicios SEO,Agencia SEO,Agencia y empresa SEO,atrae a tu cliente,sem web,50,10–100,media
Servicios SEO,Agencia SEO,Agencia y empresa SEO,atrae a tu cliente,seo contratar,50,10–100,baja
Servicios SEO,Agencia SEO,Agencia y empresa SEO,atrae a tu cliente,seo de empresa,50,10–100,baja
Servicios SEO,Agencia SEO,Agencia y empresa SEO,atrae a tu cliente,seo de la empresa,50,10–100,alta
Servicios SEO,Agencia SEO,Agencia y empresa SEO,atrae a tu cliente,seo de pago,50,10–100,
Servicios SEO,Agencia SEO,Agencia y empresa SEO,atrae a tu cliente,seo de una empresa,50,10–100,alta
Servicios SEO,Agencia SEO,Agencia y empresa SEO,atrae a tu cliente,seo ejemplos de empresas,50,10–100,baja
Servicios SEO,Agencia SEO,Agencia y empresa SEO,atrae a tu cliente,seo empresarial,50,10–100,alta
Servicios SEO,Agencia SEO,Agencia y empresa SEO,atrae a tu cliente,seo en una empresa,50,10–100,media
Servicios SEO,Agencia SEO,Agencia y empresa SEO,atrae a tu cliente,seo es de pago,50,10–100,media
Servicios SEO,Agencia SEO,Agencia y empresa SEO,atrae a tu cliente,seo es pagado,50,10–100,baja
Servicios SEO,Agencia SEO,Agencia y empresa SEO,atrae a tu cliente,seo es pago,50,10–100,baja
Servicios SEO,Agencia SEO,Agencia y empresa SEO,atrae a tu cliente,seo o sem que es mejor,50,10–100,
Servicios SEO,Agencia SEO,Agencia y empresa SEO,atrae a tu cliente,seo pagado,50,10–100,baja
Servicios SEO,Agencia SEO,Agencia y empresa SEO,atrae a tu cliente,seo para agencias,50,10–100,media
Servicios SEO,Agencia SEO,Agencia y empresa SEO,atrae a tu cliente,seo para empresas net,50,10–100,baja
Servicios SEO,Agencia SEO,Agencia y empresa SEO,atrae a tu cliente,seo para mi empresa,50,10–100,baja
Servicios SEO,Agencia SEO,Agencia y empresa SEO,atrae a tu cliente,seo para microempresas,50,10–100,baja
Servicios SEO,Agencia SEO,Agencia y empresa SEO,atrae a tu cliente,seo para pequenas empresas,50,10–100,media
Servicios SEO,Agencia SEO,Agencia y empresa SEO,atrae a tu cliente,seo para pequeñas empresas,50,10–100,
Servicios SEO,Agencia SEO,Agencia y empresa SEO,atrae a tu cliente,seo pequeñas empresas,50,10–100,baja
Servicios SEO,Agencia SEO,Agencia y empresa SEO,atrae a tu cliente,seo publicidad,50,10–100,media
Servicios SEO,Agencia SEO,Agencia y empresa SEO,atrae a tu cliente,seo publicidad definicion,50,10–100,baja
Servicios SEO,Agencia SEO,Agencia y empresa SEO,atrae a tu cliente,seo y el sem,50,10–100,
Servicios SEO,Agencia SEO,Agencia y empresa SEO,atrae a tu cliente,servicio de marketing en internet,50,10–100,alta
Servicios SEO,Agencia SEO,Agencia y empresa SEO,atrae a tu cliente,servicio de posicionamiento,50,10–100,alta
Servicios SEO,Agencia SEO,Agencia y empresa SEO,atrae a tu cliente,servicio de posicionamiento en google,50,10–100,baja
Servicios SEO,Agencia SEO,Agencia y empresa SEO,atrae a tu cliente,servicio de redaccion seo,50,10–100,media
Servicios SEO,Agencia SEO,Agencia y empresa SEO,atrae a tu cliente,servicio de redacción seo,50,10–100,baja
Servicios SEO,Agencia SEO,Agencia y empresa SEO,atrae a tu cliente,servicio posicionamiento,50,10–100,baja
Servicios SEO,Agencia SEO,Agencia y empresa SEO,atrae a tu cliente,servicio redaccion seo,50,10–100,media
Servicios SEO,Agencia SEO,Agencia y empresa SEO,atrae a tu cliente,servicio seo posicionamiento,50,10–100,baja
Servicios SEO,Agencia SEO,Agencia y empresa SEO,atrae a tu cliente,servicio seo wordpress,50,10–100,baja
Servicios SEO,Agencia SEO,Agencia y empresa SEO,atrae a tu cliente,servicios de posicionamiento sem,50,10–100,media
Servicios SEO,Agencia SEO,Agencia y empresa SEO,atrae a tu cliente,servicios marketing seo,50,10–100,baja
Servicios SEO,Agencia SEO,Agencia y empresa SEO,atrae a tu cliente,servicios posicionamiento google,50,10–100,baja
Servicios SEO,Agencia SEO,Agencia y empresa SEO,atrae a tu cliente,servicios profesionales de seo,50,10–100,baja
Servicios SEO,Agencia SEO,Agencia y empresa SEO,atrae a tu cliente,servicios profesionales seo,50,10–100,baja
Servicios SEO,Agencia SEO,Agencia y empresa SEO,atrae a tu cliente,servicios seo para mi empresa,50,10–100,baja
Servicios SEO,Agencia SEO,Agencia y empresa SEO,atrae a tu cliente,servicios seo pequeñas empresas,50,10–100,baja
Servicios SEO,Agencia SEO,Agencia y empresa SEO,atrae a tu cliente,servicios seo wordpress,50,10–100,baja
Servicios SEO,Agencia SEO,Agencia y empresa SEO,atrae a tu cliente,soluciones seo,50,10–100,media
Servicios SEO,Agencia SEO,Agencia y empresa SEO,atrae a tu cliente,trafico de pago,50,10–100,media
Servicios SEO,Agencia SEO,Agencia y empresa SEO,atrae a tu cliente,trafico organico y pagado,50,10–100,media
Servicios SEO,Agencia SEO,Agencia y empresa SEO,atrae a tu cliente,webempresa seo,50,10–100,
Servicios SEO,Agencia SEO,Agencia y empresa SEO,atrae a tu cliente,rediseño web seo,0,<10,baja
Servicios SEO,Auditoría SEO,Auditoría y análisis SEO,servicio,auditoria seo,500,100–1.000,media
Servicios SEO,Auditoría SEO,Auditoría y análisis SEO,servicio,auditoria seo gratis,500,100–1.000,alta
Servicios SEO,Auditoría SEO,Auditoría y análisis SEO,servicio,auditoria sitio web,500,100–1.000,media
Servicios SEO,Auditoría SEO,Auditoría y análisis SEO,servicio,auditoria web,500,100–1.000,media
Servicios SEO,Auditoría SEO,Auditoría y análisis SEO,servicio,auditoria web gratis,500,100–1.000,alta
Servicios SEO,Auditoría SEO,Auditoría y análisis SEO,servicio,auditoría web,500,100–1.000,media
Servicios SEO,Auditoría SEO,Auditoría y análisis SEO,servicio,informe seo,500,100–1.000,
Servicios SEO,Auditoría SEO,Auditoría y análisis SEO,servicio,seo informe,500,100–1.000,
Servicios SEO,Auditoría SEO,Auditoría y análisis SEO,servicio,servicio auditoria seo,500,100–1.000,media
Servicios SEO,Auditoría SEO,Auditoría y análisis SEO,servicio,agencia auditoria seo,50,10–100,media
Servicios SEO,Auditoría SEO,Auditoría y análisis SEO,servicio,analisis competencia seo,50,10–100,
Servicios SEO,Auditoría SEO,Auditoría y análisis SEO,servicio,analisis seo de la competencia,50,10–100,baja
Servicios SEO,Auditoría SEO,Auditoría y análisis SEO,servicio,analizar competencia seo,50,10–100,baja
Servicios SEO,Auditoría SEO,Auditoría y análisis SEO,servicio,auditar pagina web,50,10–100,media
Servicios SEO,Auditoría SEO,Auditoría y análisis SEO,servicio,auditar sitio web,50,10–100,baja
Servicios SEO,Auditoría SEO,Auditoría y análisis SEO,servicio,auditar web,50,10–100,alta
Servicios SEO,Auditoría SEO,Auditoría y análisis SEO,servicio,auditoria backlinks,50,10–100,media
Servicios SEO,Auditoría SEO,Auditoría y análisis SEO,servicio,auditoria de accesibilidad web,50,10–100,alta
Servicios SEO,Auditoría SEO,Auditoría y análisis SEO,servicio,auditoria de backlinks,50,10–100,media
Servicios SEO,Auditoría SEO,Auditoría y análisis SEO,servicio,auditoria de contenidos,50,10–100,media
Servicios SEO,Auditoría SEO,Auditoría y análisis SEO,servicio,auditoria de indexabilidad,50,10–100,baja
Servicios SEO,Auditoría SEO,Auditoría y análisis SEO,servicio,auditoria de pagina,50,10–100,media
Servicios SEO,Auditoría SEO,Auditoría y análisis SEO,servicio,auditoria de pagina web,50,10–100,
Servicios SEO,Auditoría SEO,Auditoría y análisis SEO,servicio,auditoria de paginas web,50,10–100,
Servicios SEO,Auditoría SEO,Auditoría y análisis SEO,servicio,auditoria de sitio,50,10–100,baja
Servicios SEO,Auditoría SEO,Auditoría y análisis SEO,servicio,auditoria de sitio web,50,10–100,media
Servicios SEO,Auditoría SEO,Auditoría y análisis SEO,servicio,auditoria de sitios web,50,10–100,media
Servicios SEO,Auditoría SEO,Auditoría y análisis SEO,servicio,auditoria de tu web,50,10–100,baja
Servicios SEO,Auditoría SEO,Auditoría y análisis SEO,servicio,auditoria linkbuilding,50,10–100,media
Servicios SEO,Auditoría SEO,Auditoría y análisis SEO,servicio,auditoria migracion web,50,10–100,baja
Servicios SEO,Auditoría SEO,Auditoría y análisis SEO,servicio,auditoria pagina web,50,10–100,alta
Servicios SEO,Auditoría SEO,Auditoría y análisis SEO,servicio,auditoria posicionamiento,50,10–100,baja
Servicios SEO,Auditoría SEO,Auditoría y análisis SEO,servicio,auditoria posicionamiento web,50,10–100,baja
Servicios SEO,Auditoría SEO,Auditoría y análisis SEO,servicio,auditoria seo de site,50,10–100,baja
Servicios SEO,Auditoría SEO,Auditoría y análisis SEO,servicio,auditoria seo ejemplo,50,10–100,baja
Servicios SEO,Auditoría SEO,Auditoría y análisis SEO,servicio,auditoria seo gratis online,50,10–100,
Servicios SEO,Auditoría SEO,Auditoría y análisis SEO,servicio,auditoria seo gratuita,50,10–100,
Servicios SEO,Auditoría SEO,Auditoría y análisis SEO,servicio,auditoria seo on page,50,10–100,baja
Servicios SEO,Auditoría SEO,Auditoría y análisis SEO,servicio,auditoria seo online,50,10–100,alta
Servicios SEO,Auditoría SEO,Auditoría y análisis SEO,servicio,auditoria seo online gratis,50,10–100,alta
Servicios SEO,Auditoría SEO,Auditoría y análisis SEO,servicio,auditoria seo pasos,50,10–100,baja
Servicios SEO,Auditoría SEO,Auditoría y análisis SEO,servicio,auditoria seo pdf,50,10–100,baja
Servicios SEO,Auditoría SEO,Auditoría y análisis SEO,servicio,auditoria seo personalizada,50,10–100,baja
Servicios SEO,Auditoría SEO,Auditoría y análisis SEO,servicio,auditoria seo profesional,50,10–100,alta
Servicios SEO,Auditoría SEO,Auditoría y análisis SEO,servicio,auditoria seo que es,50,10–100,media
Servicios SEO,Auditoría SEO,Auditoría y análisis SEO,servicio,auditoria seo tecnica,50,10–100,media
Servicios SEO,Auditoría SEO,Auditoría y análisis SEO,servicio,auditoria seo tecnico,50,10–100,media
Servicios SEO,Auditoría SEO,Auditoría y análisis SEO,servicio,auditoria seo web,50,10–100,alta
Servicios SEO,Auditoría SEO,Auditoría y análisis SEO,servicio,auditoria seo wordpress,50,10–100,baja
Servicios SEO,Auditoría SEO,Auditoría y análisis SEO,servicio,auditoria web ejemplo,50,10–100,baja
Servicios SEO,Auditoría SEO,Auditoría y análisis SEO,servicio,auditoria web online,50,10–100,media
Servicios SEO,Auditoría SEO,Auditoría y análisis SEO,servicio,auditoria web online gratis,50,10–100,alta
Servicios SEO,Auditoría SEO,Auditoría y análisis SEO,servicio,auditoria web que es,50,10–100,media
Servicios SEO,Auditoría SEO,Auditoría y análisis SEO,servicio,auditoria web seo,50,10–100,
Servicios SEO,Auditoría SEO,Auditoría y análisis SEO,servicio,auditoria wpo,50,10–100,media
Servicios SEO,Auditoría SEO,Auditoría y análisis SEO,servicio,auditorias de seo,50,10–100,alta
Servicios SEO,Auditoría SEO,Auditoría y análisis SEO,servicio,auditoría seo online,50,10–100,alta
Servicios SEO,Auditoría SEO,Auditoría y análisis SEO,servicio,auditoría seo online gratis,50,10–100,baja
Servicios SEO,Auditoría SEO,Auditoría y análisis SEO,servicio,auditoría seo profesional,50,10–100,media
Servicios SEO,Auditoría SEO,Auditoría y análisis SEO,servicio,auditoría web ejemplo,50,10–100,baja
Servicios SEO,Auditoría SEO,Auditoría y análisis SEO,servicio,auditoría web pdf,50,10–100,baja
Servicios SEO,Auditoría SEO,Auditoría y análisis SEO,servicio,check list de seo,50,10–100,baja
Servicios SEO,Auditoría SEO,Auditoría y análisis SEO,servicio,check list seo,50,10–100,baja
Servicios SEO,Auditoría SEO,Auditoría y análisis SEO,servicio,checklist auditoria seo,50,10–100,baja
Servicios SEO,Auditoría SEO,Auditoría y análisis SEO,servicio,checklist seo,50,10–100,media
Servicios SEO,Auditoría SEO,Auditoría y análisis SEO,servicio,contenido de informe de auditoria,50,10–100,media
Servicios SEO,Auditoría SEO,Auditoría y análisis SEO,servicio,contenido de un informe de auditoria,50,10–100,baja
Servicios SEO,Auditoría SEO,Auditoría y análisis SEO,servicio,contenido de un plan de auditoria,50,10–100,baja
Servicios SEO,Auditoría SEO,Auditoría y análisis SEO,servicio,contenido de un programa de auditoria,50,10–100,baja
Servicios SEO,Auditoría SEO,Auditoría y análisis SEO,servicio,contratar auditoria seo,50,10–100,media
Servicios SEO,Auditoría SEO,Auditoría y análisis SEO,servicio,diagnostico seo,50,10–100,alta
Servicios SEO,Auditoría SEO,Auditoría y análisis SEO,servicio,diagnostico seo gratis,50,10–100,baja
Servicios SEO,Auditoría SEO,Auditoría y análisis SEO,servicio,ejemplo de auditoria seo,50,10–100,alta
Servicios SEO,Auditoría SEO,Auditoría y análisis SEO,servicio,ejemplo informe seo,50,10–100,media
Servicios SEO,Auditoría SEO,Auditoría y análisis SEO,servicio,hacer auditoria seo,50,10–100,
Servicios SEO,Auditoría SEO,Auditoría y análisis SEO,servicio,herramienta auditoria seo,50,10–100,media
Servicios SEO,Auditoría SEO,Auditoría y análisis SEO,servicio,herramientas auditoria web,50,10–100,media
Servicios SEO,Auditoría SEO,Auditoría y análisis SEO,servicio,herramientas para auditoria seo,50,10–100,baja
Servicios SEO,Auditoría SEO,Auditoría y análisis SEO,servicio,informe auditoria seo,50,10–100,baja
Servicios SEO,Auditoría SEO,Auditoría y análisis SEO,servicio,informe de seo,50,10–100,media
Servicios SEO,Auditoría SEO,Auditoría y análisis SEO,servicio,informe seo data studio,50,10–100,baja
Servicios SEO,Auditoría SEO,Auditoría y análisis SEO,servicio,informe seo ejemplo,50,10–100,media
Servicios SEO,Auditoría SEO,Auditoría y análisis SEO,servicio,informe seo gratis,50,10–100,alta
Servicios SEO,Auditoría SEO,Auditoría y análisis SEO,servicio,informe seo gratis online,50,10–100,alta
Servicios SEO,Auditoría SEO,Auditoría y análisis SEO,servicio,informe seo gratuito,50,10–100,media
Servicios SEO,Auditoría SEO,Auditoría y análisis SEO,servicio,informe seo online,50,10–100,
Servicios SEO,Auditoría SEO,Auditoría y análisis SEO,servicio,informe seo pdf,50,10–100,
Servicios SEO,Auditoría SEO,Auditoría y análisis SEO,servicio,informe seo web,50,10–100,
Servicios SEO,Auditoría SEO,Auditoría y análisis SEO,servicio,que es auditoria seo,50,10–100,media
Servicios SEO,Auditoría SEO,Auditoría y análisis SEO,servicio,que es una auditoria seo,50,10–100,media
Servicios SEO,Auditoría SEO,Auditoría y análisis SEO,servicio,reporte seo,50,10–100,media
Servicios SEO,Auditoría SEO,Auditoría y análisis SEO,servicio,reporte seo gratis,50,10–100,media
Servicios SEO,Auditoría SEO,Auditoría y análisis SEO,servicio,seo auditoria,50,10–100,
Servicios SEO,Auditoría SEO,Auditoría y análisis SEO,servicio,servicio de auditoria seo,50,10–100,media
Servicios SEO,Auditoría SEO,Auditoría y análisis SEO,servicio,checklist migracion seo,0,<10,baja
Servicios SEO,Auditoría SEO,Auditoría y análisis SEO,servicio,informe seo cliente,0,<10,baja
Servicios SEO,Consultoría SEO,Consultor y experto SEO,servicio,consultor seo,5000,1.000–10.000,media
Servicios SEO,Consultoría SEO,Consultor y experto SEO,servicio,consultores seo,5000,1.000–10.000,media
Servicios SEO,Consultoría SEO,Consultor y experto SEO,servicio,consultoria seo,5000,1.000–10.000,media
Servicios SEO,Consultoría SEO,Consultor y experto SEO,servicio,consultorseo,5000,1.000–10.000,media
Servicios SEO,Consultoría SEO,Consultor y experto SEO,servicio,especialista en seo,5000,1.000–10.000,media
Servicios SEO,Consultoría SEO,Consultor y experto SEO,servicio,seo consultor,5000,1.000–10.000,media
Servicios SEO,Consultoría SEO,Consultor y experto SEO,servicio,agencia especialista en seo,500,100–1.000,alta
Servicios SEO,Consultoría SEO,Consultor y experto SEO,servicio,asesoria seo,500,100–1.000,media
Servicios SEO,Consultoría SEO,Consultor y experto SEO,servicio,consultor posicionamiento web,500,100–1.000,media
Servicios SEO,Consultoría SEO,Consultor y experto SEO,servicio,consultor seo ecommerce,500,100–1.000,media
Servicios SEO,Consultoría SEO,Consultor y experto SEO,servicio,consultor seo freelance,500,100–1.000,media
Servicios SEO,Consultoría SEO,Consultor y experto SEO,servicio,consultor seo internacional,500,100–1.000,media
Servicios SEO,Consultoría SEO,Consultor y experto SEO,servicio,consultor seo local,500,100–1.000,media
Servicios SEO,Consultoría SEO,Consultor y experto SEO,servicio,consultor seo wordpress,500,100–1.000,media
Servicios SEO,Consultoría SEO,Consultor y experto SEO,servicio,consultora seo,500,100–1.000,media
Servicios SEO,Consultoría SEO,Consultor y experto SEO,servicio,consultoria de posicionamiento web,500,100–1.000,baja
Servicios SEO,Consultoría SEO,Consultor y experto SEO,servicio,consultoria seo internacional,500,100–1.000,media
Servicios SEO,Consultoría SEO,Consultor y experto SEO,servicio,contratar consultor seo,500,100–1.000,media
Servicios SEO,Consultoría SEO,Consultor y experto SEO,servicio,especialista en seo y sem,500,100–1.000,alta
Servicios SEO,Consultoría SEO,Consultor y experto SEO,servicio,especialista seo,500,100–1.000,media
Servicios SEO,Consultoría SEO,Consultor y experto SEO,servicio,especialista seo sem,500,100–1.000,alta
Servicios SEO,Consultoría SEO,Consultor y experto SEO,servicio,especialistas en posicionamiento web,500,100–1.000,alta
Servicios SEO,Consultoría SEO,Consultor y experto SEO,servicio,especialistas en seo y sem,500,100–1.000,alta
Servicios SEO,Consultoría SEO,Consultor y experto SEO,servicio,especialistas seo,500,100–1.000,media
Servicios SEO,Consultoría SEO,Consultor y experto SEO,servicio,experta en seo,500,100–1.000,media
Servicios SEO,Consultoría SEO,Consultor y experto SEO,servicio,experto en posicionamiento seo,500,100–1.000,media
Servicios SEO,Consultoría SEO,Consultor y experto SEO,servicio,experto en posicionamiento web,500,100–1.000,media
Servicios SEO,Consultoría SEO,Consultor y experto SEO,servicio,experto en seo,500,100–1.000,media
Servicios SEO,Consultoría SEO,Consultor y experto SEO,servicio,experto seo,500,100–1.000,media
Servicios SEO,Consultoría SEO,Consultor y experto SEO,servicio,experto seo local,500,100–1.000,media
Servicios SEO,Consultoría SEO,Consultor y experto SEO,servicio,expertos en posicionamiento seo,500,100–1.000,media
Servicios SEO,Consultoría SEO,Consultor y experto SEO,servicio,expertos en posicionamiento web,500,100–1.000,media
Servicios SEO,Consultoría SEO,Consultor y experto SEO,servicio,seo especialista,500,100–1.000,media
Servicios SEO,Consultoría SEO,Consultor y experto SEO,servicio,seo especialistas,500,100–1.000,media
Servicios SEO,Consultoría SEO,Consultor y experto SEO,servicio,seo experto,500,100–1.000,media
Servicios SEO,Consultoría SEO,Consultor y experto SEO,servicio,seo expertos,500,100–1.000,media
Servicios SEO,Consultoría SEO,Consultor y experto SEO,servicio,agencia especialista seo,50,10–100,alta
Servicios SEO,Consultoría SEO,Consultor y experto SEO,servicio,asesoramiento seo,50,10–100,media
Servicios SEO,Consultoría SEO,Consultor y experto SEO,servicio,asesoria posicionamiento seo,50,10–100,
Servicios SEO,Consultoría SEO,Consultor y experto SEO,servicio,consultor en seo,50,10–100,
Servicios SEO,Consultoría SEO,Consultor y experto SEO,servicio,consultor posicionamiento,50,10–100,media
Servicios SEO,Consultoría SEO,Consultor y experto SEO,servicio,consultor posicionamiento en buscadores,50,10–100,media
Servicios SEO,Consultoría SEO,Consultor y experto SEO,servicio,consultor posicionamiento seo,50,10–100,media
Servicios SEO,Consultoría SEO,Consultor y experto SEO,servicio,consultor sem,50,10–100,alta
Servicios SEO,Consultoría SEO,Consultor y experto SEO,servicio,consultor sem freelance,50,10–100,media
Servicios SEO,Consultoría SEO,Consultor y experto SEO,servicio,consultor seo bueno,50,10–100,baja
Servicios SEO,Consultoría SEO,Consultor y experto SEO,servicio,consultor seo de posicionamiento en google,50,10–100,media
Servicios SEO,Consultoría SEO,Consultor y experto SEO,servicio,consultor seo experto,50,10–100,media
Servicios SEO,Consultoría SEO,Consultor y experto SEO,servicio,consultor seo freelancer,50,10–100,media
Servicios SEO,Consultoría SEO,Consultor y experto SEO,servicio,consultor seo google,50,10–100,media
Servicios SEO,Consultoría SEO,Consultor y experto SEO,servicio,consultor seo para pymes,50,10–100,media
Servicios SEO,Consultoría SEO,Consultor y experto SEO,servicio,consultor seo profesional,50,10–100,media
Servicios SEO,Consultoría SEO,Consultor y experto SEO,servicio,consultor seo que es,50,10–100,media
Servicios SEO,Consultoría SEO,Consultor y experto SEO,servicio,consultor seo sem,50,10–100,baja
Servicios SEO,Consultoría SEO,Consultor y experto SEO,servicio,consultor seo tecnico,50,10–100,media
Servicios SEO,Consultoría SEO,Consultor y experto SEO,servicio,consultor seo y sem,50,10–100,baja
Servicios SEO,Consultoría SEO,Consultor y experto SEO,servicio,consultora de seo,50,10–100,baja
Servicios SEO,Consultoría SEO,Consultor y experto SEO,servicio,consultora sem,50,10–100,media
Servicios SEO,Consultoría SEO,Consultor y experto SEO,servicio,consultora seo sem,50,10–100,baja
Servicios SEO,Consultoría SEO,Consultor y experto SEO,servicio,consultores sem,50,10–100,alta
Servicios SEO,Consultoría SEO,Consultor y experto SEO,servicio,consultores seo sem,50,10–100,baja
Servicios SEO,Consultoría SEO,Consultor y experto SEO,servicio,consultoria de posicionamiento en buscadores,50,10–100,baja
Servicios SEO,Consultoría SEO,Consultor y experto SEO,servicio,consultoria en seo,50,10–100,
Servicios SEO,Consultoría SEO,Consultor y experto SEO,servicio,consultoria posicionamiento,50,10–100,media
Servicios SEO,Consultoría SEO,Consultor y experto SEO,servicio,consultoria seo gratis,50,10–100,media
Servicios SEO,Consultoría SEO,Consultor y experto SEO,servicio,consultoria seo online,50,10–100,baja
Servicios SEO,Consultoría SEO,Consultor y experto SEO,servicio,consultoria seo para pequenas empresas,50,10–100,baja
Servicios SEO,Consultoría SEO,Consultor y experto SEO,servicio,consultoria seo sem,50,10–100,baja
Servicios SEO,Consultoría SEO,Consultor y experto SEO,servicio,consultoria seo tecnico,50,10–100,baja
Servicios SEO,Consultoría SEO,Consultor y experto SEO,servicio,consultoria seo wordpress,50,10–100,media
Servicios SEO,Consultoría SEO,Consultor y experto SEO,servicio,consultoria seo y sem,50,10–100,baja
Servicios SEO,Consultoría SEO,Consultor y experto SEO,servicio,contratar experto seo,50,10–100,media
Servicios SEO,Consultoría SEO,Consultor y experto SEO,servicio,empresa especialista en seo,50,10–100,baja
Servicios SEO,Consultoría SEO,Consultor y experto SEO,servicio,especialista en posicionamiento web seo sem,50,10–100,baja
Servicios SEO,Consultoría SEO,Consultor y experto SEO,servicio,especialista en seo que es,50,10–100,media
Servicios SEO,Consultoría SEO,Consultor y experto SEO,servicio,especialista posicionamiento seo,50,10–100,baja
Servicios SEO,Consultoría SEO,Consultor y experto SEO,servicio,especialista seo freelance,50,10–100,media
Servicios SEO,Consultoría SEO,Consultor y experto SEO,servicio,especialista seo que es,50,10–100,media
Servicios SEO,Consultoría SEO,Consultor y experto SEO,servicio,especialista seo tecnico,50,10–100,baja
Servicios SEO,Consultoría SEO,Consultor y experto SEO,servicio,especialista seo wordpress,50,10–100,baja
Servicios SEO,Consultoría SEO,Consultor y experto SEO,servicio,especialista seo y sem,50,10–100,media
Servicios SEO,Consultoría SEO,Consultor y experto SEO,servicio,especialistas en posicionamiento seo,50,10–100,baja
Servicios SEO,Consultoría SEO,Consultor y experto SEO,servicio,especialistas en seo local,50,10–100,baja
Servicios SEO,Consultoría SEO,Consultor y experto SEO,servicio,especialistas seo tecnico,50,10–100,baja
Servicios SEO,Consultoría SEO,Consultor y experto SEO,servicio,especialistas seo y sem,50,10–100,baja
Servicios SEO,Consultoría SEO,Consultor y experto SEO,servicio,experto de seo,50,10–100,baja
Servicios SEO,Consultoría SEO,Consultor y experto SEO,servicio,experto en seo que es,50,10–100,baja
Servicios SEO,Consultoría SEO,Consultor y experto SEO,servicio,experto en seo y posicionamiento web,50,10–100,baja
Servicios SEO,Consultoría SEO,Consultor y experto SEO,servicio,experto en seo y sem,50,10–100,
Servicios SEO,Consultoría SEO,Consultor y experto SEO,servicio,experto posicionamiento seo,50,10–100,
Servicios SEO,Consultoría SEO,Consultor y experto SEO,servicio,experto sem,50,10–100,
Servicios SEO,Consultoría SEO,Consultor y experto SEO,servicio,experto seo ecommerce,50,10–100,baja
Servicios SEO,Consultoría SEO,Consultor y experto SEO,servicio,experto seo freelance,50,10–100,media
Servicios SEO,Consultoría SEO,Consultor y experto SEO,servicio,experto seo internacional,50,10–100,media
Servicios SEO,Consultoría SEO,Consultor y experto SEO,servicio,experto seo que es,50,10–100,baja
Servicios SEO,Consultoría SEO,Consultor y experto SEO,servicio,experto seo sem,50,10–100,
Servicios SEO,Consultoría SEO,Consultor y experto SEO,servicio,experto seo wordpress,50,10–100,media
Servicios SEO,Consultoría SEO,Consultor y experto SEO,servicio,experto seo y sem,50,10–100,baja
Servicios SEO,Consultoría SEO,Consultor y experto SEO,servicio,expertos sem,50,10–100,
Servicios SEO,Consultoría SEO,Consultor y experto SEO,servicio,mejor consultor seo,50,10–100,media
Servicios SEO,Consultoría SEO,Consultor y experto SEO,servicio,posicionamiento seo freelance,50,10–100,media
Servicios SEO,Consultoría SEO,Consultor y experto SEO,servicio,precio consultor seo,50,10–100,alta
Servicios SEO,Consultoría SEO,Consultor y experto SEO,servicio,precio consultoria seo,50,10–100,media
Servicios SEO,Consultoría SEO,Consultor y experto SEO,servicio,precio hora consultor seo,50,10–100,baja
Servicios SEO,Consultoría SEO,Consultor y experto SEO,servicio,que es consultor seo,50,10–100,media
Servicios SEO,Consultoría SEO,Consultor y experto SEO,servicio,que es especialista en seo,50,10–100,media
Servicios SEO,Consultoría SEO,Consultor y experto SEO,servicio,que es especialista seo,50,10–100,media
Servicios SEO,Consultoría SEO,Consultor y experto SEO,servicio,que es experto en seo,50,10–100,media
Servicios SEO,Consultoría SEO,Consultor y experto SEO,servicio,que es experto seo,50,10–100,media
Servicios SEO,Consultoría SEO,Consultor y experto SEO,servicio,que es un consultor seo,50,10–100,media
Servicios SEO,Consultoría SEO,Consultor y experto SEO,servicio,que es un especialista en seo,50,10–100,media
Servicios SEO,Consultoría SEO,Consultor y experto SEO,servicio,que es un especialista seo,50,10–100,media
Servicios SEO,Consultoría SEO,Consultor y experto SEO,servicio,que es un experto en seo,50,10–100,media
Servicios SEO,Consultoría SEO,Consultor y experto SEO,servicio,que es un experto seo,50,10–100,baja
Servicios SEO,Consultoría SEO,Consultor y experto SEO,servicio,que hace un consultor seo,50,10–100,media
Servicios SEO,Consultoría SEO,Consultor y experto SEO,servicio,que hace un especialista en seo,50,10–100,media
Servicios SEO,Consultoría SEO,Consultor y experto SEO,servicio,que hace un experto en seo,50,10–100,baja
Servicios SEO,Consultoría SEO,Consultor y experto SEO,servicio,qué es un consultor seo,50,10–100,media
Servicios SEO,Consultoría SEO,Consultor y experto SEO,servicio,seo consultora,50,10–100,
Servicios SEO,Consultoría SEO,Estrategia SEO,servicio,diferencia entre estrategia seo y sem,50,10–100,baja
Servicios SEO,Consultoría SEO,Estrategia SEO,servicio,estrategia de marketing digital y seo,50,10–100,baja
Servicios SEO,Consultoría SEO,Estrategia SEO,servicio,estrategia de marketing seo,50,10–100,baja
Servicios SEO,Consultoría SEO,Estrategia SEO,servicio,estrategia seo en marketing digital,50,10–100,
Servicios SEO,Consultoría SEO,Estrategia SEO,servicio,estrategia seo internacional,50,10–100,media
Servicios SEO,Consultoría SEO,Estrategia SEO,servicio,estrategia seo marketing,50,10–100,baja
Servicios SEO,Consultoría SEO,Estrategia SEO,servicio,estrategia seo para ecommerce,50,10–100,media
Servicios SEO,Consultoría SEO,Estrategia SEO,servicio,estrategia seo que es,50,10–100,media
Servicios SEO,Consultoría SEO,Estrategia SEO,servicio,estrategia seo sem,50,10–100,alta
Servicios SEO,Consultoría SEO,Estrategia SEO,servicio,estrategia seo significado,50,10–100,media
Servicios SEO,Consultoría SEO,Estrategia SEO,servicio,estrategia seo y sem,50,10–100,alta
Servicios SEO,Consultoría SEO,Estrategia SEO,servicio,estrategia seo y sem ejemplo,50,10–100,baja
Servicios SEO,Consultoría SEO,Estrategia SEO,servicio,que es estrategia seo y sem,50,10–100,baja
Servicios SEO,Consultoría SEO,Estrategia SEO,servicio,que es la estrategia seo en marketing,50,10–100,baja
Servicios SEO,Consultoría SEO,Estrategia SEO,servicio,seo estrategia de marketing,50,10–100,media
Servicios SEO,Consultoría SEO,Estrategia SEO,servicio,seo estrategico,50,10–100,baja
Servicios SEO,Consultoría SEO,Precio y presupuesto SEO,servicio,posicionamiento en google precio,500,100–1.000,alta
Servicios SEO,Consultoría SEO,Precio y presupuesto SEO,servicio,posicionamiento seo precio,500,100–1.000,alta
Servicios SEO,Consultoría SEO,Precio y presupuesto SEO,servicio,posicionamiento web precios,500,100–1.000,alta
Servicios SEO,Consultoría SEO,Precio y presupuesto SEO,servicio,precio posicionamiento en google,500,100–1.000,alta
Servicios SEO,Consultoría SEO,Precio y presupuesto SEO,servicio,precio posicionar web,500,100–1.000,alta
Servicios SEO,Consultoría SEO,Precio y presupuesto SEO,servicio,precio seo,500,100–1.000,media
Servicios SEO,Consultoría SEO,Precio y presupuesto SEO,servicio,presupuesto seo,500,100–1.000,media
Servicios SEO,Consultoría SEO,Precio y presupuesto SEO,servicio,agencia seo precios,50,10–100,alta
Servicios SEO,Consultoría SEO,Precio y presupuesto SEO,servicio,auditoria seo precio,50,10–100,media
Servicios SEO,Consultoría SEO,Precio y presupuesto SEO,servicio,campaña seo precio,50,10–100,baja
Servicios SEO,Consultoría SEO,Precio y presupuesto SEO,servicio,contratar seo precio,50,10–100,baja
Servicios SEO,Consultoría SEO,Precio y presupuesto SEO,servicio,coste posicionamiento google,50,10–100,baja
Servicios SEO,Consultoría SEO,Precio y presupuesto SEO,servicio,coste posicionamiento seo,50,10–100,
Servicios SEO,Consultoría SEO,Precio y presupuesto SEO,servicio,coste posicionamiento web,50,10–100,
Servicios SEO,Consultoría SEO,Precio y presupuesto SEO,servicio,coste seo,50,10–100,alta
Servicios SEO,Consultoría SEO,Precio y presupuesto SEO,servicio,cotizacion seo,50,10–100,baja
Servicios SEO,Consultoría SEO,Precio y presupuesto SEO,servicio,cotizar seo,50,10–100,baja
Servicios SEO,Consultoría SEO,Precio y presupuesto SEO,servicio,cuanto cuesta el posicionamiento seo,50,10–100,
Servicios SEO,Consultoría SEO,Precio y presupuesto SEO,servicio,cuanto cuesta el seo,50,10–100,alta
Servicios SEO,Consultoría SEO,Precio y presupuesto SEO,servicio,cuanto cuesta hacer seo,50,10–100,baja
Servicios SEO,Consultoría SEO,Precio y presupuesto SEO,servicio,cuanto cuesta posicionar una pagina web,50,10–100,baja
Servicios SEO,Consultoría SEO,Precio y presupuesto SEO,servicio,cuanto cuesta posicionar una pagina web en google,50,10–100,
Servicios SEO,Consultoría SEO,Precio y presupuesto SEO,servicio,cuanto cuesta posicionar una web,50,10–100,
Servicios SEO,Consultoría SEO,Precio y presupuesto SEO,servicio,cuanto cuesta posicionar una web en google,50,10–100,
Servicios SEO,Consultoría SEO,Precio y presupuesto SEO,servicio,cuanto cuesta posicionarse en google,50,10–100,
Servicios SEO,Consultoría SEO,Precio y presupuesto SEO,servicio,cuanto cuesta un posicionamiento seo,50,10–100,
Servicios SEO,Consultoría SEO,Precio y presupuesto SEO,servicio,cuanto cuesta un seo,50,10–100,media
Servicios SEO,Consultoría SEO,Precio y presupuesto SEO,servicio,cuanto cuesta una auditoria seo,50,10–100,alta
Servicios SEO,Consultoría SEO,Precio y presupuesto SEO,servicio,posicionamiento natural precios,50,10–100,baja
Servicios SEO,Consultoría SEO,Precio y presupuesto SEO,servicio,posicionamiento precio,50,10–100,media
Servicios SEO,Consultoría SEO,Precio y presupuesto SEO,servicio,posicionamiento sem precio,50,10–100,media
Servicios SEO,Consultoría SEO,Precio y presupuesto SEO,servicio,posicionamiento seo presupuesto,50,10–100,media
Servicios SEO,Consultoría SEO,Precio y presupuesto SEO,servicio,posicionamiento web google precios,50,10–100,
Servicios SEO,Consultoría SEO,Precio y presupuesto SEO,servicio,posicionamiento web seo precios,50,10–100,baja
Servicios SEO,Consultoría SEO,Precio y presupuesto SEO,servicio,precio auditoría seo,50,10–100,baja
Servicios SEO,Consultoría SEO,Precio y presupuesto SEO,servicio,precio campaña seo,50,10–100,baja
Servicios SEO,Consultoría SEO,Precio y presupuesto SEO,servicio,precio de posicionamiento seo,50,10–100,baja
Servicios SEO,Consultoría SEO,Precio y presupuesto SEO,servicio,precio de seo,50,10–100,baja
Servicios SEO,Consultoría SEO,Precio y presupuesto SEO,servicio,precio hora seo,50,10–100,media
Servicios SEO,Consultoría SEO,Precio y presupuesto SEO,servicio,precio mantenimiento seo,50,10–100,
Servicios SEO,Consultoría SEO,Precio y presupuesto SEO,servicio,precio pagina web y posicionamiento,50,10–100,baja
Servicios SEO,Consultoría SEO,Precio y presupuesto SEO,servicio,precio palabras clave adwords,50,10–100,baja
Servicios SEO,Consultoría SEO,Precio y presupuesto SEO,servicio,precio posicionamiento web seo,50,10–100,baja
Servicios SEO,Consultoría SEO,Precio y presupuesto SEO,servicio,precio seo google,50,10–100,baja
Servicios SEO,Consultoría SEO,Precio y presupuesto SEO,servicio,precio seo local,50,10–100,media
Servicios SEO,Consultoría SEO,Precio y presupuesto SEO,servicio,precio seo mensual,50,10–100,media
Servicios SEO,Consultoría SEO,Precio y presupuesto SEO,servicio,precio seo tienda online,50,10–100,media
Servicios SEO,Consultoría SEO,Precio y presupuesto SEO,servicio,precio yoast seo premium,50,10–100,alta
Servicios SEO,Consultoría SEO,Precio y presupuesto SEO,servicio,precios de posicionamiento web,50,10–100,baja
Servicios SEO,Consultoría SEO,Precio y presupuesto SEO,servicio,precios de posicionar pagina en google,50,10–100,media
Servicios SEO,Consultoría SEO,Precio y presupuesto SEO,servicio,precios posicionamiento en buscadores,50,10–100,baja
Servicios SEO,Consultoría SEO,Precio y presupuesto SEO,servicio,presupuesto de seo,50,10–100,
Servicios SEO,Consultoría SEO,Precio y presupuesto SEO,servicio,presupuesto para seo,50,10–100,baja
Servicios SEO,Consultoría SEO,Precio y presupuesto SEO,servicio,presupuesto posicionamiento seo,50,10–100,
Servicios SEO,Consultoría SEO,Precio y presupuesto SEO,servicio,presupuesto posicionamiento web,50,10–100,media
Servicios SEO,Consultoría SEO,Precio y presupuesto SEO,servicio,presupuesto seo local,50,10–100,media
Servicios SEO,Consultoría SEO,Precio y presupuesto SEO,servicio,presupuesto seo wordpress,50,10–100,baja
Servicios SEO,Consultoría SEO,Precio y presupuesto SEO,servicio,seo al mejor precio,50,10–100,baja
Servicios SEO,Consultoría SEO,Precio y presupuesto SEO,servicio,seo cuanto cuesta,50,10–100,alta
Servicios SEO,Consultoría SEO,Precio y presupuesto SEO,servicio,seo google precio,50,10–100,
Servicios SEO,Consultoría SEO,Precio y presupuesto SEO,servicio,seo mensual,50,10–100,alta
Servicios SEO,Consultoría SEO,Precio y presupuesto SEO,servicio,seo tarifas,50,10–100,alta
Servicios SEO,Consultoría SEO,Precio y presupuesto SEO,servicio,servicio seo mensual,50,10–100,media
Servicios SEO,Consultoría SEO,Precio y presupuesto SEO,servicio,servicio seo precio,50,10–100,
Servicios SEO,Consultoría SEO,Precio y presupuesto SEO,servicio,servicios seo precios,50,10–100,
Servicios SEO,Consultoría SEO,Precio y presupuesto SEO,servicio,tarifa posicionamiento web,50,10–100,media
Servicios SEO,Consultoría SEO,Precio y presupuesto SEO,servicio,tarifario seo,50,10–100,baja
Servicios SEO,Consultoría SEO,Precio y presupuesto SEO,servicio,tarifas posicionamiento seo,50,10–100,
Servicios SEO,Consultoría SEO,Precio y presupuesto SEO,servicio,tarifas redactor seo,50,10–100,baja
Servicios SEO,Consultoría SEO,Precio y presupuesto SEO,servicio,tarifas seo,50,10–100,alta
Servicios SEO,Consultoría SEO,Precio y presupuesto SEO,servicio,yoast seo precio,50,10–100,
Servicios SEO,Consultoría SEO,Precio y presupuesto SEO,servicio,yoast seo premium precio,50,10–100,alta
Servicios SEO,Posicionamiento web,Posicionar una web en Google,servicio,posiciona web,5000,1.000–10.000,media
Servicios SEO,Posicionamiento web,Posicionar una web en Google,servicio,posicionamiento seo,5000,1.000–10.000,alta
Servicios SEO,Posicionamiento web,Posicionar una web en Google,servicio,posicionamiento web,5000,1.000–10.000,media
Servicios SEO,Posicionamiento web,Posicionar una web en Google,servicio,posicionamiento y seo,5000,1.000–10.000,alta
Servicios SEO,Posicionamiento web,Posicionar una web en Google,servicio,posicionar seo,5000,1.000–10.000,alta
Servicios SEO,Posicionamiento web,Posicionar una web en Google,servicio,posicionar web,5000,1.000–10.000,media
Servicios SEO,Posicionamiento web,Posicionar una web en Google,servicio,posiciones seo,5000,1.000–10.000,alta
Servicios SEO,Posicionamiento web,Posicionar una web en Google,servicio,seo posicionamiento,5000,1.000–10.000,alta
Servicios SEO,Posicionamiento web,Posicionar una web en Google,servicio,mejorar seo,500,100–1.000,alta
Servicios SEO,Posicionamiento web,Posicionar una web en Google,servicio,optimizacion seo,500,100–1.000,alta
Servicios SEO,Posicionamiento web,Posicionar una web en Google,servicio,optimización seo,500,100–1.000,alta
Servicios SEO,Posicionamiento web,Posicionar una web en Google,servicio,optimización web,500,100–1.000,media
Servicios SEO,Posicionamiento web,Posicionar una web en Google,servicio,optimizador seo,500,100–1.000,alta
Servicios SEO,Posicionamiento web,Posicionar una web en Google,servicio,posicion google,500,100–1.000,media
Servicios SEO,Posicionamiento web,Posicionar una web en Google,servicio,posicionament web,500,100–1.000,alta
Servicios SEO,Posicionamiento web,Posicionar una web en Google,servicio,posicionamiento buscadores seo,500,100–1.000,media
Servicios SEO,Posicionamiento web,Posicionar una web en Google,servicio,posicionamiento en buscadores,500,100–1.000,alta
Servicios SEO,Posicionamiento web,Posicionar una web en Google,servicio,posicionamiento en google,500,100–1.000,alta
Servicios SEO,Posicionamiento web,Posicionar una web en Google,servicio,posicionamiento en google gratis,500,100–1.000,alta
Servicios SEO,Posicionamiento web,Posicionar una web en Google,servicio,posicionamiento en google seo,500,100–1.000,alta
Servicios SEO,Posicionamiento web,Posicionar una web en Google,servicio,posicionamiento en paginas web,500,100–1.000,
Servicios SEO,Posicionamiento web,Posicionar una web en Google,servicio,posicionamiento google,500,100–1.000,alta
Servicios SEO,Posicionamiento web,Posicionar una web en Google,servicio,posicionamiento google gratis,500,100–1.000,alta
Servicios SEO,Posicionamiento web,Posicionar una web en Google,servicio,posicionamiento google seo,500,100–1.000,alta
Servicios SEO,Posicionamiento web,Posicionar una web en Google,servicio,posicionamiento organico,500,100–1.000,media
Servicios SEO,Posicionamiento web,Posicionar una web en Google,servicio,posicionamiento pagina web,500,100–1.000,
Servicios SEO,Posicionamiento web,Posicionar una web en Google,servicio,posicionamiento seo en google,500,100–1.000,alta
Servicios SEO,Posicionamiento web,Posicionar una web en Google,servicio,posicionamiento seo google,500,100–1.000,alta
Servicios SEO,Posicionamiento web,Posicionar una web en Google,servicio,posicionamiento seo organico,500,100–1.000,media
Servicios SEO,Posicionamiento web,Posicionar una web en Google,servicio,posicionar google,500,100–1.000,alta
Servicios SEO,Posicionamiento web,Posicionar una web en Google,servicio,posicionar pagina web en google,500,100–1.000,alta
Servicios SEO,Posicionamiento web,Posicionar una web en Google,servicio,posicionar página web en google,500,100–1.000,alta
Servicios SEO,Posicionamiento web,Posicionar una web en Google,servicio,posicionar web en google,500,100–1.000,alta
Servicios SEO,Posicionamiento web,Posicionar una web en Google,servicio,posicionar web seo,500,100–1.000,media
Servicios SEO,Posicionamiento web,Posicionar una web en Google,servicio,seo posicionamiento organico,500,100–1.000,media
Servicios SEO,Posicionamiento web,Posicionar una web en Google,servicio,seo posicionamiento web,500,100–1.000,media
Servicios SEO,Posicionamiento web,Posicionar una web en Google,servicio,seo y posicionamiento web,500,100–1.000,media
Servicios SEO,Posicionamiento web,Posicionar una web en Google,servicio,acciones para mejorar el seo,50,10–100,baja
Servicios SEO,Posicionamiento web,Posicionar una web en Google,servicio,alexa posicionamiento,50,10–100,media
Servicios SEO,Posicionamiento web,Posicionar una web en Google,servicio,aparecer de primero en google,50,10–100,baja
Servicios SEO,Posicionamiento web,Posicionar una web en Google,servicio,aparecer primero en google,50,10–100,alta
Servicios SEO,Posicionamiento web,Posicionar una web en Google,servicio,apple posicionamiento,50,10–100,media
Servicios SEO,Posicionamiento web,Posicionar una web en Google,servicio,aumentar seo,50,10–100,media
Servicios SEO,Posicionamiento web,Posicionar una web en Google,servicio,buen posicionamiento,50,10–100,baja
Servicios SEO,Posicionamiento web,Posicionar una web en Google,servicio,buen posicionamiento seo,50,10–100,baja
Servicios SEO,Posicionamiento web,Posicionar una web en Google,servicio,ceo posicionamiento,50,10–100,
Servicios SEO,Posicionamiento web,Posicionar una web en Google,servicio,como hacer que tu web aparezca en google,50,10–100,
Servicios SEO,Posicionamiento web,Posicionar una web en Google,servicio,como hacer que tu web aparezca la primera en google,50,10–100,alta
Servicios SEO,Posicionamiento web,Posicionar una web en Google,servicio,creacion de paginas web y posicionamiento,50,10–100,
Servicios SEO,Posicionamiento web,Posicionar una web en Google,servicio,creacion y posicionamiento web,50,10–100,baja
Servicios SEO,Posicionamiento web,Posicionar una web en Google,servicio,crear pagina web y posicionarla,50,10–100,
Servicios SEO,Posicionamiento web,Posicionar una web en Google,servicio,ejemplos de posicionamiento seo,50,10–100,baja
Servicios SEO,Posicionamiento web,Posicionar una web en Google,servicio,el posicionamiento seo,50,10–100,media
Servicios SEO,Posicionamiento web,Posicionar una web en Google,servicio,en que posicion esta mi pagina web,50,10–100,baja
Servicios SEO,Posicionamiento web,Posicionar una web en Google,servicio,en que posicion esta mi web,50,10–100,media
Servicios SEO,Posicionamiento web,Posicionar una web en Google,servicio,en que posicion esta mi web en google,50,10–100,baja
Servicios SEO,Posicionamiento web,Posicionar una web en Google,servicio,freelance posicionamiento web,50,10–100,media
Servicios SEO,Posicionamiento web,Posicionar una web en Google,servicio,ganar posicionamiento en google,50,10–100,baja
Servicios SEO,Posicionamiento web,Posicionar una web en Google,servicio,google ads posicionamiento,50,10–100,baja
Servicios SEO,Posicionamiento web,Posicionar una web en Google,servicio,informe de posicionamiento seo,50,10–100,baja
Servicios SEO,Posicionamiento web,Posicionar una web en Google,servicio,informe posicionamiento web,50,10–100,baja
Servicios SEO,Posicionamiento web,Posicionar una web en Google,servicio,medidas para mejorar el seo,50,10–100,baja
Servicios SEO,Posicionamiento web,Posicionar una web en Google,servicio,mejor posicionamiento seo,50,10–100,media
Servicios SEO,Posicionamiento web,Posicionar una web en Google,servicio,mejor posicionamiento web,50,10–100,baja
Servicios SEO,Posicionamiento web,Posicionar una web en Google,servicio,mejorar el posicionamiento,50,10–100,baja
Servicios SEO,Posicionamiento web,Posicionar una web en Google,servicio,mejorar el posicionamiento en google,50,10–100,alta
Servicios SEO,Posicionamiento web,Posicionar una web en Google,servicio,mejorar el seo de mi web,50,10–100,
Servicios SEO,Posicionamiento web,Posicionar una web en Google,servicio,mejorar el seo de una web,50,10–100,
Servicios SEO,Posicionamiento web,Posicionar una web en Google,servicio,mejorar mi seo,50,10–100,baja
Servicios SEO,Posicionamiento web,Posicionar una web en Google,servicio,mejorar posicion en google,50,10–100,media
Servicios SEO,Posicionamiento web,Posicionar una web en Google,servicio,mejorar posicionamiento google,50,10–100,alta
Servicios SEO,Posicionamiento web,Posicionar una web en Google,servicio,mejorar posicionamiento seo,50,10–100,
Servicios SEO,Posicionamiento web,Posicionar una web en Google,servicio,mejorar posicionamiento web,50,10–100,alta
Servicios SEO,Posicionamiento web,Posicionar una web en Google,servicio,mejorar posicionamiento web en google,50,10–100,media
Servicios SEO,Posicionamiento web,Posicionar una web en Google,servicio,mejorar seo de mi web,50,10–100,
Servicios SEO,Posicionamiento web,Posicionar una web en Google,servicio,mejorar seo google,50,10–100,baja
Servicios SEO,Posicionamiento web,Posicionar una web en Google,servicio,mejorar seo pagina web,50,10–100,alta
Servicios SEO,Posicionamiento web,Posicionar una web en Google,servicio,mejorar seo web,50,10–100,alta
Servicios SEO,Posicionamiento web,Posicionar una web en Google,servicio,mi posicion en google,50,10–100,baja
Servicios SEO,Posicionamiento web,Posicionar una web en Google,servicio,mi posicionamiento web,50,10–100,media
Servicios SEO,Posicionamiento web,Posicionar una web en Google,servicio,miposicionamiento web,50,10–100,media
Servicios SEO,Posicionamiento web,Posicionar una web en Google,servicio,miposicionamientoweb es,50,10–100,media
Servicios SEO,Posicionamiento web,Posicionar una web en Google,servicio,ofertas posicionamiento web,50,10–100,baja
Servicios SEO,Posicionamiento web,Posicionar una web en Google,servicio,optimizacion de buscadores,50,10–100,baja
Servicios SEO,Posicionamiento web,Posicionar una web en Google,servicio,optimizacion de pagina web,50,10–100,
Servicios SEO,Posicionamiento web,Posicionar una web en Google,servicio,optimizacion de paginas web,50,10–100,
Servicios SEO,Posicionamiento web,Posicionar una web en Google,servicio,optimizacion de paginas web google,50,10–100,baja
Servicios SEO,Posicionamiento web,Posicionar una web en Google,servicio,optimizacion de seo,50,10–100,media
Servicios SEO,Posicionamiento web,Posicionar una web en Google,servicio,optimizacion de sitio web,50,10–100,baja
Servicios SEO,Posicionamiento web,Posicionar una web en Google,servicio,optimizacion de sitios web,50,10–100,baja
Servicios SEO,Posicionamiento web,Posicionar una web en Google,servicio,optimizacion en buscadores,50,10–100,media
Servicios SEO,Posicionamiento web,Posicionar una web en Google,servicio,optimizacion pagina web,50,10–100,alta
Servicios SEO,Posicionamiento web,Posicionar una web en Google,servicio,optimizacion paginas web,50,10–100,media
Servicios SEO,Posicionamiento web,Posicionar una web en Google,servicio,optimizacion para buscadores,50,10–100,
Servicios SEO,Posicionamiento web,Posicionar una web en Google,servicio,optimizacion web google,50,10–100,baja
Servicios SEO,Posicionamiento web,Posicionar una web en Google,servicio,optimizacion web seo,50,10–100,baja
Servicios SEO,Posicionamiento web,Posicionar una web en Google,servicio,optimizaciones seo,50,10–100,baja
Servicios SEO,Posicionamiento web,Posicionar una web en Google,servicio,optimización en buscadores,50,10–100,media
Servicios SEO,Posicionamiento web,Posicionar una web en Google,servicio,optimización en buscadores seo,50,10–100,baja
Servicios SEO,Posicionamiento web,Posicionar una web en Google,servicio,optimización para buscadores,50,10–100,
Servicios SEO,Posicionamiento web,Posicionar una web en Google,servicio,optimización para motores de búsqueda seo,50,10–100,baja
Servicios SEO,Posicionamiento web,Posicionar una web en Google,servicio,optimización sitio web,50,10–100,baja
Servicios SEO,Posicionamiento web,Posicionar una web en Google,servicio,optimizar el seo,50,10–100,alta
Servicios SEO,Posicionamiento web,Posicionar una web en Google,servicio,optimizar pagina web,50,10–100,alta
Servicios SEO,Posicionamiento web,Posicionar una web en Google,servicio,optimizar seo web,50,10–100,alta
Servicios SEO,Posicionamiento web,Posicionar una web en Google,servicio,pagar por posicionamiento en google,50,10–100,media
Servicios SEO,Posicionamiento web,Posicionar una web en Google,servicio,pagar posicionamiento google,50,10–100,media
Servicios SEO,Posicionamiento web,Posicionar una web en Google,servicio,pagina web optimizada,50,10–100,alta
Servicios SEO,Posicionamiento web,Posicionar una web en Google,servicio,paginas web y posicionamiento seo,50,10–100,
Servicios SEO,Posicionamiento web,Posicionar una web en Google,servicio,para mejorar el seo se recomienda tener,50,10–100,baja
Servicios SEO,Posicionamiento web,Posicionar una web en Google,servicio,plan de posicionamiento seo,50,10–100,baja
Servicios SEO,Posicionamiento web,Posicionar una web en Google,servicio,plan de posicionamiento web,50,10–100,baja
Servicios SEO,Posicionamiento web,Posicionar una web en Google,servicio,plan de posicionamiento web ejemplo,50,10–100,baja
Servicios SEO,Posicionamiento web,Posicionar una web en Google,servicio,posicion 0 google,50,10–100,baja
Servicios SEO,Posicionamiento web,Posicionar una web en Google,servicio,posicion cero google,50,10–100,baja
Servicios SEO,Posicionamiento web,Posicionar una web en Google,servicio,posicion de mi pagina web,50,10–100,baja
Servicios SEO,Posicionamiento web,Posicionar una web en Google,servicio,posicion de mi pagina web en google,50,10–100,media
Servicios SEO,Posicionamiento web,Posicionar una web en Google,servicio,posicion de mi web,50,10–100,
Servicios SEO,Posicionamiento web,Posicionar una web en Google,servicio,posicion de mi web en google,50,10–100,media
Servicios SEO,Posicionamiento web,Posicionar una web en Google,servicio,posicion pagina web,50,10–100,alta
Servicios SEO,Posicionamiento web,Posicionar una web en Google,servicio,posicion serp,50,10–100,baja
Servicios SEO,Posicionamiento web,Posicionar una web en Google,servicio,posicion web,50,10–100,media
Servicios SEO,Posicionamiento web,Posicionar una web en Google,servicio,posicion web en google,50,10–100,baja
Servicios SEO,Posicionamiento web,Posicionar una web en Google,servicio,posiciona tu negocio,50,10–100,baja
Servicios SEO,Posicionamiento web,Posicionar una web en Google,servicio,posiciona tu sitio web,50,10–100,baja
Servicios SEO,Posicionamiento web,Posicionar una web en Google,servicio,posiciona tu web,50,10–100,alta
Servicios SEO,Posicionamiento web,Posicionar una web en Google,servicio,posicionador seo,50,10–100,alta
Servicios SEO,Posicionamiento web,Posicionar una web en Google,servicio,posicionament google,50,10–100,baja
Servicios SEO,Posicionamiento web,Posicionar una web en Google,servicio,posicionamento de paginas web,50,10–100,
Servicios SEO,Posicionamiento web,Posicionar una web en Google,servicio,posicionamento seo,50,10–100,
Servicios SEO,Posicionamiento web,Posicionar una web en Google,servicio,posicionamiento buscador google,50,10–100,
Servicios SEO,Posicionamiento web,Posicionar una web en Google,servicio,posicionamiento cl,50,10–100,baja
Servicios SEO,Posicionamiento web,Posicionar una web en Google,servicio,posicionamiento de buscadores,50,10–100,baja
Servicios SEO,Posicionamiento web,Posicionar una web en Google,servicio,posicionamiento de buscadores seo,50,10–100,baja
Servicios SEO,Posicionamiento web,Posicionar una web en Google,servicio,posicionamiento de google,50,10–100,alta
Servicios SEO,Posicionamiento web,Posicionar una web en Google,servicio,posicionamiento de google en el mercado,50,10–100,baja
Servicios SEO,Posicionamiento web,Posicionar una web en Google,servicio,posicionamiento de la pagina web,50,10–100,baja
Servicios SEO,Posicionamiento web,Posicionar una web en Google,servicio,posicionamiento de la web,50,10–100,alta
Servicios SEO,Posicionamiento web,Posicionar una web en Google,servicio,posicionamiento de marca apple,50,10–100,baja
Servicios SEO,Posicionamiento web,Posicionar una web en Google,servicio,posicionamiento de marca digital,50,10–100,baja
Servicios SEO,Posicionamiento web,Posicionar una web en Google,servicio,posicionamiento de marca en google,50,10–100,baja
Servicios SEO,Posicionamiento web,Posicionar una web en Google,servicio,posicionamiento de mi pagina web,50,10–100,
Servicios SEO,Posicionamiento web,Posicionar una web en Google,servicio,posicionamiento de negocio,50,10–100,media
Servicios SEO,Posicionamiento web,Posicionar una web en Google,servicio,posicionamiento de pagina web,50,10–100,
Servicios SEO,Posicionamiento web,Posicionar una web en Google,servicio,posicionamiento de pagina web en google,50,10–100,baja
Servicios SEO,Posicionamiento web,Posicionar una web en Google,servicio,posicionamiento de paginas web en google,50,10–100,baja
Servicios SEO,Posicionamiento web,Posicionar una web en Google,servicio,posicionamiento de producto,50,10–100,media
Servicios SEO,Posicionamiento web,Posicionar una web en Google,servicio,posicionamiento de seo,50,10–100,alta
Servicios SEO,Posicionamiento web,Posicionar una web en Google,servicio,posicionamiento de sitio web,50,10–100,baja
Servicios SEO,Posicionamiento web,Posicionar una web en Google,servicio,posicionamiento de sitios web,50,10–100,baja
Servicios SEO,Posicionamiento web,Posicionar una web en Google,servicio,posicionamiento de spotify,50,10–100,baja
Servicios SEO,Posicionamiento web,Posicionar una web en Google,servicio,posicionamiento de una pagina web en google,50,10–100,baja
Servicios SEO,Posicionamiento web,Posicionar una web en Google,servicio,posicionamiento de web,50,10–100,alta
Servicios SEO,Posicionamiento web,Posicionar una web en Google,servicio,posicionamiento de web en google,50,10–100,
Servicios SEO,Posicionamiento web,Posicionar una web en Google,servicio,posicionamiento de webs,50,10–100,
Servicios SEO,Posicionamiento web,Posicionar una web en Google,servicio,posicionamiento del negocio,50,10–100,baja
Servicios SEO,Posicionamiento web,Posicionar una web en Google,servicio,posicionamiento del producto,50,10–100,media
Servicios SEO,Posicionamiento web,Posicionar una web en Google,servicio,posicionamiento del seo,50,10–100,baja
Servicios SEO,Posicionamiento web,Posicionar una web en Google,servicio,posicionamiento del sitio web,50,10–100,baja
Servicios SEO,Posicionamiento web,Posicionar una web en Google,servicio,posicionamiento digital,50,10–100,alta
Servicios SEO,Posicionamiento web,Posicionar una web en Google,servicio,posicionamiento digital de marca,50,10–100,baja
Servicios SEO,Posicionamiento web,Posicionar una web en Google,servicio,posicionamiento en bing,50,10–100,
Servicios SEO,Posicionamiento web,Posicionar una web en Google,servicio,posicionamiento en buscadores ejemplos,50,10–100,baja
Servicios SEO,Posicionamiento web,Posicionar una web en Google,servicio,posicionamiento en buscadores google,50,10–100,baja
Servicios SEO,Posicionamiento web,Posicionar una web en Google,servicio,posicionamiento en buscadores interno y externo,50,10–100,baja
Servicios SEO,Posicionamiento web,Posicionar una web en Google,servicio,posicionamiento en buscadores seo,50,10–100,media
Servicios SEO,Posicionamiento web,Posicionar una web en Google,servicio,posicionamiento en buscadores web,50,10–100,media
Servicios SEO,Posicionamiento web,Posicionar una web en Google,servicio,posicionamiento en facebook,50,10–100,
Servicios SEO,Posicionamiento web,Posicionar una web en Google,servicio,posicionamiento en google ads,50,10–100,baja
Servicios SEO,Posicionamiento web,Posicionar una web en Google,servicio,posicionamiento en html,50,10–100,media
Servicios SEO,Posicionamiento web,Posicionar una web en Google,servicio,posicionamiento en instagram,50,10–100,media
Servicios SEO,Posicionamiento web,Posicionar una web en Google,servicio,posicionamiento en internet,50,10–100,
Servicios SEO,Posicionamiento web,Posicionar una web en Google,servicio,posicionamiento en linea,50,10–100,baja
Servicios SEO,Posicionamiento web,Posicionar una web en Google,servicio,posicionamiento en los buscadores,50,10–100,media
Servicios SEO,Posicionamiento web,Posicionar una web en Google,servicio,posicionamiento en motores de busqueda,50,10–100,media
Servicios SEO,Posicionamiento web,Posicionar una web en Google,servicio,posicionamiento en motores de búsqueda seo,50,10–100,baja
Servicios SEO,Posicionamiento web,Posicionar una web en Google,servicio,posicionamiento en redes,50,10–100,
Servicios SEO,Posicionamiento web,Posicionar una web en Google,servicio,posicionamiento en yahoo,50,10–100,baja
Servicios SEO,Posicionamiento web,Posicionar una web en Google,servicio,posicionamiento google ads,50,10–100,alta
Servicios SEO,Posicionamiento web,Posicionar una web en Google,servicio,posicionamiento instagram,50,10–100,alta
Servicios SEO,Posicionamiento web,Posicionar una web en Google,servicio,posicionamiento motores de busqueda,50,10–100,media
Servicios SEO,Posicionamiento web,Posicionar una web en Google,servicio,posicionamiento natural,50,10–100,media
Servicios SEO,Posicionamiento web,Posicionar una web en Google,servicio,posicionamiento natural en buscadores,50,10–100,baja
Servicios SEO,Posicionamiento web,Posicionar una web en Google,servicio,posicionamiento natural en google,50,10–100,media
Servicios SEO,Posicionamiento web,Posicionar una web en Google,servicio,posicionamiento natural google,50,10–100,media
Servicios SEO,Posicionamiento web,Posicionar una web en Google,servicio,posicionamiento natural seo,50,10–100,baja
Servicios SEO,Posicionamiento web,Posicionar una web en Google,servicio,posicionamiento natural web,50,10–100,baja
Servicios SEO,Posicionamiento web,Posicionar una web en Google,servicio,posicionamiento natural y organico,50,10–100,baja
Servicios SEO,Posicionamiento web,Posicionar una web en Google,servicio,posicionamiento online,50,10–100,media
Servicios SEO,Posicionamiento web,Posicionar una web en Google,servicio,posicionamiento organico google,50,10–100,media
Servicios SEO,Posicionamiento web,Posicionar una web en Google,servicio,posicionamiento orgánico en buscadores,50,10–100,media
Servicios SEO,Posicionamiento web,Posicionar una web en Google,servicio,posicionamiento orgánico en google,50,10–100,baja
Servicios SEO,Posicionamiento web,Posicionar una web en Google,servicio,posicionamiento pagina,50,10–100,alta
Servicios SEO,Posicionamiento web,Posicionar una web en Google,servicio,posicionamiento patrocinado,50,10–100,baja
Servicios SEO,Posicionamiento web,Posicionar una web en Google,servicio,posicionamiento político,50,10–100,media
Servicios SEO,Posicionamiento web,Posicionar una web en Google,servicio,posicionamiento por usuario,50,10–100,baja
Servicios SEO,Posicionamiento web,Posicionar una web en Google,servicio,posicionamiento real,50,10–100,baja
Servicios SEO,Posicionamiento web,Posicionar una web en Google,servicio,posicionamiento santiago,50,10–100,baja
Servicios SEO,Posicionamiento web,Posicionar una web en Google,servicio,posicionamiento se,50,10–100,media
Servicios SEO,Posicionamiento web,Posicionar una web en Google,servicio,posicionamiento sea,50,10–100,baja
Servicios SEO,Posicionamiento web,Posicionar una web en Google,servicio,posicionamiento search engine optimization seo,50,10–100,baja
Servicios SEO,Posicionamiento web,Posicionar una web en Google,servicio,posicionamiento seo 2022,50,10–100,baja
Servicios SEO,Posicionamiento web,Posicionar una web en Google,servicio,posicionamiento seo basico,50,10–100,media
Servicios SEO,Posicionamiento web,Posicionar una web en Google,servicio,posicionamiento seo bing,50,10–100,baja
Servicios SEO,Posicionamiento web,Posicionar una web en Google,servicio,posicionamiento seo cabra,50,10–100,baja
Servicios SEO,Posicionamiento web,Posicionar una web en Google,servicio,posicionamiento seo como hacerlo,50,10–100,
Servicios SEO,Posicionamiento web,Posicionar una web en Google,servicio,posicionamiento seo de mi web,50,10–100,baja
Servicios SEO,Posicionamiento web,Posicionar una web en Google,servicio,posicionamiento seo de una pagina web,50,10–100,media
Servicios SEO,Posicionamiento web,Posicionar una web en Google,servicio,posicionamiento seo economico,50,10–100,baja
Servicios SEO,Posicionamiento web,Posicionar una web en Google,servicio,posicionamiento seo ejemplos,50,10–100,media
Servicios SEO,Posicionamiento web,Posicionar una web en Google,servicio,posicionamiento seo en buscadores,50,10–100,media
Servicios SEO,Posicionamiento web,Posicionar una web en Google,servicio,posicionamiento seo en instagram,50,10–100,baja
Servicios SEO,Posicionamiento web,Posicionar una web en Google,servicio,posicionamiento seo gratis,50,10–100,alta
Servicios SEO,Posicionamiento web,Posicionar una web en Google,servicio,posicionamiento seo gratuito,50,10–100,baja
Servicios SEO,Posicionamiento web,Posicionar una web en Google,servicio,posicionamiento seo instagram,50,10–100,
Servicios SEO,Posicionamiento web,Posicionar una web en Google,servicio,posicionamiento seo inteligente,50,10–100,baja
Servicios SEO,Posicionamiento web,Posicionar una web en Google,servicio,posicionamiento seo marca blanca,50,10–100,baja
Servicios SEO,Posicionamiento web,Posicionar una web en Google,servicio,posicionamiento seo nacional,50,10–100,baja
Servicios SEO,Posicionamiento web,Posicionar una web en Google,servicio,posicionamiento seo natural,50,10–100,media
Servicios SEO,Posicionamiento web,Posicionar una web en Google,servicio,posicionamiento seo pagina web,50,10–100,
Servicios SEO,Posicionamiento web,Posicionar una web en Google,servicio,posicionamiento seo pdf,50,10–100,
Servicios SEO,Posicionamiento web,Posicionar una web en Google,servicio,posicionamiento seo santa coloma de gramenet,50,10–100,baja
Servicios SEO,Posicionamiento web,Posicionar una web en Google,servicio,posicionamiento seo santa cruz de la palma,50,10–100,baja
Servicios SEO,Posicionamiento web,Posicionar una web en Google,servicio,posicionamiento seo tancra,50,10–100,baja
Servicios SEO,Posicionamiento web,Posicionar una web en Google,servicio,posicionamiento seo torrent,50,10–100,media
Servicios SEO,Posicionamiento web,Posicionar una web en Google,servicio,posicionamiento seo wikipedia,50,10–100,baja
Servicios SEO,Posicionamiento web,Posicionar una web en Google,servicio,posicionamiento serp,50,10–100,media
Servicios SEO,Posicionamiento web,Posicionar una web en Google,servicio,posicionamiento sitio web,50,10–100,baja
Servicios SEO,Posicionamiento web,Posicionar una web en Google,servicio,posicionamiento smo,50,10–100,baja
Servicios SEO,Posicionamiento web,Posicionar una web en Google,servicio,posicionamiento social,50,10–100,media
Servicios SEO,Posicionamiento web,Posicionar una web en Google,servicio,posicionamiento spotify,50,10–100,baja
Servicios SEO,Posicionamiento web,Posicionar una web en Google,servicio,posicionamiento web actual,50,10–100,baja
Servicios SEO,Posicionamiento web,Posicionar una web en Google,servicio,posicionamiento web buscadores,50,10–100,media
Servicios SEO,Posicionamiento web,Posicionar una web en Google,servicio,posicionamiento web cat,50,10–100,media
Servicios SEO,Posicionamiento web,Posicionar una web en Google,servicio,posicionamiento web concepcion,50,10–100,baja
Servicios SEO,Posicionamiento web,Posicionar una web en Google,servicio,posicionamiento web de las publicaciones,50,10–100,baja
Servicios SEO,Posicionamiento web,Posicionar una web en Google,servicio,posicionamiento web economico,50,10–100,
Servicios SEO,Posicionamiento web,Posicionar una web en Google,servicio,posicionamiento web económico,50,10–100,
Servicios SEO,Posicionamiento web,Posicionar una web en Google,servicio,posicionamiento web ejemplos,50,10–100,media
Servicios SEO,Posicionamiento web,Posicionar una web en Google,servicio,posicionamiento web en buscadores,50,10–100,media
Servicios SEO,Posicionamiento web,Posicionar una web en Google,servicio,posicionamiento web en el puerto de santa maría,50,10–100,baja
Servicios SEO,Posicionamiento web,Posicionar una web en Google,servicio,posicionamiento web gran canaria,50,10–100,baja
Servicios SEO,Posicionamiento web,Posicionar una web en Google,servicio,posicionamiento web gratis,50,10–100,
Servicios SEO,Posicionamiento web,Posicionar una web en Google,servicio,posicionamiento web gratuito,50,10–100,baja
Servicios SEO,Posicionamiento web,Posicionar una web en Google,servicio,posicionamiento web inca,50,10–100,baja
Servicios SEO,Posicionamiento web,Posicionar una web en Google,servicio,posicionamiento web ingles,50,10–100,baja
Servicios SEO,Posicionamiento web,Posicionar una web en Google,servicio,posicionamiento web natural,50,10–100,baja
Servicios SEO,Posicionamiento web,Posicionar una web en Google,servicio,posicionamiento web online,50,10–100,alta
Servicios SEO,Posicionamiento web,Posicionar una web en Google,servicio,posicionamiento web organico,50,10–100,media
Servicios SEO,Posicionamiento web,Posicionar una web en Google,servicio,posicionamiento web pdf,50,10–100,baja
Servicios SEO,Posicionamiento web,Posicionar una web en Google,servicio,posicionamiento web rivas,50,10–100,baja
Servicios SEO,Posicionamiento web,Posicionar una web en Google,servicio,posicionamiento web sant boi de llobregat,50,10–100,baja
Servicios SEO,Posicionamiento web,Posicionar una web en Google,servicio,posicionamiento web sant cugat,50,10–100,baja
Servicios SEO,Posicionamiento web,Posicionar una web en Google,servicio,posicionamiento web sant feliu de guixols,50,10–100,baja
Servicios SEO,Posicionamiento web,Posicionar una web en Google,servicio,posicionamiento web sant feliu de llobregat,50,10–100,baja
Servicios SEO,Posicionamiento web,Posicionar una web en Google,servicio,posicionamiento web seo en google,50,10–100,baja
Servicios SEO,Posicionamiento web,Posicionar una web en Google,servicio,posicionamiento web seo gratis,50,10–100,baja
Servicios SEO,Posicionamiento web,Posicionar una web en Google,servicio,posicionamiento web vizcaya,50,10–100,baja
Servicios SEO,Posicionamiento web,Posicionar una web en Google,servicio,posicionamiento web wikipedia,50,10–100,baja
Servicios SEO,Posicionamiento web,Posicionar una web en Google,servicio,posicionamiento yahoo,50,10–100,baja
Servicios SEO,Posicionamiento web,Posicionar una web en Google,servicio,posicionar en buscadores,50,10–100,media
Servicios SEO,Posicionamiento web,Posicionar una web en Google,servicio,posicionar instagram,50,10–100,alta
Servicios SEO,Posicionamiento web,Posicionar una web en Google,servicio,posicionar instagram en google,50,10–100,media
Servicios SEO,Posicionamiento web,Posicionar una web en Google,servicio,posicionar landing page,50,10–100,
Servicios SEO,Posicionamiento web,Posicionar una web en Google,servicio,posicionar marca en google,50,10–100,baja
Servicios SEO,Posicionamiento web,Posicionar una web en Google,servicio,posicionar mi pagina en google,50,10–100,baja
Servicios SEO,Posicionamiento web,Posicionar una web en Google,servicio,posicionar mi pagina web,50,10–100,baja
Servicios SEO,Posicionamiento web,Posicionar una web en Google,servicio,posicionar mi pagina web en google,50,10–100,
Servicios SEO,Posicionamiento web,Posicionar una web en Google,servicio,posicionar mi sitio web en google,50,10–100,alta
Servicios SEO,Posicionamiento web,Posicionar una web en Google,servicio,posicionar mi web,50,10–100,
Servicios SEO,Posicionamiento web,Posicionar una web en Google,servicio,posicionar mi web en google,50,10–100,
Servicios SEO,Posicionamiento web,Posicionar una web en Google,servicio,posicionar mi web en google gratis,50,10–100,baja
Servicios SEO,Posicionamiento web,Posicionar una web en Google,servicio,posicionar mi web en los primeros puestos,50,10–100,baja
Servicios SEO,Posicionamiento web,Posicionar una web en Google,servicio,posicionar mi web gratis,50,10–100,baja
Servicios SEO,Posicionamiento web,Posicionar una web en Google,servicio,posicionar pagina,50,10–100,alta
Servicios SEO,Posicionamiento web,Posicionar una web en Google,servicio,posicionar pagina de facebook,50,10–100,baja
Servicios SEO,Posicionamiento web,Posicionar una web en Google,servicio,posicionar pagina de facebook en google,50,10–100,baja
Servicios SEO,Posicionamiento web,Posicionar una web en Google,servicio,posicionar pagina en google,50,10–100,
Servicios SEO,Posicionamiento web,Posicionar una web en Google,servicio,posicionar pagina en google gratis,50,10–100,baja
Servicios SEO,Posicionamiento web,Posicionar una web en Google,servicio,posicionar pagina google,50,10–100,
Servicios SEO,Posicionamiento web,Posicionar una web en Google,servicio,posicionar pagina web en buscadores,50,10–100,media
Servicios SEO,Posicionamiento web,Posicionar una web en Google,servicio,posicionar pagina web en google gratis,50,10–100,alta
Servicios SEO,Posicionamiento web,Posicionar una web en Google,servicio,posicionar pagina web en primeros lugares,50,10–100,baja
Servicios SEO,Posicionamiento web,Posicionar una web en Google,servicio,posicionar paginas web,50,10–100,alta
Servicios SEO,Posicionamiento web,Posicionar una web en Google,servicio,posicionar sitio web,50,10–100,baja
Servicios SEO,Posicionamiento web,Posicionar una web en Google,servicio,posicionar sitio web en google,50,10–100,baja
Servicios SEO,Posicionamiento web,Posicionar una web en Google,servicio,posicionar tu pagina web en google,50,10–100,
Servicios SEO,Posicionamiento web,Posicionar una web en Google,servicio,posicionar tu web en google,50,10–100,
Servicios SEO,Posicionamiento web,Posicionar una web en Google,servicio,posicionar una pagina en google,50,10–100,
Servicios SEO,Posicionamiento web,Posicionar una web en Google,servicio,posicionar web en google gratis,50,10–100,media
Servicios SEO,Posicionamiento web,Posicionar una web en Google,servicio,posicionarse en internet,50,10–100,
Servicios SEO,Posicionamiento web,Posicionar una web en Google,servicio,posiciones en google,50,10–100,media
Servicios SEO,Posicionamiento web,Posicionar una web en Google,servicio,posicionweb,50,10–100,media
Servicios SEO,Posicionamiento web,Posicionar una web en Google,servicio,primera posicion google,50,10–100,baja
Servicios SEO,Posicionamiento web,Posicionar una web en Google,servicio,primeras posiciones en google,50,10–100,baja
Servicios SEO,Posicionamiento web,Posicionar una web en Google,servicio,primeras posiciones google,50,10–100,baja
Servicios SEO,Posicionamiento web,Posicionar una web en Google,servicio,primero en google,50,10–100,media
Servicios SEO,Posicionamiento web,Posicionar una web en Google,servicio,seo optimizacion,50,10–100,
Servicios SEO,Posicionamiento web,Posicionar una web en Google,servicio,seo optimizacion de motores de busqueda,50,10–100,baja
Servicios SEO,Posicionamiento web,Posicionar una web en Google,servicio,seo optimización,50,10–100,media
Servicios SEO,Posicionamiento web,Posicionar una web en Google,servicio,seo para mi pagina web,50,10–100,alta
Servicios SEO,Posicionamiento web,Posicionar una web en Google,servicio,seo para mi web,50,10–100,alta
Servicios SEO,Posicionamiento web,Posicionar una web en Google,servicio,seo para paginas web,50,10–100,alta
Servicios SEO,Posicionamiento web,Posicionar una web en Google,servicio,seo para sitios web,50,10–100,media
Servicios SEO,Posicionamiento web,Posicionar una web en Google,servicio,seo para tu web,50,10–100,baja
Servicios SEO,Posicionamiento web,Posicionar una web en Google,servicio,seo para web,50,10–100,alta
Servicios SEO,Posicionamiento web,Posicionar una web en Google,servicio,seo posicionamiento web en google,50,10–100,media
Servicios SEO,Posicionamiento web,Posicionar una web en Google,servicio,sobre posicionamiento,50,10–100,media
Servicios SEO,Posicionamiento web,Posicionar una web en Google,servicio,subir posiciones en google,50,10–100,alta
Servicios SEO,Posicionamiento web,Posicionar una web en Google,servicio,tecnica de posicionamiento,50,10–100,media
Servicios SEO,Posicionamiento web,Posicionar una web en Google,servicio,tecnicas de posicionamiento web,50,10–100,baja
Servicios SEO,Posicionamiento web,Posicionar una web en Google,servicio,tipos de posicionamiento seo,50,10–100,media
Servicios SEO,Posicionamiento web,Posicionar una web en Google,servicio,tipos de posicionamiento web,50,10–100,media
Servicios SEO,Posicionamiento web,Posicionar una web en Google,servicio,ver posicionamiento de una web,50,10–100,
Servicios SEO,Posicionamiento web,Posicionar una web en Google,servicio,ver posicionamiento en google,50,10–100,baja
Servicios SEO,Posicionamiento web,Posicionar una web en Google,servicio,ver posicionamiento web,50,10–100,
Servicios SEO,Posicionamiento web,Posicionar una web en Google,servicio,visibilidad en google,50,10–100,media
Servicios SEO,Posicionamiento web,Posicionar una web en Google,servicio,web y posicionamiento,50,10–100,baja
Servicios SEO,SEO ecommerce,SEO para ecommerce y tiendas online,control (geo-tracker),agencia seo ecommerce,500,100–1.000,alta
Servicios SEO,SEO ecommerce,SEO para ecommerce y tiendas online,control (geo-tracker),agencia seo shopify,500,100–1.000,media
Servicios SEO,SEO ecommerce,SEO para ecommerce y tiendas online,control (geo-tracker),seo ecommerce,500,100–1.000,alta
Servicios SEO,SEO ecommerce,SEO para ecommerce y tiendas online,control (geo-tracker),seo para ecommerce,500,100–1.000,media
Servicios SEO,SEO ecommerce,SEO para ecommerce y tiendas online,control (geo-tracker),agencia seo para ecommerce,50,10–100,media
Servicios SEO,SEO ecommerce,SEO para ecommerce y tiendas online,control (geo-tracker),agencia seo prestashop,50,10–100,media
Servicios SEO,SEO ecommerce,SEO para ecommerce y tiendas online,control (geo-tracker),aggregaterating woocommerce,50,10–100,baja
Servicios SEO,SEO ecommerce,SEO para ecommerce y tiendas online,control (geo-tracker),auditoria seo prestashop,50,10–100,baja
Servicios SEO,SEO ecommerce,SEO para ecommerce y tiendas online,control (geo-tracker),best seo module prestashop,50,10–100,baja
Servicios SEO,SEO ecommerce,SEO para ecommerce y tiendas online,control (geo-tracker),diseño tiendas online con seo,50,10–100,baja
Servicios SEO,SEO ecommerce,SEO para ecommerce y tiendas online,control (geo-tracker),diseño tiendas online seo,50,10–100,baja
Servicios SEO,SEO ecommerce,SEO para ecommerce y tiendas online,control (geo-tracker),easy seo prestashop,50,10–100,baja
Servicios SEO,SEO ecommerce,SEO para ecommerce y tiendas online,control (geo-tracker),editar seo shopify,50,10–100,baja
Servicios SEO,SEO ecommerce,SEO para ecommerce y tiendas online,control (geo-tracker),ga4 prestashop,50,10–100,baja
Servicios SEO,SEO ecommerce,SEO para ecommerce y tiendas online,control (geo-tracker),ga4 woocommerce,50,10–100,baja
Servicios SEO,SEO ecommerce,SEO para ecommerce y tiendas online,control (geo-tracker),google analytics 4 prestashop,50,10–100,baja
Servicios SEO,SEO ecommerce,SEO para ecommerce y tiendas online,control (geo-tracker),google analytics 4 woocommerce,50,10–100,alta
Servicios SEO,SEO ecommerce,SEO para ecommerce y tiendas online,control (geo-tracker),google search console prestashop,50,10–100,media
Servicios SEO,SEO ecommerce,SEO para ecommerce y tiendas online,control (geo-tracker),guia seo para ecommerce,50,10–100,baja
Servicios SEO,SEO ecommerce,SEO para ecommerce y tiendas online,control (geo-tracker),keywords ecommerce,50,10–100,baja
Servicios SEO,SEO ecommerce,SEO para ecommerce y tiendas online,control (geo-tracker),linkbuilding para ecommerce,50,10–100,baja
Servicios SEO,SEO ecommerce,SEO para ecommerce y tiendas online,control (geo-tracker),marketing digital para tiendas online,50,10–100,
Servicios SEO,SEO ecommerce,SEO para ecommerce y tiendas online,control (geo-tracker),mejorar seo en ecommerce,50,10–100,baja
Servicios SEO,SEO ecommerce,SEO para ecommerce y tiendas online,control (geo-tracker),mejorar seo prestashop,50,10–100,media
Servicios SEO,SEO ecommerce,SEO para ecommerce y tiendas online,control (geo-tracker),mejorar seo prestashop 1.7,50,10–100,baja
Servicios SEO,SEO ecommerce,SEO para ecommerce y tiendas online,control (geo-tracker),mejorar seo shopify,50,10–100,alta
Servicios SEO,SEO ecommerce,SEO para ecommerce y tiendas online,control (geo-tracker),palabras clave para tienda de ropa,50,10–100,media
Servicios SEO,SEO ecommerce,SEO para ecommerce y tiendas online,control (geo-tracker),plugin seo para woocommerce,50,10–100,baja
Servicios SEO,SEO ecommerce,SEO para ecommerce y tiendas online,control (geo-tracker),plugin seo prestashop,50,10–100,baja
Servicios SEO,SEO ecommerce,SEO para ecommerce y tiendas online,control (geo-tracker),plugin seo woocommerce,50,10–100,baja
Servicios SEO,SEO ecommerce,SEO para ecommerce y tiendas online,control (geo-tracker),posicionamiento ecommerce,50,10–100,baja
Servicios SEO,SEO ecommerce,SEO para ecommerce y tiendas online,control (geo-tracker),posicionamiento prestashop,50,10–100,baja
Servicios SEO,SEO ecommerce,SEO para ecommerce y tiendas online,control (geo-tracker),posicionamiento seo ecommerce,50,10–100,baja
Servicios SEO,SEO ecommerce,SEO para ecommerce y tiendas online,control (geo-tracker),posicionamiento seo magento,50,10–100,baja
Servicios SEO,SEO ecommerce,SEO para ecommerce y tiendas online,control (geo-tracker),posicionamiento seo para ecommerce,50,10–100,baja
Servicios SEO,SEO ecommerce,SEO para ecommerce y tiendas online,control (geo-tracker),posicionamiento seo prestashop,50,10–100,baja
Servicios SEO,SEO ecommerce,SEO para ecommerce y tiendas online,control (geo-tracker),posicionamiento seo shopify,50,10–100,alta
Servicios SEO,SEO ecommerce,SEO para ecommerce y tiendas online,control (geo-tracker),posicionamiento seo tienda online,50,10–100,baja
Servicios SEO,SEO ecommerce,SEO para ecommerce y tiendas online,control (geo-tracker),posicionamiento tienda online,50,10–100,media
Servicios SEO,SEO ecommerce,SEO para ecommerce y tiendas online,control (geo-tracker),posicionamiento tiendas virtuales,50,10–100,baja
Servicios SEO,SEO ecommerce,SEO para ecommerce y tiendas online,control (geo-tracker),posicionamiento web prestashop,50,10–100,baja
Servicios SEO,SEO ecommerce,SEO para ecommerce y tiendas online,control (geo-tracker),posicionamiento web tiendas,50,10–100,baja
Servicios SEO,SEO ecommerce,SEO para ecommerce y tiendas online,control (geo-tracker),posicionar ecommerce,50,10–100,baja
Servicios SEO,SEO ecommerce,SEO para ecommerce y tiendas online,control (geo-tracker),posicionar tienda online,50,10–100,media
Servicios SEO,SEO ecommerce,SEO para ecommerce y tiendas online,control (geo-tracker),prestashop 1.7 seo,50,10–100,baja
Servicios SEO,SEO ecommerce,SEO para ecommerce y tiendas online,control (geo-tracker),prestashop google analytics 4,50,10–100,baja
Servicios SEO,SEO ecommerce,SEO para ecommerce y tiendas online,control (geo-tracker),prestashop google search console,50,10–100,baja
Servicios SEO,SEO ecommerce,SEO para ecommerce y tiendas online,control (geo-tracker),prestashop seo,50,10–100,baja
Servicios SEO,SEO ecommerce,SEO para ecommerce y tiendas online,control (geo-tracker),prestashop seo module,50,10–100,media
Servicios SEO,SEO ecommerce,SEO para ecommerce y tiendas online,control (geo-tracker),prestashop seo module free,50,10–100,alta
Servicios SEO,SEO ecommerce,SEO para ecommerce y tiendas online,control (geo-tracker),prestashop yoast seo,50,10–100,baja
Servicios SEO,SEO ecommerce,SEO para ecommerce y tiendas online,control (geo-tracker),que es seo en ecommerce,50,10–100,media
Servicios SEO,SEO ecommerce,SEO para ecommerce y tiendas online,control (geo-tracker),rank math seo woocommerce,50,10–100,baja
Servicios SEO,SEO ecommerce,SEO para ecommerce y tiendas online,control (geo-tracker),redireccion 301 prestashop,50,10–100,baja
Servicios SEO,SEO ecommerce,SEO para ecommerce y tiendas online,control (geo-tracker),rich snippet prestashop,50,10–100,media
Servicios SEO,SEO ecommerce,SEO para ecommerce y tiendas online,control (geo-tracker),robots txt prestashop,50,10–100,media
Servicios SEO,SEO ecommerce,SEO para ecommerce y tiendas online,control (geo-tracker),schema org woocommerce,50,10–100,baja
Servicios SEO,SEO ecommerce,SEO para ecommerce y tiendas online,control (geo-tracker),schema woocommerce,50,10–100,baja
Servicios SEO,SEO ecommerce,SEO para ecommerce y tiendas online,control (geo-tracker),seo audit prestashop,50,10–100,media
Servicios SEO,SEO ecommerce,SEO para ecommerce y tiendas online,control (geo-tracker),seo comercio electronico,50,10–100,baja
Servicios SEO,SEO ecommerce,SEO para ecommerce y tiendas online,control (geo-tracker),seo con shopify,50,10–100,baja
Servicios SEO,SEO ecommerce,SEO para ecommerce y tiendas online,control (geo-tracker),seo en ecommerce,50,10–100,
Servicios SEO,SEO ecommerce,SEO para ecommerce y tiendas online,control (geo-tracker),seo en magento,50,10–100,baja
Servicios SEO,SEO ecommerce,SEO para ecommerce y tiendas online,control (geo-tracker),seo en prestashop,50,10–100,baja
Servicios SEO,SEO ecommerce,SEO para ecommerce y tiendas online,control (geo-tracker),seo en shopify,50,10–100,alta
Servicios SEO,SEO ecommerce,SEO para ecommerce y tiendas online,control (geo-tracker),seo en woocommerce,50,10–100,alta
Servicios SEO,SEO ecommerce,SEO para ecommerce y tiendas online,control (geo-tracker),seo expert prestashop,50,10–100,media
Servicios SEO,SEO ecommerce,SEO para ecommerce y tiendas online,control (geo-tracker),seo facebook marketplace,50,10–100,baja
Servicios SEO,SEO ecommerce,SEO para ecommerce y tiendas online,control (geo-tracker),seo imagenes prestashop,50,10–100,baja
Servicios SEO,SEO ecommerce,SEO para ecommerce y tiendas online,control (geo-tracker),seo magento,50,10–100,media
Servicios SEO,SEO ecommerce,SEO para ecommerce y tiendas online,control (geo-tracker),seo marketplace,50,10–100,
Servicios SEO,SEO ecommerce,SEO para ecommerce y tiendas online,control (geo-tracker),seo para black friday,50,10–100,media
Servicios SEO,SEO ecommerce,SEO para ecommerce y tiendas online,control (geo-tracker),seo para comercio electronico,50,10–100,baja
Servicios SEO,SEO ecommerce,SEO para ecommerce y tiendas online,control (geo-tracker),seo para google shopping,50,10–100,media
Servicios SEO,SEO ecommerce,SEO para ecommerce y tiendas online,control (geo-tracker),seo para magento,50,10–100,baja
Servicios SEO,SEO ecommerce,SEO para ecommerce y tiendas online,control (geo-tracker),seo para marketplace,50,10–100,baja
Servicios SEO,SEO ecommerce,SEO para ecommerce y tiendas online,control (geo-tracker),seo para prestashop,50,10–100,media
Servicios SEO,SEO ecommerce,SEO para ecommerce y tiendas online,control (geo-tracker),seo para shopify,50,10–100,media
Servicios SEO,SEO ecommerce,SEO para ecommerce y tiendas online,control (geo-tracker),seo para tiendas online,50,10–100,media
Servicios SEO,SEO ecommerce,SEO para ecommerce y tiendas online,control (geo-tracker),seo para woocommerce,50,10–100,media
Servicios SEO,SEO ecommerce,SEO para ecommerce y tiendas online,control (geo-tracker),seo plugin prestashop,50,10–100,baja
Servicios SEO,SEO ecommerce,SEO para ecommerce y tiendas online,control (geo-tracker),seo prestashop,50,10–100,media
Servicios SEO,SEO ecommerce,SEO para ecommerce y tiendas online,control (geo-tracker),seo prestashop 1.6,50,10–100,baja
Servicios SEO,SEO ecommerce,SEO para ecommerce y tiendas online,control (geo-tracker),seo prestashop 1.7,50,10–100,baja
Servicios SEO,SEO ecommerce,SEO para ecommerce y tiendas online,control (geo-tracker),seo productos woocommerce,50,10–100,baja
Servicios SEO,SEO ecommerce,SEO para ecommerce y tiendas online,control (geo-tracker),seo shopify,50,10–100,
Servicios SEO,SEO ecommerce,SEO para ecommerce y tiendas online,control (geo-tracker),seo tienda online,50,10–100,alta
Servicios SEO,SEO ecommerce,SEO para ecommerce y tiendas online,control (geo-tracker),seo woocommerce,50,10–100,
Servicios SEO,SEO ecommerce,SEO para ecommerce y tiendas online,control (geo-tracker),seo woocommerce plugin,50,10–100,baja
Servicios SEO,SEO ecommerce,SEO para ecommerce y tiendas online,control (geo-tracker),seo wordpress woocommerce,50,10–100,baja
Servicios SEO,SEO ecommerce,SEO para ecommerce y tiendas online,control (geo-tracker),sitemap en prestashop,50,10–100,media
Servicios SEO,SEO ecommerce,SEO para ecommerce y tiendas online,control (geo-tracker),sitemap xml prestashop,50,10–100,media
Servicios SEO,SEO ecommerce,SEO para ecommerce y tiendas online,control (geo-tracker),tienda online seo,50,10–100,alta
Servicios SEO,SEO ecommerce,SEO para ecommerce y tiendas online,control (geo-tracker),woocommerce seo yoast,50,10–100,baja
Servicios SEO,SEO ecommerce,SEO para ecommerce y tiendas online,control (geo-tracker),woocommerce yoast,50,10–100,baja
Servicios SEO,SEO ecommerce,SEO para ecommerce y tiendas online,control (geo-tracker),woocommerce yoast seo,50,10–100,baja
Servicios SEO,SEO ecommerce,SEO para ecommerce y tiendas online,control (geo-tracker),yoast prestashop,50,10–100,baja
Servicios SEO,SEO ecommerce,SEO para ecommerce y tiendas online,control (geo-tracker),yoast seo para prestashop,50,10–100,baja
Servicios SEO,SEO ecommerce,SEO para ecommerce y tiendas online,control (geo-tracker),yoast seo prestashop,50,10–100,media
Servicios SEO,SEO ecommerce,SEO para ecommerce y tiendas online,control (geo-tracker),yoast seo woocommerce,50,10–100,alta
Servicios SEO,SEO ecommerce,SEO para ecommerce y tiendas online,control (geo-tracker),yoast woocommerce,50,10–100,baja
Servicios SEO,SEO ecommerce,SEO para ecommerce y tiendas online,control (geo-tracker),yoast woocommerce seo,50,10–100,alta
Servicios SEO,SEO ecommerce,SEO para ecommerce y tiendas online,control (geo-tracker),seo categorias ecommerce,0,<10,baja
Servicios SEO,SEO ecommerce,SEO para ecommerce y tiendas online,control (geo-tracker),seo fichas de producto,0,<10,baja
Servicios SEO,SEO internacional,SEO internacional y multidioma,servicio,agencia seo internacional,500,100–1.000,media
Servicios SEO,SEO internacional,SEO internacional y multidioma,servicio,hreflang,500,100–1.000,media
Servicios SEO,SEO internacional,SEO internacional y multidioma,servicio,seo internacional,500,100–1.000,media
Servicios SEO,SEO internacional,SEO internacional y multidioma,servicio,a href lang,50,10–100,baja
Servicios SEO,SEO internacional,SEO internacional y multidioma,servicio,a hreflang,50,10–100,baja
Servicios SEO,SEO internacional,SEO internacional y multidioma,servicio,agencia de seo internacional,50,10–100,baja
Servicios SEO,SEO internacional,SEO internacional y multidioma,servicio,agencia sem internacional,50,10–100,baja
Servicios SEO,SEO internacional,SEO internacional y multidioma,servicio,auditoria seo internacional,50,10–100,media
Servicios SEO,SEO internacional,SEO internacional y multidioma,servicio,check hreflang,50,10–100,media
Servicios SEO,SEO internacional,SEO internacional y multidioma,servicio,empresa seo internacional,50,10–100,baja
Servicios SEO,SEO internacional,SEO internacional y multidioma,servicio,hreflang de,50,10–100,baja
Servicios SEO,SEO internacional,SEO internacional y multidioma,servicio,hreflang en,50,10–100,media
Servicios SEO,SEO internacional,SEO internacional y multidioma,servicio,hreflang es,50,10–100,baja
Servicios SEO,SEO internacional,SEO internacional y multidioma,servicio,hreflang es es,50,10–100,baja
Servicios SEO,SEO internacional,SEO internacional y multidioma,servicio,hreflang google,50,10–100,media
Servicios SEO,SEO internacional,SEO internacional y multidioma,servicio,hreflang prestashop,50,10–100,media
Servicios SEO,SEO internacional,SEO internacional y multidioma,servicio,hreflang test,50,10–100,media
Servicios SEO,SEO internacional,SEO internacional y multidioma,servicio,html a hreflang,50,10–100,baja
Servicios SEO,SEO internacional,SEO internacional y multidioma,servicio,html lang seo,50,10–100,baja
Servicios SEO,SEO internacional,SEO internacional y multidioma,servicio,keywords en ingles,50,10–100,media
Servicios SEO,SEO internacional,SEO internacional y multidioma,servicio,lang seo,50,10–100,baja
Servicios SEO,SEO internacional,SEO internacional y multidioma,servicio,link hreflang,50,10–100,baja
Servicios SEO,SEO internacional,SEO internacional y multidioma,servicio,meta hreflang,50,10–100,baja
Servicios SEO,SEO internacional,SEO internacional y multidioma,servicio,posicionamiento internacional,50,10–100,baja
Servicios SEO,SEO internacional,SEO internacional y multidioma,servicio,posicionamiento internacional en buscadores,50,10–100,baja
Servicios SEO,SEO internacional,SEO internacional y multidioma,servicio,posicionamiento seo en ingles,50,10–100,media
Servicios SEO,SEO internacional,SEO internacional y multidioma,servicio,posicionamiento seo internacional,50,10–100,media
Servicios SEO,SEO internacional,SEO internacional y multidioma,servicio,posicionamiento web en ingles,50,10–100,media
Servicios SEO,SEO internacional,SEO internacional y multidioma,servicio,posicionamiento web internacional,50,10–100,media
Servicios SEO,SEO internacional,SEO internacional y multidioma,servicio,posicionar subdominio,50,10–100,baja
Servicios SEO,SEO internacional,SEO internacional y multidioma,servicio,prestashop hreflang,50,10–100,baja
Servicios SEO,SEO internacional,SEO internacional y multidioma,servicio,seo en ingles,50,10–100,media
Servicios SEO,SEO internacional,SEO internacional y multidioma,servicio,seo hreflang,50,10–100,media
Servicios SEO,SEO internacional,SEO internacional y multidioma,servicio,seo ingles,50,10–100,media
Servicios SEO,SEO internacional,SEO internacional y multidioma,servicio,servicio seo internacional,50,10–100,media
Servicios SEO,SEO internacional,SEO internacional y multidioma,servicio,sitemap hreflang,50,10–100,media
Servicios SEO,SEO internacional,SEO internacional y multidioma,servicio,subdominio o subdirectorio,50,10–100,baja
Servicios SEO,SEO internacional,SEO internacional y multidioma,servicio,tag hreflang,50,10–100,baja
Servicios SEO,SEO internacional,SEO internacional y multidioma,servicio,web multidioma,50,10–100,baja
Servicios SEO,SEO internacional,SEO internacional y multidioma,servicio,yoast seo hreflang,50,10–100,baja
Servicios SEO,SEO internacional,SEO internacional y multidioma,servicio,dominio por pais seo,0,<10,baja
Servicios SEO,SEO internacional,SEO internacional y multidioma,servicio,seo en otros paises,0,<10,baja
Servicios SEO,SEO internacional,SEO internacional y multidioma,servicio,seo multidioma,0,<10,baja
Servicios SEO,SEO internacional,SEO internacional y multidioma,servicio,subdirectorio o subdominio,0,<10,baja
Servicios SEO,SEO local,SEO local y Google Business Profile,fuera de foco,google business profile,50000,10.000–100.000,media
Servicios SEO,SEO local,SEO local y Google Business Profile,fuera de foco,agencia de seo local,500,100–1.000,media
Servicios SEO,SEO local,SEO local y Google Business Profile,fuera de foco,agencia seo local,500,100–1.000,media
Servicios SEO,SEO local,SEO local y Google Business Profile,fuera de foco,ficha de google,500,100–1.000,media
Servicios SEO,SEO local,SEO local y Google Business Profile,fuera de foco,ficha google,500,100–1.000,media
Servicios SEO,SEO local,SEO local y Google Business Profile,fuera de foco,ficha google my business,500,100–1.000,media
Servicios SEO,SEO local,SEO local y Google Business Profile,fuera de foco,posicionamiento seo local,500,100–1.000,media
Servicios SEO,SEO local,SEO local y Google Business Profile,fuera de foco,que es el seo local,500,100–1.000,media
Servicios SEO,SEO local,SEO local y Google Business Profile,fuera de foco,qué es el seo local,500,100–1.000,media
Servicios SEO,SEO local,SEO local y Google Business Profile,fuera de foco,seo local,500,100–1.000,media
Servicios SEO,SEO local,SEO local y Google Business Profile,fuera de foco,servicio seo local,500,100–1.000,media
Servicios SEO,SEO local,SEO local y Google Business Profile,fuera de foco,servicios seo locales,500,100–1.000,media
Servicios SEO,SEO local,SEO local y Google Business Profile,fuera de foco,agencia de google my business,50,10–100,baja
Servicios SEO,SEO local,SEO local y Google Business Profile,fuera de foco,agencia google my business,50,10–100,media
Servicios SEO,SEO local,SEO local y Google Business Profile,fuera de foco,agencia marketing local,50,10–100,media
Servicios SEO,SEO local,SEO local y Google Business Profile,fuera de foco,agencia posicionamiento local,50,10–100,media
Servicios SEO,SEO local,SEO local y Google Business Profile,fuera de foco,auditoria seo local,50,10–100,alta
Servicios SEO,SEO local,SEO local y Google Business Profile,fuera de foco,beneficios de google mi negocio para el seo,50,10–100,baja
Servicios SEO,SEO local,SEO local y Google Business Profile,fuera de foco,como hacer que tu local aparezca en google maps,50,10–100,alta
Servicios SEO,SEO local,SEO local y Google Business Profile,fuera de foco,como posicionar google my business,50,10–100,baja
Servicios SEO,SEO local,SEO local y Google Business Profile,fuera de foco,como posicionar mi empresa en google maps,50,10–100,
Servicios SEO,SEO local,SEO local y Google Business Profile,fuera de foco,como posicionar mi negocio en google maps,50,10–100,alta
Servicios SEO,SEO local,SEO local y Google Business Profile,fuera de foco,como posicionar un lugar en google maps,50,10–100,baja
Servicios SEO,SEO local,SEO local y Google Business Profile,fuera de foco,como posicionar un negocio en google maps,50,10–100,baja
Servicios SEO,SEO local,SEO local y Google Business Profile,fuera de foco,como posicionar una empresa en google,50,10–100,alta
Servicios SEO,SEO local,SEO local y Google Business Profile,fuera de foco,como posicionarse en google maps,50,10–100,alta
Servicios SEO,SEO local,SEO local y Google Business Profile,fuera de foco,crear ficha de google my business,50,10–100,media
Servicios SEO,SEO local,SEO local y Google Business Profile,fuera de foco,crear ficha google my business,50,10–100,media
Servicios SEO,SEO local,SEO local y Google Business Profile,fuera de foco,crear google my business,50,10–100,media
Servicios SEO,SEO local,SEO local y Google Business Profile,fuera de foco,directorios locales google,50,10–100,baja
Servicios SEO,SEO local,SEO local y Google Business Profile,fuera de foco,ejemplos de google my business,50,10–100,media
Servicios SEO,SEO local,SEO local y Google Business Profile,fuera de foco,empresa seo local,50,10–100,media
Servicios SEO,SEO local,SEO local y Google Business Profile,fuera de foco,experto en google my business,50,10–100,baja
Servicios SEO,SEO local,SEO local y Google Business Profile,fuera de foco,experto google my business,50,10–100,
Servicios SEO,SEO local,SEO local y Google Business Profile,fuera de foco,expertos google my business,50,10–100,
Servicios SEO,SEO local,SEO local y Google Business Profile,fuera de foco,ficha de empresa google,50,10–100,media
Servicios SEO,SEO local,SEO local y Google Business Profile,fuera de foco,ficha de google maps,50,10–100,media
Servicios SEO,SEO local,SEO local y Google Business Profile,fuera de foco,ficha de google mi negocio,50,10–100,media
Servicios SEO,SEO local,SEO local y Google Business Profile,fuera de foco,ficha de google my business,50,10–100,media
Servicios SEO,SEO local,SEO local y Google Business Profile,fuera de foco,ficha de negocio google,50,10–100,media
Servicios SEO,SEO local,SEO local y Google Business Profile,fuera de foco,ficha empresa google,50,10–100,media
Servicios SEO,SEO local,SEO local y Google Business Profile,fuera de foco,ficha google business,50,10–100,media
Servicios SEO,SEO local,SEO local y Google Business Profile,fuera de foco,ficha google maps,50,10–100,media
Servicios SEO,SEO local,SEO local y Google Business Profile,fuera de foco,ficha google mi negocio,50,10–100,media
Servicios SEO,SEO local,SEO local y Google Business Profile,fuera de foco,fichas de directorios locales,50,10–100,media
Servicios SEO,SEO local,SEO local y Google Business Profile,fuera de foco,fichas gratuitas google,50,10–100,baja
Servicios SEO,SEO local,SEO local y Google Business Profile,fuera de foco,gbp google,50,10–100,media
Servicios SEO,SEO local,SEO local y Google Business Profile,fuera de foco,google my business ficha,50,10–100,media
Servicios SEO,SEO local,SEO local y Google Business Profile,fuera de foco,google my business posicionamiento,50,10–100,baja
Servicios SEO,SEO local,SEO local y Google Business Profile,fuera de foco,google seo local,50,10–100,
Servicios SEO,SEO local,SEO local y Google Business Profile,fuera de foco,guia seo local,50,10–100,media
Servicios SEO,SEO local,SEO local y Google Business Profile,fuera de foco,importancia de google my business,50,10–100,baja
Servicios SEO,SEO local,SEO local y Google Business Profile,fuera de foco,local de google,50,10–100,baja
Servicios SEO,SEO local,SEO local y Google Business Profile,fuera de foco,mejorar el posicionamiento local en google,50,10–100,baja
Servicios SEO,SEO local,SEO local y Google Business Profile,fuera de foco,mejorar posicionamiento en google maps,50,10–100,baja
Servicios SEO,SEO local,SEO local y Google Business Profile,fuera de foco,mejorar posicionamiento google maps,50,10–100,
Servicios SEO,SEO local,SEO local y Google Business Profile,fuera de foco,mejorar posicionamiento google my business,50,10–100,baja
Servicios SEO,SEO local,SEO local y Google Business Profile,fuera de foco,mejorar seo local,50,10–100,media
Servicios SEO,SEO local,SEO local y Google Business Profile,fuera de foco,nap seo local,50,10–100,media
Servicios SEO,SEO local,SEO local y Google Business Profile,fuera de foco,optimizar google my business,50,10–100,alta
Servicios SEO,SEO local,SEO local y Google Business Profile,fuera de foco,palabras clave google my business,50,10–100,baja
Servicios SEO,SEO local,SEO local y Google Business Profile,fuera de foco,posicionamiento comercio local,50,10–100,baja
Servicios SEO,SEO local,SEO local y Google Business Profile,fuera de foco,posicionamiento en google maps,50,10–100,media
Servicios SEO,SEO local,SEO local y Google Business Profile,fuera de foco,posicionamiento en google my business,50,10–100,alta
Servicios SEO,SEO local,SEO local y Google Business Profile,fuera de foco,posicionamiento google local,50,10–100,baja
Servicios SEO,SEO local,SEO local y Google Business Profile,fuera de foco,posicionamiento google maps,50,10–100,alta
Servicios SEO,SEO local,SEO local y Google Business Profile,fuera de foco,posicionamiento google my business,50,10–100,baja
Servicios SEO,SEO local,SEO local y Google Business Profile,fuera de foco,posicionamiento local,50,10–100,media
Servicios SEO,SEO local,SEO local y Google Business Profile,fuera de foco,posicionamiento local en google,50,10–100,
Servicios SEO,SEO local,SEO local y Google Business Profile,fuera de foco,posicionamiento local en google maps,50,10–100,baja
Servicios SEO,SEO local,SEO local y Google Business Profile,fuera de foco,posicionamiento local seo,50,10–100,baja
Servicios SEO,SEO local,SEO local y Google Business Profile,fuera de foco,posicionamiento web local,50,10–100,baja
Servicios SEO,SEO local,SEO local y Google Business Profile,fuera de foco,posicionar empresa en google,50,10–100,
Servicios SEO,SEO local,SEO local y Google Business Profile,fuera de foco,posicionar google maps,50,10–100,alta
Servicios SEO,SEO local,SEO local y Google Business Profile,fuera de foco,posicionar google my business,50,10–100,
Servicios SEO,SEO local,SEO local y Google Business Profile,fuera de foco,posicionar mi empresa,50,10–100,baja
Servicios SEO,SEO local,SEO local y Google Business Profile,fuera de foco,posicionar mi empresa en google,50,10–100,alta
Servicios SEO,SEO local,SEO local y Google Business Profile,fuera de foco,posicionar mi negocio,50,10–100,media
Servicios SEO,SEO local,SEO local y Google Business Profile,fuera de foco,posicionar mi negocio en google,50,10–100,alta
Servicios SEO,SEO local,SEO local y Google Business Profile,fuera de foco,posicionar mi negocio en google maps,50,10–100,baja
Servicios SEO,SEO local,SEO local y Google Business Profile,fuera de foco,posicionar negocio en google,50,10–100,media
Servicios SEO,SEO local,SEO local y Google Business Profile,fuera de foco,posicionar negocio en google maps,50,10–100,alta
Servicios SEO,SEO local,SEO local y Google Business Profile,fuera de foco,posicionar tu negocio en google,50,10–100,baja
Servicios SEO,SEO local,SEO local y Google Business Profile,fuera de foco,que es seo local,50,10–100,media
Servicios SEO,SEO local,SEO local y Google Business Profile,fuera de foco,que son las etiquetas en google my business,50,10–100,baja
Servicios SEO,SEO local,SEO local y Google Business Profile,fuera de foco,schema local business,50,10–100,media
Servicios SEO,SEO local,SEO local y Google Business Profile,fuera de foco,seo en google maps,50,10–100,baja
Servicios SEO,SEO local,SEO local y Google Business Profile,fuera de foco,seo en google my business,50,10–100,media
Servicios SEO,SEO local,SEO local y Google Business Profile,fuera de foco,seo google maps,50,10–100,alta
Servicios SEO,SEO local,SEO local y Google Business Profile,fuera de foco,seo local google,50,10–100,alta
Servicios SEO,SEO local,SEO local y Google Business Profile,fuera de foco,seo local google my business,50,10–100,media
Servicios SEO,SEO local,SEO local y Google Business Profile,fuera de foco,seo local para empresas,50,10–100,media
Servicios SEO,SEO local,SEO local y Google Business Profile,fuera de foco,seo local que es,50,10–100,media
Servicios SEO,SEO local,SEO local y Google Business Profile,fuera de foco,seo local wordpress,50,10–100,baja
Servicios SEO,SEO local,SEO local y Google Business Profile,fuera de foco,seo local y google my business,50,10–100,baja
Servicios SEO,SEO local,SEO local y Google Business Profile,fuera de foco,servicio de seo local,50,10–100,media
Servicios SEO,SEO local,SEO local y Google Business Profile,fuera de foco,servicio posicionamiento local,50,10–100,baja
Servicios SEO,SEO local,SEO local y Google Business Profile,fuera de foco,wordpress local seo premium,50,10–100,
Servicios SEO,SEO local,SEO local y Google Business Profile,fuera de foco,yoast seo local,50,10–100,media
Servicios SEO,SEO por ciudad,SEO en ciudades,servicio,agencia seo ciudad real,500,100–1.000,media
Servicios SEO,SEO por ciudad,SEO en ciudades,servicio,agencias seo ciudad real,500,100–1.000,media
Servicios SEO,SEO por ciudad,SEO en ciudades,servicio,consultor seo alicante,500,100–1.000,media
Servicios SEO,SEO por ciudad,SEO en ciudades,servicio,consultor seo barcelona,500,100–1.000,media
Servicios SEO,SEO por ciudad,SEO en ciudades,servicio,consultor seo bilbao,500,100–1.000,media
Servicios SEO,SEO por ciudad,SEO en ciudades,servicio,consultor seo ciudad real,500,100–1.000,media
Servicios SEO,SEO por ciudad,SEO en ciudades,servicio,consultor seo freelance barcelona,500,100–1.000,media
Servicios SEO,SEO por ciudad,SEO en ciudades,servicio,consultor seo freelance madrid,500,100–1.000,media
Servicios SEO,SEO por ciudad,SEO en ciudades,servicio,consultor seo madrid,500,100–1.000,media
Servicios SEO,SEO por ciudad,SEO en ciudades,servicio,consultor seo malaga,500,100–1.000,media
Servicios SEO,SEO por ciudad,SEO en ciudades,servicio,consultor seo mallorca,500,100–1.000,media
Servicios SEO,SEO por ciudad,SEO en ciudades,servicio,consultor seo sevilla,500,100–1.000,media
Servicios SEO,SEO por ciudad,SEO en ciudades,servicio,consultor seo valencia,500,100–1.000,media
Servicios SEO,SEO por ciudad,SEO en ciudades,servicio,consultor seo zaragoza,500,100–1.000,media
Servicios SEO,SEO por ciudad,SEO en ciudades,servicio,consultora seo alicante,500,100–1.000,media
Servicios SEO,SEO por ciudad,SEO en ciudades,servicio,consultora seo madrid,500,100–1.000,media
Servicios SEO,SEO por ciudad,SEO en ciudades,servicio,consultoria seo barcelona,500,100–1.000,media
Servicios SEO,SEO por ciudad,SEO en ciudades,servicio,consultoria seo zaragoza,500,100–1.000,media
Servicios SEO,SEO por ciudad,SEO en ciudades,servicio,experto seo barcelona,500,100–1.000,media
Servicios SEO,SEO por ciudad,SEO en ciudades,servicio,experto seo madrid,500,100–1.000,media
Servicios SEO,SEO por ciudad,SEO en ciudades,servicio,experto seo sevilla,500,100–1.000,media
Servicios SEO,SEO por ciudad,SEO en ciudades,servicio,experto seo valencia,500,100–1.000,media
Servicios SEO,SEO por ciudad,SEO en ciudades,servicio,expertos seo valencia,500,100–1.000,media
Servicios SEO,SEO por ciudad,SEO en ciudades,servicio,posicionamiento web sabadell,500,100–1.000,media
Servicios SEO,SEO por ciudad,SEO en ciudades,servicio,seo freelance madrid,500,100–1.000,media
Servicios SEO,SEO por ciudad,SEO en ciudades,servicio,seomadrid,500,100–1.000,alta
Servicios SEO,SEO por ciudad,SEO en ciudades,servicio,agencia de posicionamiento seo en san sebastián,50,10–100,baja
Servicios SEO,SEO por ciudad,SEO en ciudades,servicio,agencia de posicionamiento seo san sebastián,50,10–100,baja
Servicios SEO,SEO por ciudad,SEO en ciudades,servicio,agencia de seo en las palmas de gran canaria,50,10–100,baja
Servicios SEO,SEO por ciudad,SEO en ciudades,servicio,agencia de seo en san sebastián,50,10–100,baja
Servicios SEO,SEO por ciudad,SEO en ciudades,servicio,agencia de seo fuenlabrada,50,10–100,baja
Servicios SEO,SEO por ciudad,SEO en ciudades,servicio,agencia de seo online fuenlabrada,50,10–100,baja
Servicios SEO,SEO por ciudad,SEO en ciudades,servicio,agencia de seo san sebastián,50,10–100,baja
Servicios SEO,SEO por ciudad,SEO en ciudades,servicio,agencia posicionamiento seo en san sebastián,50,10–100,baja
Servicios SEO,SEO por ciudad,SEO en ciudades,servicio,agencia posicionamiento seo san sebastián,50,10–100,baja
Servicios SEO,SEO por ciudad,SEO en ciudades,servicio,agencia sem san sebastian,50,10–100,baja
Servicios SEO,SEO por ciudad,SEO en ciudades,servicio,agencia seo en ciudad real,50,10–100,media
Servicios SEO,SEO por ciudad,SEO en ciudades,servicio,agencia seo en san sebastián,50,10–100,media
Servicios SEO,SEO por ciudad,SEO en ciudades,servicio,agencia seo fuenlabrada,50,10–100,baja
Servicios SEO,SEO por ciudad,SEO en ciudades,servicio,agencia seo las palmas de gran canaria,50,10–100,media
Servicios SEO,SEO por ciudad,SEO en ciudades,servicio,agencia seo online fuenlabrada,50,10–100,baja
Servicios SEO,SEO por ciudad,SEO en ciudades,servicio,agencia seo san sebastian,50,10–100,media
Servicios SEO,SEO por ciudad,SEO en ciudades,servicio,asesor seo valencia,50,10–100,baja
Servicios SEO,SEO por ciudad,SEO en ciudades,servicio,asesoria seo madrid,50,10–100,media
Servicios SEO,SEO por ciudad,SEO en ciudades,servicio,consultor de seo en valencia,50,10–100,baja
Servicios SEO,SEO por ciudad,SEO en ciudades,servicio,consultor posicionamiento alicante,50,10–100,baja
Servicios SEO,SEO por ciudad,SEO en ciudades,servicio,consultor posicionamiento web madrid,50,10–100,baja
Servicios SEO,SEO por ciudad,SEO en ciudades,servicio,consultor ppc madrid,50,10–100,baja
Servicios SEO,SEO por ciudad,SEO en ciudades,servicio,consultor sem alicante,50,10–100,baja
Servicios SEO,SEO por ciudad,SEO en ciudades,servicio,consultor sem barcelona,50,10–100,media
Servicios SEO,SEO por ciudad,SEO en ciudades,servicio,consultor sem mallorca,50,10–100,baja
Servicios SEO,SEO por ciudad,SEO en ciudades,servicio,consultor seo alcobendas,50,10–100,media
Servicios SEO,SEO por ciudad,SEO en ciudades,servicio,consultor seo alfafar,50,10–100,baja
Servicios SEO,SEO por ciudad,SEO en ciudades,servicio,consultor seo caldes de montbui,50,10–100,baja
Servicios SEO,SEO por ciudad,SEO en ciudades,servicio,consultor seo colmenar viejo,50,10–100,media
Servicios SEO,SEO por ciudad,SEO en ciudades,servicio,consultor seo coslada,50,10–100,baja
Servicios SEO,SEO por ciudad,SEO en ciudades,servicio,consultor seo en alicante,50,10–100,media
Servicios SEO,SEO por ciudad,SEO en ciudades,servicio,consultor seo en barcelona,50,10–100,media
Servicios SEO,SEO por ciudad,SEO en ciudades,servicio,consultor seo en bilbao,50,10–100,baja
Servicios SEO,SEO por ciudad,SEO en ciudades,servicio,consultor seo en coslada,50,10–100,baja
Servicios SEO,SEO por ciudad,SEO en ciudades,servicio,consultor seo en madrid,50,10–100,media
Servicios SEO,SEO por ciudad,SEO en ciudades,servicio,consultor seo en malaga,50,10–100,media
Servicios SEO,SEO por ciudad,SEO en ciudades,servicio,consultor seo en mallorca,50,10–100,media
Servicios SEO,SEO por ciudad,SEO en ciudades,servicio,consultor seo en murcia,50,10–100,media
Servicios SEO,SEO por ciudad,SEO en ciudades,servicio,consultor seo en sevilla,50,10–100,media
Servicios SEO,SEO por ciudad,SEO en ciudades,servicio,consultor seo en valencia,50,10–100,media
Servicios SEO,SEO por ciudad,SEO en ciudades,servicio,consultor seo en zaragoza,50,10–100,media
Servicios SEO,SEO por ciudad,SEO en ciudades,servicio,consultor seo freelance sevilla,50,10–100,media
Servicios SEO,SEO por ciudad,SEO en ciudades,servicio,consultor seo freelance valencia,50,10–100,media
Servicios SEO,SEO por ciudad,SEO en ciudades,servicio,consultor seo fuenlabrada,50,10–100,media
Servicios SEO,SEO por ciudad,SEO en ciudades,servicio,consultor seo leganes,50,10–100,media
Servicios SEO,SEO por ciudad,SEO en ciudades,servicio,consultor seo murcia,50,10–100,media
Servicios SEO,SEO por ciudad,SEO en ciudades,servicio,consultor seo málaga,50,10–100,media
Servicios SEO,SEO por ciudad,SEO en ciudades,servicio,consultor seo palma de mallorca,50,10–100,media
Servicios SEO,SEO por ciudad,SEO en ciudades,servicio,consultor seo san sebastian de los reyes,50,10–100,baja
Servicios SEO,SEO por ciudad,SEO en ciudades,servicio,consultor seo sem madrid,50,10–100,baja
Servicios SEO,SEO por ciudad,SEO en ciudades,servicio,consultor web valencia,50,10–100,media
Servicios SEO,SEO por ciudad,SEO en ciudades,servicio,consultora posicionamiento madrid,50,10–100,baja
Servicios SEO,SEO por ciudad,SEO en ciudades,servicio,consultoria posicionamiento madrid,50,10–100,media
Servicios SEO,SEO por ciudad,SEO en ciudades,servicio,consultoria posicionamiento web madrid,50,10–100,baja
Servicios SEO,SEO por ciudad,SEO en ciudades,servicio,consultoria seo colmenar viejo,50,10–100,media
Servicios SEO,SEO por ciudad,SEO en ciudades,servicio,consultoria seo en valencia,50,10–100,baja
Servicios SEO,SEO por ciudad,SEO en ciudades,servicio,consultoria seo malaga,50,10–100,baja
Servicios SEO,SEO por ciudad,SEO en ciudades,servicio,consultoria seo sevilla,50,10–100,media
Servicios SEO,SEO por ciudad,SEO en ciudades,servicio,empresa posicionamiento seo ciudad real,50,10–100,baja
Servicios SEO,SEO por ciudad,SEO en ciudades,servicio,empresa posicionamiento web ciudad real,50,10–100,baja
Servicios SEO,SEO por ciudad,SEO en ciudades,servicio,empresa posicionamiento web sabadell,50,10–100,baja
Servicios SEO,SEO por ciudad,SEO en ciudades,servicio,especialista seo madrid,50,10–100,alta
Servicios SEO,SEO por ciudad,SEO en ciudades,servicio,especialista seo sevilla,50,10–100,media
Servicios SEO,SEO por ciudad,SEO en ciudades,servicio,especialista seo valencia,50,10–100,media
Servicios SEO,SEO por ciudad,SEO en ciudades,servicio,experto posicionamiento en valencia,50,10–100,media
Servicios SEO,SEO por ciudad,SEO en ciudades,servicio,experto seo en barcelona,50,10–100,baja
Servicios SEO,SEO por ciudad,SEO en ciudades,servicio,experto seo en madrid,50,10–100,media
Servicios SEO,SEO por ciudad,SEO en ciudades,servicio,experto seo en valencia,50,10–100,media
Servicios SEO,SEO por ciudad,SEO en ciudades,servicio,experto seo madrid madrid,50,10–100,baja
Servicios SEO,SEO por ciudad,SEO en ciudades,servicio,experto seo murcia,50,10–100,baja
Servicios SEO,SEO por ciudad,SEO en ciudades,servicio,expertos en posicionamiento web sabadell,50,10–100,baja
Servicios SEO,SEO por ciudad,SEO en ciudades,servicio,expertos en seo valencia,50,10–100,baja
Servicios SEO,SEO por ciudad,SEO en ciudades,servicio,freelance seo barcelona,50,10–100,media
Servicios SEO,SEO por ciudad,SEO en ciudades,servicio,freelance seo madrid,50,10–100,
Servicios SEO,SEO por ciudad,SEO en ciudades,servicio,freelance seo murcia,50,10–100,baja
Servicios SEO,SEO por ciudad,SEO en ciudades,servicio,freelance seo sevilla,50,10–100,baja
Servicios SEO,SEO por ciudad,SEO en ciudades,servicio,luis salazar jurado consultor seo madrid,50,10–100,baja
Servicios SEO,SEO por ciudad,SEO en ciudades,servicio,posicionamiento en ciudad real,50,10–100,baja
Servicios SEO,SEO por ciudad,SEO en ciudades,servicio,posicionamiento seo caldes de montbui,50,10–100,baja
Servicios SEO,SEO por ciudad,SEO en ciudades,servicio,posicionamiento seo ciudad real,50,10–100,media
Servicios SEO,SEO por ciudad,SEO en ciudades,servicio,posicionamiento seo colmenar viejo,50,10–100,media
Servicios SEO,SEO por ciudad,SEO en ciudades,servicio,posicionamiento seo en ciudad real,50,10–100,media
Servicios SEO,SEO por ciudad,SEO en ciudades,servicio,posicionamiento seo en colmenar viejo,50,10–100,media
Servicios SEO,SEO por ciudad,SEO en ciudades,servicio,posicionamiento seo en san sebastián,50,10–100,baja
Servicios SEO,SEO por ciudad,SEO en ciudades,servicio,posicionamiento seo fuenlabrada,50,10–100,media
Servicios SEO,SEO por ciudad,SEO en ciudades,servicio,posicionamiento seo san sebastian,50,10–100,baja
Servicios SEO,SEO por ciudad,SEO en ciudades,servicio,posicionamiento seo san sebastian de los reyes,50,10–100,baja
Servicios SEO,SEO por ciudad,SEO en ciudades,servicio,posicionamiento seo san sebastián,50,10–100,baja
Servicios SEO,SEO por ciudad,SEO en ciudades,servicio,posicionamiento seo santander,50,10–100,media
Servicios SEO,SEO por ciudad,SEO en ciudades,servicio,posicionamiento web ciudad real,50,10–100,baja
Servicios SEO,SEO por ciudad,SEO en ciudades,servicio,posicionamiento web colmenar viejo,50,10–100,media
Servicios SEO,SEO por ciudad,SEO en ciudades,servicio,posicionamiento web en ciudad real,50,10–100,baja
Servicios SEO,SEO por ciudad,SEO en ciudades,servicio,posicionamiento web en colmenar viejo,50,10–100,media
Servicios SEO,SEO por ciudad,SEO en ciudades,servicio,posicionamiento web fuenlabrada,50,10–100,baja
Servicios SEO,SEO por ciudad,SEO en ciudades,servicio,posicionamiento web las palmas de gran canaria,50,10–100,baja
Servicios SEO,SEO por ciudad,SEO en ciudades,servicio,posicionamiento web san sebastian,50,10–100,media
Servicios SEO,SEO por ciudad,SEO en ciudades,servicio,posicionamiento web san sebastian de los reyes,50,10–100,baja
Servicios SEO,SEO por ciudad,SEO en ciudades,servicio,presupuesto seo leon,50,10–100,baja
Servicios SEO,SEO por ciudad,SEO en ciudades,servicio,seo en ciudad real,50,10–100,baja
Servicios SEO,SEO por ciudad,SEO en ciudades,servicio,seo en san sebastian,50,10–100,baja
Servicios SEO,SEO por ciudad,SEO en ciudades,servicio,seo en san sebastián,50,10–100,baja
Servicios SEO,SEO por ciudad,SEO en ciudades,servicio,seo freelance valencia,50,10–100,media
Servicios SEO,SEO por ciudad,SEO en ciudades,servicio,seo san sebastian,50,10–100,media
Servicios SEO,SEO por ciudad,SEO en ciudades,servicio,seo san sebastian de los reyes,50,10–100,baja
Servicios SEO,SEO por ciudad,SEO en ciudades,servicio,seo san sebastián,50,10–100,baja
Servicios SEO,SEO por ciudad,SEO en ciudades,servicio,seo web barcelona,50,10–100,media
Servicios SEO,SEO por ciudad,SEO en ciudades,servicio,seobadajoz,50,10–100,alta
Servicios SEO,SEO por ciudad,SEO en ciudades,servicio,seogalicia,50,10–100,media
Servicios SEO,SEO por sector,SEO para sectores,servicio,seo b2b,500,100–1.000,media
Servicios SEO,SEO por sector,SEO para sectores,servicio,seo para abogados,500,100–1.000,media
Servicios SEO,SEO por sector,SEO para sectores,servicio,seo para clínicas dentales,500,100–1.000,media
Servicios SEO,SEO por sector,SEO para sectores,servicio,seo para dentistas,500,100–1.000,media
Servicios SEO,SEO por sector,SEO para sectores,servicio,seo para hoteles,500,100–1.000,media
Servicios SEO,SEO por sector,SEO para sectores,servicio,seo para inmobiliarias,500,100–1.000,media
Servicios SEO,SEO por sector,SEO para sectores,servicio,seo para pymes,500,100–1.000,media
Servicios SEO,SEO por sector,SEO para sectores,servicio,seo para restaurantes,500,100–1.000,media
Servicios SEO,SEO por sector,SEO para sectores,servicio,seo para startups,500,100–1.000,media
Servicios SEO,SEO por sector,SEO para sectores,servicio,agencia de seo para pymes,50,10–100,baja
Servicios SEO,SEO por sector,SEO para sectores,servicio,agencia seo abogados,50,10–100,media
Servicios SEO,SEO por sector,SEO para sectores,servicio,agencia seo para pymes,50,10–100,alta
Servicios SEO,SEO por sector,SEO para sectores,servicio,marketing saas seo,50,10–100,baja
Servicios SEO,SEO por sector,SEO para sectores,servicio,posicionamiento de restaurantes,50,10–100,baja
Servicios SEO,SEO por sector,SEO para sectores,servicio,posicionamiento seo abogados,50,10–100,media
Servicios SEO,SEO por sector,SEO para sectores,servicio,posicionamiento seo hoteles,50,10–100,baja
Servicios SEO,SEO por sector,SEO para sectores,servicio,posicionamiento seo inmobiliarias,50,10–100,media
Servicios SEO,SEO por sector,SEO para sectores,servicio,posicionamiento seo para pymes,50,10–100,media
Servicios SEO,SEO por sector,SEO para sectores,servicio,posicionamiento web abogados,50,10–100,baja
Servicios SEO,SEO por sector,SEO para sectores,servicio,posicionamiento web clinicas,50,10–100,alta
Servicios SEO,SEO por sector,SEO para sectores,servicio,posicionamiento web hoteles,50,10–100,media
Servicios SEO,SEO por sector,SEO para sectores,servicio,posicionamiento web inmobiliaria,50,10–100,media
Servicios SEO,SEO por sector,SEO para sectores,servicio,posicionamiento web inmobiliarias,50,10–100,media
Servicios SEO,SEO por sector,SEO para sectores,servicio,posicionamiento web para inmobiliarias,50,10–100,baja
Servicios SEO,SEO por sector,SEO para sectores,servicio,posicionamiento web para medicos,50,10–100,baja
Servicios SEO,SEO por sector,SEO para sectores,servicio,posicionamiento web para pymes,50,10–100,media
Servicios SEO,SEO por sector,SEO para sectores,servicio,posicionamiento web pymes,50,10–100,baja
Servicios SEO,SEO por sector,SEO para sectores,servicio,posicionar negocios locales en google my business,50,10–100,baja
Servicios SEO,SEO por sector,SEO para sectores,servicio,posicionar web inmobiliaria,50,10–100,media
Servicios SEO,SEO por sector,SEO para sectores,servicio,seo abogados,50,10–100,alta
Servicios SEO,SEO por sector,SEO para sectores,servicio,seo autonomos,50,10–100,baja
Servicios SEO,SEO por sector,SEO para sectores,servicio,seo inmobiliaria,50,10–100,alta
Servicios SEO,SEO por sector,SEO para sectores,servicio,seo inmobiliario,50,10–100,media
Servicios SEO,SEO por sector,SEO para sectores,servicio,seo local para hoteles,50,10–100,media
Servicios SEO,SEO por sector,SEO para sectores,servicio,seo marketing b2b,50,10–100,baja
Servicios SEO,SEO por sector,SEO para sectores,servicio,seo para agencias inmobiliarias,50,10–100,media
Servicios SEO,SEO por sector,SEO para sectores,servicio,seo para artistas,50,10–100,
Servicios SEO,SEO por sector,SEO para sectores,servicio,seo para autonomos,50,10–100,media
Servicios SEO,SEO por sector,SEO para sectores,servicio,seo para b2b,50,10–100,media
Servicios SEO,SEO por sector,SEO para sectores,servicio,seo para clinicas,50,10–100,media
Servicios SEO,SEO por sector,SEO para sectores,servicio,seo para clínicas,50,10–100,media
Servicios SEO,SEO por sector,SEO para sectores,servicio,seo para constructoras,50,10–100,alta
Servicios SEO,SEO por sector,SEO para sectores,servicio,seo para emprendedores,50,10–100,alta
Servicios SEO,SEO por sector,SEO para sectores,servicio,seo para medios,50,10–100,media
Servicios SEO,SEO por sector,SEO para sectores,servicio,seo para negocios,50,10–100,media
Servicios SEO,SEO por sector,SEO para sectores,servicio,seo para saas,50,10–100,media
Servicios SEO,SEO por sector,SEO para sectores,servicio,seo para start up,50,10–100,media
Servicios SEO,SEO por sector,SEO para sectores,servicio,seo pymes,50,10–100,media
Servicios SEO,SEO por sector,SEO para sectores,servicio,seo saas,50,10–100,media
Servicios SEO,SEO por sector,SEO para sectores,servicio,seo sostenible para pymes,50,10–100,baja
Servicios SEO,SEO por sector,SEO para sectores,servicio,seo para negocios locales,0,<10,baja
Sin clasificar,-,-,fuera de foco,openai ejemplos,50,10–100,
